# Shortest-path closure of Table 5 of Liu et al. (2022), metres, row = from, column = to (CC BY; see README)
from/to,stockyard No.1,stockyard No.2,stockyard No.3,stockyard No.4,stockyard No.5,Pre-treatment center,Pre-outfitting center,Coating center
stockyard No.1,0,295,680,520,680,40,225,610
stockyard No.2,295,0,525,425,545,255,70,455
stockyard No.3,680,525,0,160,160,640,455,70
stockyard No.4,520,425,160,0,160,480,355,90
stockyard No.5,680,585,200,160,0,640,515,130
Pre-treatment center,40,255,640,480,640,0,185,570
Pre-outfitting center,225,70,455,355,475,185,0,385
Coating center,610,455,70,90,90,570,385,0
