series,cell,family,K_star,P_same,P_lower,P_higher,lower_trunc,upper_trunc,dist
jiang_short_baseline_200,jiang_short_baseline,200,9,1.0,0.0,0.0,0,0,9:2000
jiang_short_baseline_250,jiang_short_baseline,250,7,0.979,0.0,0.021,0,42,7:1958 8:42
jiang_short_baseline_270,jiang_short_baseline,270,7,1.0,0.0,0.0,0,0,7:2000
jiang_short_baseline_300,jiang_short_baseline,300,6,0.9995,0.0005,0.0,1,0,5:1 6:1999
jiang_short_baseline_325,jiang_short_baseline,325,6,0.798,0.202,0.0,404,0,5:404 6:1596
jiang_short_baseline_380,jiang_short_baseline,380,5,1.0,0.0,0.0,0,0,5:2000
jiang_short_baseline_425,jiang_short_baseline,425,5,1.0,0.0,0.0,0,0,5:2000
jiang_short_baseline_500,jiang_short_baseline,500,5,1.0,0.0,0.0,0,0,5:2000
jiang_short_baseline_550,jiang_short_baseline,550,5,1.0,0.0,0.0,0,0,5:2000
jiang_short_baseline_MX1,jiang_short_baseline,MX1,5,0.968,0.0,0.032,0,0,5:1936 6:64
jiang_short_baseline_MX2,jiang_short_baseline,MX2,5,1.0,0.0,0.0,0,0,5:2000
jiang_short_tight_200,jiang_short_tight,200,10,0.924,0.076,0.0,152,0,9:152 10:1848
jiang_short_tight_250,jiang_short_tight,250,8,0.9985,0.0015,0.0,3,0,7:3 8:1997
jiang_short_tight_270,jiang_short_tight,270,7,0.9495,0.0,0.0505,0,0,7:1899 8:101
jiang_short_tight_300,jiang_short_tight,300,6,1.0,0.0,0.0,0,0,6:2000
jiang_short_tight_325,jiang_short_tight,325,6,1.0,0.0,0.0,0,0,6:2000
jiang_short_tight_380,jiang_short_tight,380,6,0.48,0.52,0.0,0,0,5:1040 6:960
jiang_short_tight_425,jiang_short_tight,425,5,1.0,0.0,0.0,0,0,5:2000
jiang_short_tight_500,jiang_short_tight,500,5,1.0,0.0,0.0,0,0,5:2000
jiang_short_tight_550,jiang_short_tight,550,5,1.0,0.0,0.0,0,0,5:2000
jiang_short_tight_MX1,jiang_short_tight,MX1,6,0.999,0.001,0.0,2,0,5:2 6:1998
jiang_short_tight_MX2,jiang_short_tight,MX2,5,1.0,0.0,0.0,0,0,5:2000
jiang_massdep_baseline_200,jiang_massdep_baseline,200,13,0.999,0.0,0.001,0,2,13:1998 14:2
jiang_massdep_baseline_250,jiang_massdep_baseline,250,11,0.8715,0.1285,0.0,257,0,10:257 11:1743
jiang_massdep_baseline_270,jiang_massdep_baseline,270,10,0.9995,0.0005,0.0,1,0,9:1 10:1999
jiang_massdep_baseline_300,jiang_massdep_baseline,300,9,0.702,0.298,0.0,0,0,8:596 9:1404
jiang_massdep_baseline_325,jiang_massdep_baseline,325,8,0.999,0.0,0.001,0,2,8:1998 9:2
jiang_massdep_baseline_380,jiang_massdep_baseline,380,8,0.826,0.174,0.0,348,0,7:348 8:1652
jiang_massdep_baseline_425,jiang_massdep_baseline,425,7,1.0,0.0,0.0,0,0,7:2000
jiang_massdep_baseline_500,jiang_massdep_baseline,500,7,1.0,0.0,0.0,0,0,7:2000
jiang_massdep_baseline_550,jiang_massdep_baseline,550,7,1.0,0.0,0.0,0,0,7:2000
jiang_massdep_baseline_MX1,jiang_massdep_baseline,MX1,9,0.9805,0.0195,0.0,39,0,8:39 9:1961
jiang_massdep_baseline_MX2,jiang_massdep_baseline,MX2,8,0.739,0.261,0.0,0,0,7:522 8:1478
jiang_massdep_tight_200,jiang_massdep_tight,200,15,0.9045,0.0955,0.0,191,0,14:191 15:1809
jiang_massdep_tight_250,jiang_massdep_tight,250,12,0.99,0.01,0.0,20,0,11:20 12:1980
jiang_massdep_tight_270,jiang_massdep_tight,270,11,0.9475,0.0005,0.052,1,104,10:1 11:1895 12:104
jiang_massdep_tight_300,jiang_massdep_tight,300,9,0.9325,0.0,0.0675,0,135,9:1865 10:135
jiang_massdep_tight_325,jiang_massdep_tight,325,9,0.985,0.015,0.0,30,0,8:30 9:1970
jiang_massdep_tight_380,jiang_massdep_tight,380,8,0.986,0.0,0.014,0,28,8:1972 9:28
jiang_massdep_tight_425,jiang_massdep_tight,425,7,0.6235,0.0,0.3765,0,0,7:1247 8:753
jiang_massdep_tight_500,jiang_massdep_tight,500,7,1.0,0.0,0.0,0,0,7:2000
jiang_massdep_tight_550,jiang_massdep_tight,550,7,1.0,0.0,0.0,0,0,7:2000
jiang_massdep_tight_MX1,jiang_massdep_tight,MX1,10,0.962,0.038,0.0,76,0,9:76 10:1924
jiang_massdep_tight_MX2,jiang_massdep_tight,MX2,8,0.5215,0.0,0.4785,0,0,8:1043 9:957
jiang_long_baseline_200,jiang_long_baseline,200,15,1.0,0.0,0.0,0,0,15:2000
jiang_long_baseline_250,jiang_long_baseline,250,12,0.627,0.0,0.373,0,0,12:1254 13:746
jiang_long_baseline_270,jiang_long_baseline,270,12,0.8995,0.1005,0.0,201,0,11:201 12:1799
jiang_long_baseline_300,jiang_long_baseline,300,10,1.0,0.0,0.0,0,0,10:2000
jiang_long_baseline_325,jiang_long_baseline,325,10,0.8155,0.1845,0.0,369,0,9:369 10:1631
jiang_long_baseline_380,jiang_long_baseline,380,9,1.0,0.0,0.0,0,0,9:2000
jiang_long_baseline_425,jiang_long_baseline,425,8,0.74,0.0,0.26,0,0,8:1480 9:520
jiang_long_baseline_500,jiang_long_baseline,500,8,1.0,0.0,0.0,0,0,8:2000
jiang_long_baseline_550,jiang_long_baseline,550,8,1.0,0.0,0.0,0,0,8:2000
jiang_long_baseline_MX1,jiang_long_baseline,MX1,10,0.636,0.0,0.364,0,0,10:1272 11:728
jiang_long_baseline_MX2,jiang_long_baseline,MX2,9,0.937,0.0,0.063,0,0,9:1874 10:126
jiang_long_tight_200,jiang_long_tight,200,18,0.9975,0.002,0.0005,4,1,17:4 18:1995 19:1
jiang_long_tight_250,jiang_long_tight,250,15,0.7465,0.2535,0.0,507,0,14:507 15:1493
jiang_long_tight_270,jiang_long_tight,270,14,0.833,0.167,0.0,334,0,13:334 14:1666
jiang_long_tight_300,jiang_long_tight,300,11,0.7255,0.0,0.2745,0,0,11:1451 12:549
jiang_long_tight_325,jiang_long_tight,325,11,1.0,0.0,0.0,0,0,11:2000
jiang_long_tight_380,jiang_long_tight,380,10,0.852,0.0,0.148,0,0,10:1704 11:296
jiang_long_tight_425,jiang_long_tight,425,10,0.8365,0.1635,0.0,327,0,9:327 10:1673
jiang_long_tight_500,jiang_long_tight,500,9,0.8505,0.0,0.1495,0,0,9:1701 10:299
jiang_long_tight_550,jiang_long_tight,550,9,0.8505,0.0,0.1495,0,0,9:1701 10:299
jiang_long_tight_MX1,jiang_long_tight,MX1,12,0.8175,0.0005,0.182,1,0,11:1 12:1635 13:364
jiang_long_tight_MX2,jiang_long_tight,MX2,11,0.994,0.0035,0.0025,7,0,10:7 11:1988 12:5
lightskew_short_baseline_200,lightskew_short_baseline,200,9,1.0,0.0,0.0,0,0,9:2000
lightskew_short_baseline_250,lightskew_short_baseline,250,7,1.0,0.0,0.0,0,0,7:2000
lightskew_short_baseline_270,lightskew_short_baseline,270,6,0.5205,0.0,0.4795,0,0,6:1041 7:959
lightskew_short_baseline_300,lightskew_short_baseline,300,6,0.6535,0.3465,0.0,693,0,5:693 6:1307
lightskew_short_baseline_325,lightskew_short_baseline,325,5,0.8035,0.0,0.1965,0,0,5:1607 6:393
lightskew_short_baseline_380,lightskew_short_baseline,380,5,1.0,0.0,0.0,0,0,5:2000
lightskew_short_baseline_425,lightskew_short_baseline,425,5,1.0,0.0,0.0,0,0,5:2000
lightskew_short_baseline_500,lightskew_short_baseline,500,5,1.0,0.0,0.0,0,0,5:2000
lightskew_short_baseline_550,lightskew_short_baseline,550,5,1.0,0.0,0.0,0,0,5:2000
lightskew_short_baseline_MX1,lightskew_short_baseline,MX1,5,1.0,0.0,0.0,0,0,5:2000
lightskew_short_baseline_MX2,lightskew_short_baseline,MX2,5,1.0,0.0,0.0,0,0,5:2000
lightskew_short_tight_200,lightskew_short_tight,200,10,0.5605,0.4395,0.0,879,0,9:879 10:1121
lightskew_short_tight_250,lightskew_short_tight,250,8,0.831,0.169,0.0,338,0,7:338 8:1662
lightskew_short_tight_270,lightskew_short_tight,270,7,1.0,0.0,0.0,0,0,7:2000
lightskew_short_tight_300,lightskew_short_tight,300,6,0.9995,0.0,0.0005,0,1,6:1999 7:1
lightskew_short_tight_325,lightskew_short_tight,325,6,0.998,0.002,0.0,4,0,5:4 6:1996
lightskew_short_tight_380,lightskew_short_tight,380,5,0.6375,0.0,0.3625,0,0,5:1275 6:725
lightskew_short_tight_425,lightskew_short_tight,425,5,0.998,0.0,0.002,0,4,5:1996 6:4
lightskew_short_tight_500,lightskew_short_tight,500,5,1.0,0.0,0.0,0,0,5:2000
lightskew_short_tight_550,lightskew_short_tight,550,5,1.0,0.0,0.0,0,0,5:2000
lightskew_short_tight_MX1,lightskew_short_tight,MX1,5,0.5615,0.0,0.4385,0,0,5:1123 6:877
lightskew_short_tight_MX2,lightskew_short_tight,MX2,5,1.0,0.0,0.0,0,0,5:2000
lightskew_massdep_baseline_200,lightskew_massdep_baseline,200,13,0.9785,0.0,0.0215,0,0,13:1957 14:43
lightskew_massdep_baseline_250,lightskew_massdep_baseline,250,11,0.706,0.294,0.0,588,0,10:588 11:1412
lightskew_massdep_baseline_270,lightskew_massdep_baseline,270,10,0.931,0.069,0.0,138,0,9:138 10:1862
lightskew_massdep_baseline_300,lightskew_massdep_baseline,300,9,0.6535,0.3465,0.0,0,0,8:693 9:1307
lightskew_massdep_baseline_325,lightskew_massdep_baseline,325,8,0.998,0.0,0.002,0,4,8:1996 9:4
lightskew_massdep_baseline_380,lightskew_massdep_baseline,380,8,0.99,0.01,0.0,20,0,7:20 8:1980
lightskew_massdep_baseline_425,lightskew_massdep_baseline,425,7,0.8125,0.0,0.1875,0,0,7:1625 8:375
lightskew_massdep_baseline_500,lightskew_massdep_baseline,500,7,1.0,0.0,0.0,0,0,7:2000
lightskew_massdep_baseline_550,lightskew_massdep_baseline,550,7,1.0,0.0,0.0,0,0,7:2000
lightskew_massdep_baseline_MX1,lightskew_massdep_baseline,MX1,8,0.598,0.0,0.402,0,0,8:1196 9:804
lightskew_massdep_baseline_MX2,lightskew_massdep_baseline,MX2,7,0.853,0.0,0.147,0,0,7:1706 8:294
lightskew_massdep_tight_200,lightskew_massdep_tight,200,15,0.9715,0.025,0.0035,50,7,14:50 15:1943 16:7
lightskew_massdep_tight_250,lightskew_massdep_tight,250,12,0.8845,0.1155,0.0,231,0,11:231 12:1769
lightskew_massdep_tight_270,lightskew_massdep_tight,270,11,0.741,0.259,0.0,518,0,10:518 11:1482
lightskew_massdep_tight_300,lightskew_massdep_tight,300,9,0.9375,0.0015,0.061,3,122,8:3 9:1875 10:122
lightskew_massdep_tight_325,lightskew_massdep_tight,325,9,0.9145,0.0855,0.0,171,0,8:171 9:1829
lightskew_massdep_tight_380,lightskew_massdep_tight,380,8,0.892,0.0,0.108,0,0,8:1784 9:216
lightskew_massdep_tight_425,lightskew_massdep_tight,425,8,1.0,0.0,0.0,0,0,8:2000
lightskew_massdep_tight_500,lightskew_massdep_tight,500,7,0.994,0.0,0.006,0,0,7:1988 8:12
lightskew_massdep_tight_550,lightskew_massdep_tight,550,7,0.994,0.0,0.006,0,0,7:1988 8:12
lightskew_massdep_tight_MX1,lightskew_massdep_tight,MX1,9,0.6755,0.0,0.3245,0,0,9:1351 10:649
lightskew_massdep_tight_MX2,lightskew_massdep_tight,MX2,8,0.996,0.0,0.004,0,0,8:1992 9:8
lightskew_long_baseline_200,lightskew_long_baseline,200,15,1.0,0.0,0.0,0,0,15:2000
lightskew_long_baseline_250,lightskew_long_baseline,250,12,1.0,0.0,0.0,0,0,12:2000
lightskew_long_baseline_270,lightskew_long_baseline,270,11,0.999,0.0,0.001,0,2,11:1998 12:2
lightskew_long_baseline_300,lightskew_long_baseline,300,10,0.6695,0.3305,0.0,661,0,9:661 10:1339
lightskew_long_baseline_325,lightskew_long_baseline,325,9,0.969,0.0,0.031,0,62,9:1938 10:62
lightskew_long_baseline_380,lightskew_long_baseline,380,9,1.0,0.0,0.0,0,0,9:2000
lightskew_long_baseline_425,lightskew_long_baseline,425,9,0.993,0.007,0.0,14,0,8:14 9:1986
lightskew_long_baseline_500,lightskew_long_baseline,500,8,1.0,0.0,0.0,0,0,8:2000
lightskew_long_baseline_550,lightskew_long_baseline,550,8,1.0,0.0,0.0,0,0,8:2000
lightskew_long_baseline_MX1,lightskew_long_baseline,MX1,10,1.0,0.0,0.0,0,0,10:2000
lightskew_long_baseline_MX2,lightskew_long_baseline,MX2,9,0.996,0.004,0.0,8,0,8:8 9:1992
lightskew_long_tight_200,lightskew_long_tight,200,18,0.8125,0.1875,0.0,375,0,17:375 18:1625
lightskew_long_tight_250,lightskew_long_tight,250,14,0.992,0.0,0.008,0,16,14:1984 15:16
lightskew_long_tight_270,lightskew_long_tight,270,13,0.99,0.01,0.0,20,0,12:20 13:1980
lightskew_long_tight_300,lightskew_long_tight,300,11,0.9905,0.0065,0.003,13,6,10:13 11:1981 12:6
lightskew_long_tight_325,lightskew_long_tight,325,11,0.859,0.141,0.0,282,0,10:282 11:1718
lightskew_long_tight_380,lightskew_long_tight,380,10,0.9385,0.0,0.0615,0,0,10:1877 11:123
lightskew_long_tight_425,lightskew_long_tight,425,10,1.0,0.0,0.0,0,0,10:2000
lightskew_long_tight_500,lightskew_long_tight,500,9,0.8505,0.0,0.1495,0,0,9:1701 10:299
lightskew_long_tight_550,lightskew_long_tight,550,9,0.8505,0.0,0.1495,0,0,9:1701 10:299
lightskew_long_tight_MX1,lightskew_long_tight,MX1,11,0.519,0.0,0.481,0,0,11:1038 12:962
lightskew_long_tight_MX2,lightskew_long_tight,MX2,10,0.6675,0.0,0.3325,0,0,10:1335 11:665
uniform_short_baseline_200,uniform_short_baseline,200,12,0.995,0.005,0.0,10,0,11:10 12:1990
uniform_short_baseline_250,uniform_short_baseline,250,9,1.0,0.0,0.0,0,0,9:2000
uniform_short_baseline_270,uniform_short_baseline,270,9,1.0,0.0,0.0,0,0,9:2000
uniform_short_baseline_300,uniform_short_baseline,300,8,0.9755,0.0,0.0245,0,49,8:1951 9:49
uniform_short_baseline_325,uniform_short_baseline,325,8,1.0,0.0,0.0,0,0,8:2000
uniform_short_baseline_380,uniform_short_baseline,380,7,1.0,0.0,0.0,0,0,7:2000
uniform_short_baseline_425,uniform_short_baseline,425,6,0.991,0.0,0.009,0,18,6:1982 7:18
uniform_short_baseline_500,uniform_short_baseline,500,5,1.0,0.0,0.0,0,0,5:2000
uniform_short_baseline_550,uniform_short_baseline,550,5,1.0,0.0,0.0,0,0,5:2000
uniform_short_baseline_MX1,uniform_short_baseline,MX1,7,0.9775,0.0,0.0225,0,0,7:1955 8:45
uniform_short_baseline_MX2,uniform_short_baseline,MX2,6,0.997,0.003,0.0,6,0,5:6 6:1994
uniform_short_tight_200,uniform_short_tight,200,12,0.525,0.0,0.475,0,0,12:1050 13:950
uniform_short_tight_250,uniform_short_tight,250,10,0.9995,0.0005,0.0,1,0,9:1 10:1999
uniform_short_tight_270,uniform_short_tight,270,9,0.707,0.0,0.293,0,0,9:1414 10:586
uniform_short_tight_300,uniform_short_tight,300,9,1.0,0.0,0.0,0,0,9:2000
uniform_short_tight_325,uniform_short_tight,325,8,0.593,0.0,0.407,0,0,8:1186 9:814
uniform_short_tight_380,uniform_short_tight,380,8,0.845,0.155,0.0,310,0,7:310 8:1690
uniform_short_tight_425,uniform_short_tight,425,7,0.7545,0.2455,0.0,491,0,6:491 7:1509
uniform_short_tight_500,uniform_short_tight,500,5,1.0,0.0,0.0,0,0,5:2000
uniform_short_tight_550,uniform_short_tight,550,5,1.0,0.0,0.0,0,0,5:2000
uniform_short_tight_MX1,uniform_short_tight,MX1,8,1.0,0.0,0.0,0,0,8:2000
uniform_short_tight_MX2,uniform_short_tight,MX2,6,0.962,0.0,0.038,0,0,6:1924 7:76
uniform_massdep_baseline_200,uniform_massdep_baseline,200,19,0.5855,0.0,0.4145,0,0,19:1171 20:829
uniform_massdep_baseline_250,uniform_massdep_baseline,250,15,0.993,0.0,0.007,0,14,15:1986 16:14
uniform_massdep_baseline_270,uniform_massdep_baseline,270,15,0.817,0.183,0.0,366,0,14:366 15:1634
uniform_massdep_baseline_300,uniform_massdep_baseline,300,14,0.995,0.005,0.0,10,0,13:10 14:1990
uniform_massdep_baseline_325,uniform_massdep_baseline,325,13,0.6395,0.0,0.3605,0,0,13:1279 14:721
uniform_massdep_baseline_380,uniform_massdep_baseline,380,12,0.998,0.0015,0.0005,3,1,11:3 12:1996 13:1
uniform_massdep_baseline_425,uniform_massdep_baseline,425,11,0.627,0.373,0.0,746,0,10:746 11:1254
uniform_massdep_baseline_500,uniform_massdep_baseline,500,8,1.0,0.0,0.0,0,0,8:2000
uniform_massdep_baseline_550,uniform_massdep_baseline,550,8,1.0,0.0,0.0,0,0,8:2000
uniform_massdep_baseline_MX1,uniform_massdep_baseline,MX1,13,0.609,0.0,0.391,0,0,13:1218 14:782
uniform_massdep_baseline_MX2,uniform_massdep_baseline,MX2,12,0.997,0.0,0.003,0,0,12:1994 13:6
uniform_massdep_tight_200,uniform_massdep_tight,200,22,0.6315,0.0,0.3685,0,0,22:1263 23:737
uniform_massdep_tight_250,uniform_massdep_tight,250,17,0.6495,0.0,0.3505,0,0,17:1299 18:701
uniform_massdep_tight_270,uniform_massdep_tight,270,17,0.9125,0.0875,0.0,175,0,16:175 17:1825
uniform_massdep_tight_300,uniform_massdep_tight,300,16,0.9755,0.0245,0.0,49,0,15:49 16:1951
uniform_massdep_tight_325,uniform_massdep_tight,325,15,0.964,0.0005,0.0355,1,71,14:1 15:1928 16:71
uniform_massdep_tight_380,uniform_massdep_tight,380,13,0.535,0.0,0.465,0,0,13:1070 14:930
uniform_massdep_tight_425,uniform_massdep_tight,425,12,0.735,0.2645,0.0005,529,1,11:529 12:1470 13:1
uniform_massdep_tight_500,uniform_massdep_tight,500,8,0.5775,0.0,0.4225,0,0,8:1155 9:845
uniform_massdep_tight_550,uniform_massdep_tight,550,8,0.5775,0.0,0.4225,0,0,8:1155 9:845
uniform_massdep_tight_MX1,uniform_massdep_tight,MX1,15,0.5585,0.0,0.4415,0,0,15:1117 16:883
uniform_massdep_tight_MX2,uniform_massdep_tight,MX2,14,0.99,0.01,0.0,20,0,13:20 14:1980
uniform_long_baseline_200,uniform_long_baseline,200,19,0.764,0.0,0.236,0,0,19:1528 20:472
uniform_long_baseline_250,uniform_long_baseline,250,15,0.8735,0.0,0.1265,0,253,15:1747 16:253
uniform_long_baseline_270,uniform_long_baseline,270,15,0.972,0.028,0.0,56,0,14:56 15:1944
uniform_long_baseline_300,uniform_long_baseline,300,14,1.0,0.0,0.0,0,0,14:2000
uniform_long_baseline_325,uniform_long_baseline,325,13,0.536,0.0,0.464,0,0,13:1072 14:928
uniform_long_baseline_380,uniform_long_baseline,380,12,1.0,0.0,0.0,0,0,12:2000
uniform_long_baseline_425,uniform_long_baseline,425,11,0.6595,0.3405,0.0,681,0,10:681 11:1319
uniform_long_baseline_500,uniform_long_baseline,500,8,1.0,0.0,0.0,0,0,8:2000
uniform_long_baseline_550,uniform_long_baseline,550,8,1.0,0.0,0.0,0,0,8:2000
uniform_long_baseline_MX1,uniform_long_baseline,MX1,14,0.5655,0.4345,0.0,869,0,13:869 14:1131
uniform_long_baseline_MX2,uniform_long_baseline,MX2,12,0.9615,0.0,0.0385,0,0,12:1923 13:77
uniform_long_tight_200,uniform_long_tight,200,23,0.9865,0.0095,0.004,19,0,22:19 23:1973 24:8
uniform_long_tight_250,uniform_long_tight,250,18,0.9865,0.0,0.0135,0,0,18:1973 19:27
uniform_long_tight_270,uniform_long_tight,270,18,0.8905,0.1095,0.0,219,0,17:219 18:1781
uniform_long_tight_300,uniform_long_tight,300,17,0.602,0.398,0.0,796,0,16:796 17:1204
uniform_long_tight_325,uniform_long_tight,325,16,0.96,0.04,0.0,80,0,15:80 16:1920
uniform_long_tight_380,uniform_long_tight,380,14,0.9985,0.0,0.0015,0,3,14:1997 15:3
uniform_long_tight_425,uniform_long_tight,425,12,0.845,0.0,0.155,0,0,12:1690 13:310
uniform_long_tight_500,uniform_long_tight,500,9,0.8505,0.0,0.1495,0,0,9:1701 10:299
uniform_long_tight_550,uniform_long_tight,550,9,0.8505,0.0,0.1495,0,0,9:1701 10:299
uniform_long_tight_MX1,uniform_long_tight,MX1,16,0.994,0.006,0.0,12,0,15:12 16:1988
uniform_long_tight_MX2,uniform_long_tight,MX2,14,0.5735,0.0,0.4265,0,0,14:1147 15:853
extraheavy_short_baseline_270,extraheavy_short_baseline,270,8,0.995,0.005,0.0,10,0,7:10 8:1990
extraheavy_short_baseline_300,extraheavy_short_baseline,300,7,0.9985,0.0015,0.0,3,0,6:3 7:1997
extraheavy_short_baseline_325,extraheavy_short_baseline,325,7,0.8615,0.1385,0.0,277,0,6:277 7:1723
extraheavy_short_baseline_380,extraheavy_short_baseline,380,6,1.0,0.0,0.0,0,0,6:2000
extraheavy_short_baseline_425,extraheavy_short_baseline,425,6,1.0,0.0,0.0,0,0,6:2000
extraheavy_short_baseline_500,extraheavy_short_baseline,500,6,0.8735,0.1265,0.0,253,0,5:253 6:1747
extraheavy_short_baseline_550,extraheavy_short_baseline,550,5,0.9695,0.0,0.0305,0,0,5:1939 6:61
extraheavy_short_baseline_MX1,extraheavy_short_baseline,MX1,7,0.6515,0.3485,0.0,697,0,6:697 7:1303
extraheavy_short_baseline_MX2,extraheavy_short_baseline,MX2,6,0.7655,0.2345,0.0,469,0,5:469 6:1531
extraheavy_short_tight_270,extraheavy_short_tight,270,8,0.7765,0.0,0.2235,0,0,8:1553 9:447
extraheavy_short_tight_300,extraheavy_short_tight,300,7,0.9725,0.0,0.0275,0,0,7:1945 8:55
extraheavy_short_tight_325,extraheavy_short_tight,325,7,1.0,0.0,0.0,0,0,7:2000
extraheavy_short_tight_380,extraheavy_short_tight,380,6,0.6655,0.0,0.3345,0,0,6:1331 7:669
extraheavy_short_tight_425,extraheavy_short_tight,425,6,1.0,0.0,0.0,0,0,6:2000
extraheavy_short_tight_500,extraheavy_short_tight,500,6,1.0,0.0,0.0,0,0,6:2000
extraheavy_short_tight_550,extraheavy_short_tight,550,6,1.0,0.0,0.0,0,0,6:2000
extraheavy_short_tight_MX1,extraheavy_short_tight,MX1,7,1.0,0.0,0.0,0,0,7:2000
extraheavy_short_tight_MX2,extraheavy_short_tight,MX2,6,1.0,0.0,0.0,0,0,6:2000
extraheavy_massdep_baseline_270,extraheavy_massdep_baseline,270,13,0.7485,0.0,0.2515,0,0,13:1497 14:503
extraheavy_massdep_baseline_300,extraheavy_massdep_baseline,300,12,0.9585,0.0405,0.001,81,0,11:81 12:1917 13:2
extraheavy_massdep_baseline_325,extraheavy_massdep_baseline,325,11,0.5825,0.0,0.4175,0,0,11:1165 12:835
extraheavy_massdep_baseline_380,extraheavy_massdep_baseline,380,10,0.904,0.0,0.096,0,0,10:1808 11:192
extraheavy_massdep_baseline_425,extraheavy_massdep_baseline,425,10,0.979,0.021,0.0,42,0,9:42 10:1958
extraheavy_massdep_baseline_500,extraheavy_massdep_baseline,500,9,0.8665,0.0,0.1335,0,0,9:1733 10:267
extraheavy_massdep_baseline_550,extraheavy_massdep_baseline,550,9,1.0,0.0,0.0,0,0,9:2000
extraheavy_massdep_baseline_MX1,extraheavy_massdep_baseline,MX1,12,0.9145,0.004,0.0815,8,0,11:8 12:1829 13:163
extraheavy_massdep_baseline_MX2,extraheavy_massdep_baseline,MX2,11,0.959,0.008,0.033,16,0,10:16 11:1918 12:66
extraheavy_massdep_tight_270,extraheavy_massdep_tight,270,15,0.601,0.399,0.0,798,0,14:798 15:1202
extraheavy_massdep_tight_300,extraheavy_massdep_tight,300,13,0.933,0.0565,0.0105,113,0,12:113 13:1866 14:21
extraheavy_massdep_tight_325,extraheavy_massdep_tight,325,12,0.5245,0.0,0.4755,0,0,12:1049 13:951
extraheavy_massdep_tight_380,extraheavy_massdep_tight,380,11,0.976,0.0,0.024,0,0,11:1952 12:48
extraheavy_massdep_tight_425,extraheavy_massdep_tight,425,11,0.9215,0.0785,0.0,157,0,10:157 11:1843
extraheavy_massdep_tight_500,extraheavy_massdep_tight,500,10,0.997,0.0,0.003,0,0,10:1994 11:6
extraheavy_massdep_tight_550,extraheavy_massdep_tight,550,10,0.994,0.006,0.0,12,0,9:12 10:1988
extraheavy_massdep_tight_MX1,extraheavy_massdep_tight,MX1,13,0.5895,0.0,0.4105,0,0,13:1179 14:821
extraheavy_massdep_tight_MX2,extraheavy_massdep_tight,MX2,12,0.646,0.0,0.354,0,0,12:1292 13:708
extraheavy_long_baseline_270,extraheavy_long_baseline,270,13,0.986,0.0,0.014,0,0,13:1972 14:28
extraheavy_long_baseline_300,extraheavy_long_baseline,300,12,0.83,0.17,0.0,340,0,11:340 12:1660
extraheavy_long_baseline_325,extraheavy_long_baseline,325,11,0.9235,0.0,0.0765,0,0,11:1847 12:153
extraheavy_long_baseline_380,extraheavy_long_baseline,380,10,0.5615,0.0,0.4385,0,0,10:1123 11:877
extraheavy_long_baseline_425,extraheavy_long_baseline,425,10,1.0,0.0,0.0,0,0,10:2000
extraheavy_long_baseline_500,extraheavy_long_baseline,500,10,0.9265,0.0735,0.0,147,0,9:147 10:1853
extraheavy_long_baseline_550,extraheavy_long_baseline,550,9,0.626,0.0,0.374,0,0,9:1252 10:748
extraheavy_long_baseline_MX1,extraheavy_long_baseline,MX1,12,0.999,0.0,0.001,0,0,12:1998 13:2
extraheavy_long_baseline_MX2,extraheavy_long_baseline,MX2,11,0.9995,0.0005,0.0,1,0,10:1 11:1999
extraheavy_long_tight_270,extraheavy_long_tight,270,15,0.976,0.0,0.024,0,0,15:1952 16:48
extraheavy_long_tight_300,extraheavy_long_tight,300,13,0.8885,0.0,0.1115,0,0,13:1777 14:223
extraheavy_long_tight_325,extraheavy_long_tight,325,13,1.0,0.0,0.0,0,0,13:2000
extraheavy_long_tight_380,extraheavy_long_tight,380,12,0.9995,0.0005,0.0,1,0,11:1 12:1999
extraheavy_long_tight_425,extraheavy_long_tight,425,12,0.663,0.337,0.0,674,0,11:674 12:1326
extraheavy_long_tight_500,extraheavy_long_tight,500,11,1.0,0.0,0.0,0,0,11:2000
extraheavy_long_tight_550,extraheavy_long_tight,550,11,1.0,0.0,0.0,0,0,11:2000
extraheavy_long_tight_MX1,extraheavy_long_tight,MX1,14,0.9505,0.0495,0.0,99,0,13:99 14:1901
extraheavy_long_tight_MX2,extraheavy_long_tight,MX2,13,0.9085,0.0915,0.0,183,0,12:183 13:1817
rohcha_short_baseline_200,rohcha_short_baseline,200,15,0.843,0.157,0.0,314,0,14:314 15:1686
rohcha_short_baseline_250,rohcha_short_baseline,250,13,1.0,0.0,0.0,0,0,13:2000
rohcha_short_baseline_270,rohcha_short_baseline,270,12,0.933,0.067,0.0,134,0,11:134 12:1866
rohcha_short_baseline_300,rohcha_short_baseline,300,9,0.999,0.0,0.001,0,2,9:1998 10:2
rohcha_short_baseline_325,rohcha_short_baseline,325,9,0.999,0.0,0.001,0,2,9:1998 10:2
rohcha_short_baseline_380,rohcha_short_baseline,380,8,0.585,0.0,0.415,0,0,8:1170 9:830
rohcha_short_baseline_425,rohcha_short_baseline,425,8,0.585,0.0,0.415,0,0,8:1170 9:830
rohcha_short_baseline_500,rohcha_short_baseline,500,6,0.8545,0.0,0.1455,0,0,6:1709 7:291
rohcha_short_baseline_550,rohcha_short_baseline,550,5,1.0,0.0,0.0,0,0,5:2000
rohcha_short_baseline_MX1,rohcha_short_baseline,MX1,10,0.8135,0.1865,0.0,373,0,9:373 10:1627
rohcha_short_baseline_MX2,rohcha_short_baseline,MX2,8,1.0,0.0,0.0,0,0,8:2000
rohcha_short_tight_200,rohcha_short_tight,200,16,0.859,0.141,0.0,282,0,15:282 16:1718
rohcha_short_tight_250,rohcha_short_tight,250,14,0.9925,0.0075,0.0,15,0,13:15 14:1985
rohcha_short_tight_270,rohcha_short_tight,270,12,0.5395,0.0,0.4605,0,0,12:1079 13:921
rohcha_short_tight_300,rohcha_short_tight,300,10,0.9835,0.0165,0.0,33,0,9:33 10:1967
rohcha_short_tight_325,rohcha_short_tight,325,10,0.9835,0.0165,0.0,33,0,9:33 10:1967
rohcha_short_tight_380,rohcha_short_tight,380,9,1.0,0.0,0.0,0,0,9:2000
rohcha_short_tight_425,rohcha_short_tight,425,9,1.0,0.0,0.0,0,0,9:2000
rohcha_short_tight_500,rohcha_short_tight,500,7,1.0,0.0,0.0,0,0,7:2000
rohcha_short_tight_550,rohcha_short_tight,550,5,1.0,0.0,0.0,0,0,5:2000
rohcha_short_tight_MX1,rohcha_short_tight,MX1,11,0.763,0.237,0.0,474,0,10:474 11:1526
rohcha_short_tight_MX2,rohcha_short_tight,MX2,8,0.737,0.0,0.263,0,0,8:1474 9:526
rohcha_massdep_baseline_200,rohcha_massdep_baseline,200,26,0.8615,0.0,0.1385,0,277,26:1723 27:277
rohcha_massdep_baseline_250,rohcha_massdep_baseline,250,23,0.9655,0.0345,0.0,69,0,22:69 23:1931
rohcha_massdep_baseline_270,rohcha_massdep_baseline,270,21,0.915,0.085,0.0,170,0,20:170 21:1830
rohcha_massdep_baseline_300,rohcha_massdep_baseline,300,17,0.856,0.144,0.0,288,0,16:288 17:1712
rohcha_massdep_baseline_325,rohcha_massdep_baseline,325,17,0.856,0.144,0.0,288,0,16:288 17:1712
rohcha_massdep_baseline_380,rohcha_massdep_baseline,380,16,0.7115,0.2885,0.0,577,0,15:577 16:1423
rohcha_massdep_baseline_425,rohcha_massdep_baseline,425,16,0.7115,0.2885,0.0,577,0,15:577 16:1423
rohcha_massdep_baseline_500,rohcha_massdep_baseline,500,12,0.9995,0.0,0.0005,0,1,12:1999 13:1
rohcha_massdep_baseline_550,rohcha_massdep_baseline,550,9,1.0,0.0,0.0,0,0,9:2000
rohcha_massdep_baseline_MX1,rohcha_massdep_baseline,MX1,19,0.981,0.001,0.018,2,36,18:2 19:1962 20:36
rohcha_massdep_baseline_MX2,rohcha_massdep_baseline,MX2,17,0.6895,0.0,0.3105,0,0,17:1379 18:621
rohcha_massdep_tight_200,rohcha_massdep_tight,200,30,0.8925,0.0715,0.036,143,72,29:143 30:1785 31:72
rohcha_massdep_tight_250,rohcha_massdep_tight,250,26,0.8905,0.0,0.1095,0,219,26:1781 27:219
rohcha_massdep_tight_270,rohcha_massdep_tight,270,24,0.8755,0.1245,0.0,249,0,23:249 24:1751
rohcha_massdep_tight_300,rohcha_massdep_tight,300,19,0.9795,0.011,0.0095,22,19,18:22 19:1959 20:19
rohcha_massdep_tight_325,rohcha_massdep_tight,325,19,0.9795,0.011,0.0095,22,19,18:22 19:1959 20:19
rohcha_massdep_tight_380,rohcha_massdep_tight,380,18,0.724,0.273,0.003,546,6,17:546 18:1448 19:6
rohcha_massdep_tight_425,rohcha_massdep_tight,425,18,0.724,0.273,0.003,546,6,17:546 18:1448 19:6
rohcha_massdep_tight_500,rohcha_massdep_tight,500,14,0.866,0.134,0.0,268,0,13:268 14:1732
rohcha_massdep_tight_550,rohcha_massdep_tight,550,10,1.0,0.0,0.0,0,0,10:2000
rohcha_massdep_tight_MX1,rohcha_massdep_tight,MX1,22,0.8785,0.1215,0.0,243,0,21:243 22:1757
rohcha_massdep_tight_MX2,rohcha_massdep_tight,MX2,20,0.9875,0.008,0.0045,16,9,19:16 20:1975 21:9
rohcha_long_baseline_200,rohcha_long_baseline,200,24,0.982,0.0015,0.0165,3,33,23:3 24:1964 25:33
rohcha_long_baseline_250,rohcha_long_baseline,250,21,0.921,0.0,0.079,0,158,21:1842 22:158
rohcha_long_baseline_270,rohcha_long_baseline,270,19,0.9765,0.0,0.0235,0,47,19:1953 20:47
rohcha_long_baseline_300,rohcha_long_baseline,300,15,0.913,0.0,0.087,0,174,15:1826 16:174
rohcha_long_baseline_325,rohcha_long_baseline,325,15,0.913,0.0,0.087,0,174,15:1826 16:174
rohcha_long_baseline_380,rohcha_long_baseline,380,14,0.9845,0.0,0.0155,0,31,14:1969 15:31
rohcha_long_baseline_425,rohcha_long_baseline,425,14,0.9845,0.0,0.0155,0,31,14:1969 15:31
rohcha_long_baseline_500,rohcha_long_baseline,500,11,1.0,0.0,0.0,0,0,11:2000
rohcha_long_baseline_550,rohcha_long_baseline,550,8,1.0,0.0,0.0,0,0,8:2000
rohcha_long_baseline_MX1,rohcha_long_baseline,MX1,17,0.628,0.0,0.372,0,0,17:1256 18:744
rohcha_long_baseline_MX2,rohcha_long_baseline,MX2,16,1.0,0.0,0.0,0,0,16:2000
rohcha_long_tight_200,rohcha_long_tight,200,29,0.7965,0.2035,0.0,407,0,28:407 29:1593
rohcha_long_tight_250,rohcha_long_tight,250,25,0.915,0.0,0.085,0,0,25:1830 26:170
rohcha_long_tight_270,rohcha_long_tight,270,23,0.997,0.003,0.0,6,0,22:6 23:1994
rohcha_long_tight_300,rohcha_long_tight,300,18,0.996,0.003,0.001,6,2,17:6 18:1992 19:2
rohcha_long_tight_325,rohcha_long_tight,325,18,0.996,0.003,0.001,6,2,17:6 18:1992 19:2
rohcha_long_tight_380,rohcha_long_tight,380,17,0.8315,0.1685,0.0,337,0,16:337 17:1663
rohcha_long_tight_425,rohcha_long_tight,425,17,0.8315,0.1685,0.0,337,0,16:337 17:1663
rohcha_long_tight_500,rohcha_long_tight,500,13,0.93,0.07,0.0,140,0,12:140 13:1860
rohcha_long_tight_550,rohcha_long_tight,550,9,0.8505,0.0,0.1495,0,0,9:1701 10:299
rohcha_long_tight_MX1,rohcha_long_tight,MX1,21,0.7305,0.2695,0.0,539,0,20:539 21:1461
rohcha_long_tight_MX2,rohcha_long_tight,MX2,19,0.8405,0.1595,0.0,319,0,18:319 19:1681
liu_short_baseline_200,liu_short_baseline,200,12,1.0,0.0,0.0,0,0,12:2000
liu_short_baseline_250,liu_short_baseline,250,9,0.679,0.0,0.321,0,0,9:1358 10:642
liu_short_baseline_270,liu_short_baseline,270,9,0.981,0.0,0.019,0,38,9:1962 10:38
liu_short_baseline_300,liu_short_baseline,300,8,1.0,0.0,0.0,0,0,8:2000
liu_short_baseline_325,liu_short_baseline,325,8,0.8965,0.1035,0.0,207,0,7:207 8:1793
liu_short_baseline_380,liu_short_baseline,380,6,1.0,0.0,0.0,0,0,6:2000
liu_short_baseline_425,liu_short_baseline,425,5,1.0,0.0,0.0,0,0,5:2000
liu_short_baseline_500,liu_short_baseline,500,5,1.0,0.0,0.0,0,0,5:2000
liu_short_baseline_550,liu_short_baseline,550,5,1.0,0.0,0.0,0,0,5:2000
liu_short_baseline_MX1,liu_short_baseline,MX1,8,0.9705,0.0295,0.0,0,0,7:59 8:1941
liu_short_baseline_MX2,liu_short_baseline,MX2,6,0.9985,0.0,0.0015,0,0,6:1997 7:3
liu_short_tight_200,liu_short_tight,200,12,1.0,0.0,0.0,0,0,12:2000
liu_short_tight_250,liu_short_tight,250,10,1.0,0.0,0.0,0,0,10:2000
liu_short_tight_270,liu_short_tight,270,10,0.9995,0.0005,0.0,1,0,9:1 10:1999
liu_short_tight_300,liu_short_tight,300,8,0.5455,0.0,0.4545,0,0,8:1091 9:909
liu_short_tight_325,liu_short_tight,325,8,1.0,0.0,0.0,0,0,8:2000
liu_short_tight_380,liu_short_tight,380,7,0.9985,0.0015,0.0,3,0,6:3 7:1997
liu_short_tight_425,liu_short_tight,425,5,1.0,0.0,0.0,0,0,5:2000
liu_short_tight_500,liu_short_tight,500,5,1.0,0.0,0.0,0,0,5:2000
liu_short_tight_550,liu_short_tight,550,5,1.0,0.0,0.0,0,0,5:2000
liu_short_tight_MX1,liu_short_tight,MX1,8,0.9325,0.0,0.0675,0,0,8:1865 9:135
liu_short_tight_MX2,liu_short_tight,MX2,7,0.9855,0.0145,0.0,29,0,6:29 7:1971
liu_massdep_baseline_200,liu_massdep_baseline,200,18,1.0,0.0,0.0,0,0,18:2000
liu_massdep_baseline_250,liu_massdep_baseline,250,15,0.9875,0.0,0.0125,0,25,15:1975 16:25
liu_massdep_baseline_270,liu_massdep_baseline,270,15,0.967,0.033,0.0,66,0,14:66 15:1934
liu_massdep_baseline_300,liu_massdep_baseline,300,13,0.9955,0.004,0.0005,8,1,12:8 13:1991 14:1
liu_massdep_baseline_325,liu_massdep_baseline,325,12,0.6165,0.0,0.3835,0,0,12:1233 13:767
liu_massdep_baseline_380,liu_massdep_baseline,380,10,0.95,0.0,0.05,0,100,10:1900 11:100
liu_massdep_baseline_425,liu_massdep_baseline,425,8,1.0,0.0,0.0,0,0,8:2000
liu_massdep_baseline_500,liu_massdep_baseline,500,8,1.0,0.0,0.0,0,0,8:2000
liu_massdep_baseline_550,liu_massdep_baseline,550,8,1.0,0.0,0.0,0,0,8:2000
liu_massdep_baseline_MX1,liu_massdep_baseline,MX1,14,0.6575,0.3425,0.0,0,0,13:685 14:1315
liu_massdep_baseline_MX2,liu_massdep_baseline,MX2,12,0.797,0.0,0.203,0,0,12:1594 13:406
liu_massdep_tight_200,liu_massdep_tight,200,20,0.6055,0.0,0.3945,1211,0,20:1211 21:108 22:681
liu_massdep_tight_250,liu_massdep_tight,250,18,0.8845,0.1155,0.0,231,0,17:231 18:1769
liu_massdep_tight_270,liu_massdep_tight,270,17,0.655,0.0,0.345,0,0,17:1310 18:690
liu_massdep_tight_300,liu_massdep_tight,300,15,0.968,0.0285,0.0035,57,7,14:57 15:1936 16:7
liu_massdep_tight_325,liu_massdep_tight,325,14,0.5565,0.0,0.4435,0,0,14:1113 15:887
liu_massdep_tight_380,liu_massdep_tight,380,12,0.682,0.318,0.0,636,0,11:636 12:1364
liu_massdep_tight_425,liu_massdep_tight,425,8,0.8145,0.0,0.1855,0,0,8:1629 9:371
liu_massdep_tight_500,liu_massdep_tight,500,8,0.8145,0.0,0.1855,0,0,8:1629 9:371
liu_massdep_tight_550,liu_massdep_tight,550,8,0.8145,0.0,0.1855,0,0,8:1629 9:371
liu_massdep_tight_MX1,liu_massdep_tight,MX1,16,0.775,0.2225,0.0025,445,5,15:445 16:1550 17:5
liu_massdep_tight_MX2,liu_massdep_tight,MX2,14,0.843,0.0,0.157,0,0,14:1686 15:314
liu_long_baseline_200,liu_long_baseline,200,18,0.871,0.0,0.129,0,0,18:1742 19:204 20:54
liu_long_baseline_250,liu_long_baseline,250,16,0.87,0.13,0.0,260,0,15:260 16:1740
liu_long_baseline_270,liu_long_baseline,270,15,0.6535,0.0,0.3465,0,0,15:1307 16:693
liu_long_baseline_300,liu_long_baseline,300,13,0.799,0.0,0.201,0,402,13:1598 14:402
liu_long_baseline_325,liu_long_baseline,325,13,0.999,0.001,0.0,2,0,12:2 13:1998
liu_long_baseline_380,liu_long_baseline,380,11,0.9845,0.0155,0.0,31,0,10:31 11:1969
liu_long_baseline_425,liu_long_baseline,425,8,1.0,0.0,0.0,0,0,8:2000
liu_long_baseline_500,liu_long_baseline,500,8,1.0,0.0,0.0,0,0,8:2000
liu_long_baseline_550,liu_long_baseline,550,8,1.0,0.0,0.0,0,0,8:2000
liu_long_baseline_MX1,liu_long_baseline,MX1,14,0.9745,0.0,0.0255,0,51,14:1949 15:51
liu_long_baseline_MX2,liu_long_baseline,MX2,13,0.991,0.009,0.0,18,0,12:18 13:1982
liu_long_tight_200,liu_long_tight,200,22,0.9975,0.0,0.0025,0,5,22:1995 23:5
liu_long_tight_250,liu_long_tight,250,19,0.929,0.071,0.0,142,0,18:142 19:1858
liu_long_tight_270,liu_long_tight,270,18,0.846,0.0,0.154,0,308,18:1692 19:308
liu_long_tight_300,liu_long_tight,300,16,0.9,0.1,0.0,200,0,15:200 16:1800
liu_long_tight_325,liu_long_tight,325,15,0.898,0.0,0.102,0,204,15:1796 16:204
liu_long_tight_380,liu_long_tight,380,12,0.754,0.0,0.246,0,0,12:1508 13:492
liu_long_tight_425,liu_long_tight,425,9,0.8505,0.0,0.1495,0,0,9:1701 10:299
liu_long_tight_500,liu_long_tight,500,9,0.8505,0.0,0.1495,0,0,9:1701 10:299
liu_long_tight_550,liu_long_tight,550,9,0.8505,0.0,0.1495,0,0,9:1701 10:299
liu_long_tight_MX1,liu_long_tight,MX1,17,0.67,0.33,0.0,660,0,16:660 17:1340
liu_long_tight_MX2,liu_long_tight,MX2,15,0.939,0.0,0.061,0,0,15:1878 16:122
