seed,b_s,lp_bound,converged,cpu_s,u_earlier,u_ip,u_main_K4,u_s
101,4,3.821,False,14400,13,13,17,13
102,0,0.0,True,3407,11,11,10,10
103,0,0.0,True,703,6,6,11,6
104,6,5.347,False,14400,21,21,25,21
105,0,0.0,True,541,0,0,3,0
106,7,6.758,False,14400,24,24,29,24
107,0,0.0,True,341,0,0,0,0
108,1,0.168,False,14400,8,8,8,8
109,0,0.0,True,2205,5,5,7,5
110,0,0.0,True,1250,7,7,11,7
111,2,1.144,False,14400,,,19,19
112,16,15.104,False,14400,,,,
113,5,4.899,True,8770,,,27,27
114,3,2.261,True,13966,,,17,17
115,0,0.0,True,2899,,,3,3
116,0,0.0,True,3349,,,6,6
117,5,4.833,False,14400,,,25,25
118,8,7.103,True,11433,,,31,31
119,16,15.345,False,14400,,,48,48
120,4,3.609,False,14400,,,27,27
121,0,0.0,True,457,,,2,2
122,4,3.284,False,14400,,,21,21
123,2,1.841,False,14400,,,20,20
124,4,3.617,False,14400,,,25,25
125,0,0.0,True,628,,,1,1
126,10,9.772,False,14400,,,35,35
127,18,17.538,False,14400,,,43,43
128,0,0.0,True,307,,,0,0
129,0,0.0,True,3582,,,13,13
130,2,1.244,False,14400,,,12,12
