seed,u_known_earlier,lp_bound,b_s,converged,cpu_s,rmp,ip_late,ip_replay_late,ip_replay_max_delay_min
101,13,3.821,4,False,14400,3.978,13,13,118.0
102,11,0.0,0,True,3407,0.0,11,11,119.2
103,6,0.0,0,True,703,0.0,6,6,94.1
104,21,5.347,6,False,14400,5.687,21,21,116.7
105,0,0.0,0,True,541,0.0,0,0,0.0
106,24,6.758,7,False,14400,6.938,24,24,118.0
107,0,0.0,0,True,341,0.0,0,0,0.0
108,8,0.168,1,False,14400,0.541,8,8,116.3
109,5,0.0,0,True,2205,0.0,5,5,110.0
110,7,0.0,0,True,1250,0.0,7,7,114.2
111,,1.144,2,False,14400,1.31,,,
112,,15.104,16,False,14400,15.53,,,
113,,4.899,5,True,8770,4.899,,,
114,,2.261,3,True,13966,2.261,,,
115,,0.0,0,True,2899,0.0,,,
116,,0.0,0,True,3349,0.0,,,
117,,4.833,5,False,14400,5.382,,,
118,,7.103,8,True,11433,7.103,,,
119,,15.345,16,False,14400,15.346,,,
120,,3.609,4,False,14400,3.794,,,
121,,0.0,0,True,457,0.0,,,
122,,3.284,4,False,14400,3.314,,,
123,,1.841,2,False,14400,1.966,,,
124,,3.617,4,False,14400,3.618,,,
125,,0.0,0,True,628,0.0,,,
126,,9.772,10,False,14400,9.773,,,
127,,17.538,18,False,14400,17.62,,,
128,,0.0,0,True,307,0.0,,,
129,,0.0,0,True,3582,0.0,,,
130,,1.244,2,False,14400,2.055,,,
