level,cell,r,winner,fleet,K_winner,cost,K_min,families_at_min
inf,jiang_short_baseline,5.1,300,5x300 t,5,347.6,5,300 325 380 425 500 550 L270_H500x1 L270_H500x2 L270_H500x3 L300_H500x1 L300_H500x2 L300_H500x3 MX1 MX2
inf,jiang_short_baseline,6.364,300,5x300 t,5,354.44,5,300 325 380 425 500 550 L270_H500x1 L270_H500x2 L270_H500x3 L300_H500x1 L300_H500x2 L300_H500x3 MX1 MX2
inf,jiang_short_baseline,7.943,300,5x300 t,5,362.98,5,300 325 380 425 500 550 L270_H500x1 L270_H500x2 L270_H500x3 L300_H500x1 L300_H500x2 L300_H500x3 MX1 MX2
inf,jiang_short_baseline,9.912,300,5x300 t,5,373.64,5,300 325 380 425 500 550 L270_H500x1 L270_H500x2 L270_H500x3 L300_H500x1 L300_H500x2 L300_H500x3 MX1 MX2
inf,jiang_short_baseline,12.369,300,5x300 t,5,386.94,5,300 325 380 425 500 550 L270_H500x1 L270_H500x2 L270_H500x3 L300_H500x1 L300_H500x2 L300_H500x3 MX1 MX2
inf,jiang_short_baseline,15.436,300,5x300 t,5,403.53,5,300 325 380 425 500 550 L270_H500x1 L270_H500x2 L270_H500x3 L300_H500x1 L300_H500x2 L300_H500x3 MX1 MX2
inf,jiang_short_baseline,19.263,300,5x300 t,5,424.24,5,300 325 380 425 500 550 L270_H500x1 L270_H500x2 L270_H500x3 L300_H500x1 L300_H500x2 L300_H500x3 MX1 MX2
inf,jiang_short_baseline,24.04,300,5x300 t,5,450.09,5,300 325 380 425 500 550 L270_H500x1 L270_H500x2 L270_H500x3 L300_H500x1 L300_H500x2 L300_H500x3 MX1 MX2
inf,jiang_short_baseline,30.0,300,5x300 t,5,482.34,5,300 325 380 425 500 550 L270_H500x1 L270_H500x2 L270_H500x3 L300_H500x1 L300_H500x2 L300_H500x3 MX1 MX2
inf,uniform_short_baseline,5.1,MX2,2x500 + 3x270 t,5,351.93,5,500 550 L270_H500x2 L270_H500x3 L300_H500x2 L300_H500x3 MX2
inf,uniform_short_baseline,6.364,MX2,2x500 + 3x270 t,5,359.85,5,500 550 L270_H500x2 L270_H500x3 L300_H500x2 L300_H500x3 MX2
inf,uniform_short_baseline,7.943,MX2,2x500 + 3x270 t,5,369.73,5,500 550 L270_H500x2 L270_H500x3 L300_H500x2 L300_H500x3 MX2
inf,uniform_short_baseline,9.912,MX2,2x500 + 3x270 t,5,382.06,5,500 550 L270_H500x2 L270_H500x3 L300_H500x2 L300_H500x3 MX2
inf,uniform_short_baseline,12.369,MX2,2x500 + 3x270 t,5,397.45,5,500 550 L270_H500x2 L270_H500x3 L300_H500x2 L300_H500x3 MX2
inf,uniform_short_baseline,15.436,MX2,2x500 + 3x270 t,5,416.66,5,500 550 L270_H500x2 L270_H500x3 L300_H500x2 L300_H500x3 MX2
inf,uniform_short_baseline,19.263,MX2,2x500 + 3x270 t,5,440.62,5,500 550 L270_H500x2 L270_H500x3 L300_H500x2 L300_H500x3 MX2
inf,uniform_short_baseline,24.04,MX2,2x500 + 3x270 t,5,470.53,5,500 550 L270_H500x2 L270_H500x3 L300_H500x2 L300_H500x3 MX2
inf,uniform_short_baseline,30.0,MX2,2x500 + 3x270 t,5,507.85,5,500 550 L270_H500x2 L270_H500x3 L300_H500x2 L300_H500x3 MX2
inf,liu_short_baseline,5.1,L300_H425x2,2x425 + 3x300 t,5,351.1,5,425 500 550 L270_H425x3 L270_H425x4 L300_H425x2 L300_H425x3 L300_H425x4
inf,liu_short_baseline,6.364,L300_H425x2,2x425 + 3x300 t,5,358.8,5,425 500 550 L270_H425x3 L270_H425x4 L300_H425x2 L300_H425x3 L300_H425x4
inf,liu_short_baseline,7.943,L300_H425x2,2x425 + 3x300 t,5,368.43,5,425 500 550 L270_H425x3 L270_H425x4 L300_H425x2 L300_H425x3 L300_H425x4
inf,liu_short_baseline,9.912,L300_H425x2,2x425 + 3x300 t,5,380.43,5,425 500 550 L270_H425x3 L270_H425x4 L300_H425x2 L300_H425x3 L300_H425x4
inf,liu_short_baseline,12.369,L300_H425x2,2x425 + 3x300 t,5,395.42,5,425 500 550 L270_H425x3 L270_H425x4 L300_H425x2 L300_H425x3 L300_H425x4
inf,liu_short_baseline,15.436,L300_H425x2,2x425 + 3x300 t,5,414.12,5,425 500 550 L270_H425x3 L270_H425x4 L300_H425x2 L300_H425x3 L300_H425x4
inf,liu_short_baseline,19.263,L300_H425x2,2x425 + 3x300 t,5,437.45,5,425 500 550 L270_H425x3 L270_H425x4 L300_H425x2 L300_H425x3 L300_H425x4
inf,liu_short_baseline,24.04,L300_H425x2,2x425 + 3x300 t,5,466.57,5,425 500 550 L270_H425x3 L270_H425x4 L300_H425x2 L300_H425x3 L300_H425x4
inf,liu_short_baseline,30.0,L300_H425x2,2x425 + 3x300 t,5,502.91,5,425 500 550 L270_H425x3 L270_H425x4 L300_H425x2 L300_H425x3 L300_H425x4
480,jiang_short_baseline,5.1,MX1,1x500 + 4x270 t,5,348.72,5,325 380 425 500 550 L270_H500x1 L270_H500x2 L270_H500x3 L300_H500x1 L300_H500x2 L300_H500x3 MX1 MX2
480,jiang_short_baseline,6.364,MX1,1x500 + 4x270 t,5,355.84,5,325 380 425 500 550 L270_H500x1 L270_H500x2 L270_H500x3 L300_H500x1 L300_H500x2 L300_H500x3 MX1 MX2
480,jiang_short_baseline,7.943,MX1,1x500 + 4x270 t,5,364.72,5,325 380 425 500 550 L270_H500x1 L270_H500x2 L270_H500x3 L300_H500x1 L300_H500x2 L300_H500x3 MX1 MX2
480,jiang_short_baseline,9.912,MX1,1x500 + 4x270 t,5,375.81,5,325 380 425 500 550 L270_H500x1 L270_H500x2 L270_H500x3 L300_H500x1 L300_H500x2 L300_H500x3 MX1 MX2
480,jiang_short_baseline,12.369,MX1,1x500 + 4x270 t,5,389.65,5,325 380 425 500 550 L270_H500x1 L270_H500x2 L270_H500x3 L300_H500x1 L300_H500x2 L300_H500x3 MX1 MX2
480,jiang_short_baseline,15.436,MX1,1x500 + 4x270 t,5,406.92,5,325 380 425 500 550 L270_H500x1 L270_H500x2 L270_H500x3 L300_H500x1 L300_H500x2 L300_H500x3 MX1 MX2
480,jiang_short_baseline,19.263,MX1,1x500 + 4x270 t,5,428.47,5,325 380 425 500 550 L270_H500x1 L270_H500x2 L270_H500x3 L300_H500x1 L300_H500x2 L300_H500x3 MX1 MX2
480,jiang_short_baseline,24.04,MX1,1x500 + 4x270 t,5,455.36,5,325 380 425 500 550 L270_H500x1 L270_H500x2 L270_H500x3 L300_H500x1 L300_H500x2 L300_H500x3 MX1 MX2
480,jiang_short_baseline,30.0,MX1,1x500 + 4x270 t,5,488.92,5,325 380 425 500 550 L270_H500x1 L270_H500x2 L270_H500x3 L300_H500x1 L300_H500x2 L300_H500x3 MX1 MX2
480,uniform_short_baseline,5.1,MX2,2x500 + 3x270 t,5,351.93,5,500 550 L270_H500x2 L270_H500x3 L300_H500x2 L300_H500x3 MX2
480,uniform_short_baseline,6.364,MX2,2x500 + 3x270 t,5,359.85,5,500 550 L270_H500x2 L270_H500x3 L300_H500x2 L300_H500x3 MX2
480,uniform_short_baseline,7.943,MX2,2x500 + 3x270 t,5,369.73,5,500 550 L270_H500x2 L270_H500x3 L300_H500x2 L300_H500x3 MX2
480,uniform_short_baseline,9.912,MX2,2x500 + 3x270 t,5,382.06,5,500 550 L270_H500x2 L270_H500x3 L300_H500x2 L300_H500x3 MX2
480,uniform_short_baseline,12.369,MX2,2x500 + 3x270 t,5,397.45,5,500 550 L270_H500x2 L270_H500x3 L300_H500x2 L300_H500x3 MX2
480,uniform_short_baseline,15.436,MX2,2x500 + 3x270 t,5,416.66,5,500 550 L270_H500x2 L270_H500x3 L300_H500x2 L300_H500x3 MX2
480,uniform_short_baseline,19.263,MX2,2x500 + 3x270 t,5,440.62,5,500 550 L270_H500x2 L270_H500x3 L300_H500x2 L300_H500x3 MX2
480,uniform_short_baseline,24.04,MX2,2x500 + 3x270 t,5,470.53,5,500 550 L270_H500x2 L270_H500x3 L300_H500x2 L300_H500x3 MX2
480,uniform_short_baseline,30.0,MX2,2x500 + 3x270 t,5,507.85,5,500 550 L270_H500x2 L270_H500x3 L300_H500x2 L300_H500x3 MX2
480,liu_short_baseline,5.1,L300_H425x2,2x425 + 3x300 t,5,351.1,5,425 500 550 L270_H425x3 L270_H425x4 L300_H425x2 L300_H425x3 L300_H425x4
480,liu_short_baseline,6.364,L300_H425x2,2x425 + 3x300 t,5,358.8,5,425 500 550 L270_H425x3 L270_H425x4 L300_H425x2 L300_H425x3 L300_H425x4
480,liu_short_baseline,7.943,L300_H425x2,2x425 + 3x300 t,5,368.43,5,425 500 550 L270_H425x3 L270_H425x4 L300_H425x2 L300_H425x3 L300_H425x4
480,liu_short_baseline,9.912,L300_H425x2,2x425 + 3x300 t,5,380.43,5,425 500 550 L270_H425x3 L270_H425x4 L300_H425x2 L300_H425x3 L300_H425x4
480,liu_short_baseline,12.369,L300_H425x2,2x425 + 3x300 t,5,395.42,5,425 500 550 L270_H425x3 L270_H425x4 L300_H425x2 L300_H425x3 L300_H425x4
480,liu_short_baseline,15.436,L300_H425x2,2x425 + 3x300 t,5,414.12,5,425 500 550 L270_H425x3 L270_H425x4 L300_H425x2 L300_H425x3 L300_H425x4
480,liu_short_baseline,19.263,L300_H425x2,2x425 + 3x300 t,5,437.45,5,425 500 550 L270_H425x3 L270_H425x4 L300_H425x2 L300_H425x3 L300_H425x4
480,liu_short_baseline,24.04,L300_H425x2,2x425 + 3x300 t,5,466.57,5,425 500 550 L270_H425x3 L270_H425x4 L300_H425x2 L300_H425x3 L300_H425x4
480,liu_short_baseline,30.0,L300_H425x2,2x425 + 3x300 t,5,502.91,5,425 500 550 L270_H425x3 L270_H425x4 L300_H425x2 L300_H425x3 L300_H425x4
240,jiang_short_baseline,5.1,MX1,1x500 + 4x270 t,5,348.72,5,325 380 425 500 550 L270_H500x1 L270_H500x2 L270_H500x3 L300_H500x1 L300_H500x2 L300_H500x3 MX1 MX2
240,jiang_short_baseline,6.364,MX1,1x500 + 4x270 t,5,355.84,5,325 380 425 500 550 L270_H500x1 L270_H500x2 L270_H500x3 L300_H500x1 L300_H500x2 L300_H500x3 MX1 MX2
240,jiang_short_baseline,7.943,MX1,1x500 + 4x270 t,5,364.72,5,325 380 425 500 550 L270_H500x1 L270_H500x2 L270_H500x3 L300_H500x1 L300_H500x2 L300_H500x3 MX1 MX2
240,jiang_short_baseline,9.912,MX1,1x500 + 4x270 t,5,375.81,5,325 380 425 500 550 L270_H500x1 L270_H500x2 L270_H500x3 L300_H500x1 L300_H500x2 L300_H500x3 MX1 MX2
240,jiang_short_baseline,12.369,MX1,1x500 + 4x270 t,5,389.65,5,325 380 425 500 550 L270_H500x1 L270_H500x2 L270_H500x3 L300_H500x1 L300_H500x2 L300_H500x3 MX1 MX2
240,jiang_short_baseline,15.436,MX1,1x500 + 4x270 t,5,406.92,5,325 380 425 500 550 L270_H500x1 L270_H500x2 L270_H500x3 L300_H500x1 L300_H500x2 L300_H500x3 MX1 MX2
240,jiang_short_baseline,19.263,MX1,1x500 + 4x270 t,5,428.47,5,325 380 425 500 550 L270_H500x1 L270_H500x2 L270_H500x3 L300_H500x1 L300_H500x2 L300_H500x3 MX1 MX2
240,jiang_short_baseline,24.04,MX1,1x500 + 4x270 t,5,455.36,5,325 380 425 500 550 L270_H500x1 L270_H500x2 L270_H500x3 L300_H500x1 L300_H500x2 L300_H500x3 MX1 MX2
240,jiang_short_baseline,30.0,MX1,1x500 + 4x270 t,5,488.92,5,325 380 425 500 550 L270_H500x1 L270_H500x2 L270_H500x3 L300_H500x1 L300_H500x2 L300_H500x3 MX1 MX2
240,uniform_short_baseline,5.1,L300_H500x2,2x500 + 3x300 t,5,353.19,5,500 550 L270_H500x3 L300_H500x2 L300_H500x3
240,uniform_short_baseline,6.364,L300_H500x2,2x500 + 3x300 t,5,361.42,5,500 550 L270_H500x3 L300_H500x2 L300_H500x3
240,uniform_short_baseline,7.943,L300_H500x2,2x500 + 3x300 t,5,371.69,5,500 550 L270_H500x3 L300_H500x2 L300_H500x3
240,uniform_short_baseline,9.912,L300_H500x2,2x500 + 3x300 t,5,384.51,5,500 550 L270_H500x3 L300_H500x2 L300_H500x3
240,uniform_short_baseline,12.369,L300_H500x2,2x500 + 3x300 t,5,400.51,5,500 550 L270_H500x3 L300_H500x2 L300_H500x3
240,uniform_short_baseline,15.436,L300_H500x2,2x500 + 3x300 t,5,420.47,5,500 550 L270_H500x3 L300_H500x2 L300_H500x3
240,uniform_short_baseline,19.263,L300_H500x2,2x500 + 3x300 t,5,445.38,5,500 550 L270_H500x3 L300_H500x2 L300_H500x3
240,uniform_short_baseline,24.04,L300_H500x2,2x500 + 3x300 t,5,476.46,5,500 550 L270_H500x3 L300_H500x2 L300_H500x3
240,uniform_short_baseline,30.0,L300_H500x2,2x500 + 3x300 t,5,515.25,5,500 550 L270_H500x3 L300_H500x2 L300_H500x3
240,liu_short_baseline,5.1,L300_H425x2,2x425 + 3x300 t,5,351.1,5,425 500 550 L270_H425x3 L270_H425x4 L300_H425x2 L300_H425x3 L300_H425x4
240,liu_short_baseline,6.364,L300_H425x2,2x425 + 3x300 t,5,358.8,5,425 500 550 L270_H425x3 L270_H425x4 L300_H425x2 L300_H425x3 L300_H425x4
240,liu_short_baseline,7.943,L300_H425x2,2x425 + 3x300 t,5,368.43,5,425 500 550 L270_H425x3 L270_H425x4 L300_H425x2 L300_H425x3 L300_H425x4
240,liu_short_baseline,9.912,L300_H425x2,2x425 + 3x300 t,5,380.43,5,425 500 550 L270_H425x3 L270_H425x4 L300_H425x2 L300_H425x3 L300_H425x4
240,liu_short_baseline,12.369,L300_H425x2,2x425 + 3x300 t,5,395.42,5,425 500 550 L270_H425x3 L270_H425x4 L300_H425x2 L300_H425x3 L300_H425x4
240,liu_short_baseline,15.436,L300_H425x2,2x425 + 3x300 t,5,414.12,5,425 500 550 L270_H425x3 L270_H425x4 L300_H425x2 L300_H425x3 L300_H425x4
240,liu_short_baseline,19.263,L300_H425x2,2x425 + 3x300 t,5,437.45,5,425 500 550 L270_H425x3 L270_H425x4 L300_H425x2 L300_H425x3 L300_H425x4
240,liu_short_baseline,24.04,L300_H425x2,2x425 + 3x300 t,5,466.57,5,425 500 550 L270_H425x3 L270_H425x4 L300_H425x2 L300_H425x3 L300_H425x4
240,liu_short_baseline,30.0,L300_H425x2,2x425 + 3x300 t,5,502.91,5,425 500 550 L270_H425x3 L270_H425x4 L300_H425x2 L300_H425x3 L300_H425x4
120,jiang_short_baseline,5.1,MX1,1x500 + 4x270 t,5,348.72,5,380 425 500 550 L270_H500x1 L270_H500x2 L270_H500x3 L300_H500x1 L300_H500x2 L300_H500x3 MX1 MX2
120,jiang_short_baseline,6.364,MX1,1x500 + 4x270 t,5,355.84,5,380 425 500 550 L270_H500x1 L270_H500x2 L270_H500x3 L300_H500x1 L300_H500x2 L300_H500x3 MX1 MX2
120,jiang_short_baseline,7.943,MX1,1x500 + 4x270 t,5,364.72,5,380 425 500 550 L270_H500x1 L270_H500x2 L270_H500x3 L300_H500x1 L300_H500x2 L300_H500x3 MX1 MX2
120,jiang_short_baseline,9.912,MX1,1x500 + 4x270 t,5,375.81,5,380 425 500 550 L270_H500x1 L270_H500x2 L270_H500x3 L300_H500x1 L300_H500x2 L300_H500x3 MX1 MX2
120,jiang_short_baseline,12.369,MX1,1x500 + 4x270 t,5,389.65,5,380 425 500 550 L270_H500x1 L270_H500x2 L270_H500x3 L300_H500x1 L300_H500x2 L300_H500x3 MX1 MX2
120,jiang_short_baseline,15.436,MX1,1x500 + 4x270 t,5,406.92,5,380 425 500 550 L270_H500x1 L270_H500x2 L270_H500x3 L300_H500x1 L300_H500x2 L300_H500x3 MX1 MX2
120,jiang_short_baseline,19.263,MX1,1x500 + 4x270 t,5,428.47,5,380 425 500 550 L270_H500x1 L270_H500x2 L270_H500x3 L300_H500x1 L300_H500x2 L300_H500x3 MX1 MX2
120,jiang_short_baseline,24.04,MX1,1x500 + 4x270 t,5,455.36,5,380 425 500 550 L270_H500x1 L270_H500x2 L270_H500x3 L300_H500x1 L300_H500x2 L300_H500x3 MX1 MX2
120,jiang_short_baseline,30.0,MX1,1x500 + 4x270 t,5,488.92,5,380 425 500 550 L270_H500x1 L270_H500x2 L270_H500x3 L300_H500x1 L300_H500x2 L300_H500x3 MX1 MX2
120,uniform_short_baseline,5.1,L300_H500x2,2x500 + 3x300 t,5,353.19,5,500 550 L270_H500x3 L300_H500x2 L300_H500x3
120,uniform_short_baseline,6.364,L300_H500x2,2x500 + 3x300 t,5,361.42,5,500 550 L270_H500x3 L300_H500x2 L300_H500x3
120,uniform_short_baseline,7.943,L300_H500x2,2x500 + 3x300 t,5,371.69,5,500 550 L270_H500x3 L300_H500x2 L300_H500x3
120,uniform_short_baseline,9.912,L300_H500x2,2x500 + 3x300 t,5,384.51,5,500 550 L270_H500x3 L300_H500x2 L300_H500x3
120,uniform_short_baseline,12.369,L300_H500x2,2x500 + 3x300 t,5,400.51,5,500 550 L270_H500x3 L300_H500x2 L300_H500x3
120,uniform_short_baseline,15.436,L300_H500x2,2x500 + 3x300 t,5,420.47,5,500 550 L270_H500x3 L300_H500x2 L300_H500x3
120,uniform_short_baseline,19.263,L300_H500x2,2x500 + 3x300 t,5,445.38,5,500 550 L270_H500x3 L300_H500x2 L300_H500x3
120,uniform_short_baseline,24.04,L300_H500x2,2x500 + 3x300 t,5,476.46,5,500 550 L270_H500x3 L300_H500x2 L300_H500x3
120,uniform_short_baseline,30.0,L300_H500x2,2x500 + 3x300 t,5,515.25,5,500 550 L270_H500x3 L300_H500x2 L300_H500x3
120,liu_short_baseline,5.1,L300_H425x2,2x425 + 3x300 t,5,351.1,5,425 500 550 L270_H425x3 L270_H425x4 L300_H425x2 L300_H425x3 L300_H425x4
120,liu_short_baseline,6.364,L300_H425x2,2x425 + 3x300 t,5,358.8,5,425 500 550 L270_H425x3 L270_H425x4 L300_H425x2 L300_H425x3 L300_H425x4
120,liu_short_baseline,7.943,L300_H425x2,2x425 + 3x300 t,5,368.43,5,425 500 550 L270_H425x3 L270_H425x4 L300_H425x2 L300_H425x3 L300_H425x4
120,liu_short_baseline,9.912,L300_H425x2,2x425 + 3x300 t,5,380.43,5,425 500 550 L270_H425x3 L270_H425x4 L300_H425x2 L300_H425x3 L300_H425x4
120,liu_short_baseline,12.369,L300_H425x2,2x425 + 3x300 t,5,395.42,5,425 500 550 L270_H425x3 L270_H425x4 L300_H425x2 L300_H425x3 L300_H425x4
120,liu_short_baseline,15.436,L300_H425x2,2x425 + 3x300 t,5,414.12,5,425 500 550 L270_H425x3 L270_H425x4 L300_H425x2 L300_H425x3 L300_H425x4
120,liu_short_baseline,19.263,L300_H425x2,2x425 + 3x300 t,5,437.45,5,425 500 550 L270_H425x3 L270_H425x4 L300_H425x2 L300_H425x3 L300_H425x4
120,liu_short_baseline,24.04,L300_H425x2,2x425 + 3x300 t,5,466.57,5,425 500 550 L270_H425x3 L270_H425x4 L300_H425x2 L300_H425x3 L300_H425x4
120,liu_short_baseline,30.0,L300_H425x2,2x425 + 3x300 t,5,502.91,5,425 500 550 L270_H425x3 L270_H425x4 L300_H425x2 L300_H425x3 L300_H425x4
60,jiang_short_baseline,5.1,L300_H500x1,1x500 + 4x300 t,5,350.4,5,380 425 500 550 L270_H500x2 L270_H500x3 L300_H500x1 L300_H500x2 L300_H500x3 MX2
60,jiang_short_baseline,6.364,L300_H500x1,1x500 + 4x300 t,5,357.93,5,380 425 500 550 L270_H500x2 L270_H500x3 L300_H500x1 L300_H500x2 L300_H500x3 MX2
60,jiang_short_baseline,7.943,L300_H500x1,1x500 + 4x300 t,5,367.34,5,380 425 500 550 L270_H500x2 L270_H500x3 L300_H500x1 L300_H500x2 L300_H500x3 MX2
60,jiang_short_baseline,9.912,L300_H500x1,1x500 + 4x300 t,5,379.07,5,380 425 500 550 L270_H500x2 L270_H500x3 L300_H500x1 L300_H500x2 L300_H500x3 MX2
60,jiang_short_baseline,12.369,L300_H500x1,1x500 + 4x300 t,5,393.72,5,380 425 500 550 L270_H500x2 L270_H500x3 L300_H500x1 L300_H500x2 L300_H500x3 MX2
60,jiang_short_baseline,15.436,L300_H500x1,1x500 + 4x300 t,5,412.0,5,380 425 500 550 L270_H500x2 L270_H500x3 L300_H500x1 L300_H500x2 L300_H500x3 MX2
60,jiang_short_baseline,19.263,L300_H500x1,1x500 + 4x300 t,5,434.81,5,380 425 500 550 L270_H500x2 L270_H500x3 L300_H500x1 L300_H500x2 L300_H500x3 MX2
60,jiang_short_baseline,24.04,L300_H500x1,1x500 + 4x300 t,5,463.27,5,380 425 500 550 L270_H500x2 L270_H500x3 L300_H500x1 L300_H500x2 L300_H500x3 MX2
60,jiang_short_baseline,30.0,L300_H500x1,1x500 + 4x300 t,5,498.8,5,380 425 500 550 L270_H500x2 L270_H500x3 L300_H500x1 L300_H500x2 L300_H500x3 MX2
60,uniform_short_baseline,5.1,L270_H500x3,3x500 + 2x270 t,5,355.15,5,500 550 L270_H500x3 L300_H500x3
60,uniform_short_baseline,6.364,L270_H500x3,3x500 + 2x270 t,5,363.87,5,500 550 L270_H500x3 L300_H500x3
60,uniform_short_baseline,7.943,L270_H500x3,3x500 + 2x270 t,5,374.74,5,500 550 L270_H500x3 L300_H500x3
60,uniform_short_baseline,9.912,L270_H500x3,3x500 + 2x270 t,5,388.32,5,500 550 L270_H500x3 L300_H500x3
60,uniform_short_baseline,12.369,L270_H500x3,3x500 + 2x270 t,5,405.26,5,500 550 L270_H500x3 L300_H500x3
60,uniform_short_baseline,15.436,L270_H500x3,3x500 + 2x270 t,5,426.39,5,500 550 L270_H500x3 L300_H500x3
60,uniform_short_baseline,19.263,L270_H500x3,3x500 + 2x270 t,5,452.77,5,500 550 L270_H500x3 L300_H500x3
60,uniform_short_baseline,24.04,L270_H500x3,3x500 + 2x270 t,5,485.69,5,500 550 L270_H500x3 L300_H500x3
60,uniform_short_baseline,30.0,L270_H500x3,3x500 + 2x270 t,5,526.77,5,500 550 L270_H500x3 L300_H500x3
60,liu_short_baseline,5.1,L300_H425x2,2x425 + 3x300 t,5,351.1,5,425 500 550 L270_H425x3 L270_H425x4 L300_H425x2 L300_H425x3 L300_H425x4
60,liu_short_baseline,6.364,L300_H425x2,2x425 + 3x300 t,5,358.8,5,425 500 550 L270_H425x3 L270_H425x4 L300_H425x2 L300_H425x3 L300_H425x4
60,liu_short_baseline,7.943,L300_H425x2,2x425 + 3x300 t,5,368.43,5,425 500 550 L270_H425x3 L270_H425x4 L300_H425x2 L300_H425x3 L300_H425x4
60,liu_short_baseline,9.912,L300_H425x2,2x425 + 3x300 t,5,380.43,5,425 500 550 L270_H425x3 L270_H425x4 L300_H425x2 L300_H425x3 L300_H425x4
60,liu_short_baseline,12.369,L300_H425x2,2x425 + 3x300 t,5,395.42,5,425 500 550 L270_H425x3 L270_H425x4 L300_H425x2 L300_H425x3 L300_H425x4
60,liu_short_baseline,15.436,L300_H425x2,2x425 + 3x300 t,5,414.12,5,425 500 550 L270_H425x3 L270_H425x4 L300_H425x2 L300_H425x3 L300_H425x4
60,liu_short_baseline,19.263,L300_H425x2,2x425 + 3x300 t,5,437.45,5,425 500 550 L270_H425x3 L270_H425x4 L300_H425x2 L300_H425x3 L300_H425x4
60,liu_short_baseline,24.04,L300_H425x2,2x425 + 3x300 t,5,466.57,5,425 500 550 L270_H425x3 L270_H425x4 L300_H425x2 L300_H425x3 L300_H425x4
60,liu_short_baseline,30.0,L300_H425x2,2x425 + 3x300 t,5,502.91,5,425 500 550 L270_H425x3 L270_H425x4 L300_H425x2 L300_H425x3 L300_H425x4
30,jiang_short_baseline,5.1,L300_H500x1,1x500 + 4x300 t,5,350.4,5,425 500 550 L270_H500x2 L270_H500x3 L300_H500x1 L300_H500x2 L300_H500x3 MX2
30,jiang_short_baseline,6.364,L300_H500x1,1x500 + 4x300 t,5,357.93,5,425 500 550 L270_H500x2 L270_H500x3 L300_H500x1 L300_H500x2 L300_H500x3 MX2
30,jiang_short_baseline,7.943,L300_H500x1,1x500 + 4x300 t,5,367.34,5,425 500 550 L270_H500x2 L270_H500x3 L300_H500x1 L300_H500x2 L300_H500x3 MX2
30,jiang_short_baseline,9.912,L300_H500x1,1x500 + 4x300 t,5,379.07,5,425 500 550 L270_H500x2 L270_H500x3 L300_H500x1 L300_H500x2 L300_H500x3 MX2
30,jiang_short_baseline,12.369,L300_H500x1,1x500 + 4x300 t,5,393.72,5,425 500 550 L270_H500x2 L270_H500x3 L300_H500x1 L300_H500x2 L300_H500x3 MX2
30,jiang_short_baseline,15.436,L300_H500x1,1x500 + 4x300 t,5,412.0,5,425 500 550 L270_H500x2 L270_H500x3 L300_H500x1 L300_H500x2 L300_H500x3 MX2
30,jiang_short_baseline,19.263,L300_H500x1,1x500 + 4x300 t,5,434.81,5,425 500 550 L270_H500x2 L270_H500x3 L300_H500x1 L300_H500x2 L300_H500x3 MX2
30,jiang_short_baseline,24.04,L300_H500x1,1x500 + 4x300 t,5,463.27,5,425 500 550 L270_H500x2 L270_H500x3 L300_H500x1 L300_H500x2 L300_H500x3 MX2
30,jiang_short_baseline,30.0,L300_H500x1,1x500 + 4x300 t,5,498.8,5,425 500 550 L270_H500x2 L270_H500x3 L300_H500x1 L300_H500x2 L300_H500x3 MX2
30,uniform_short_baseline,5.1,L270_H500x3,3x500 + 2x270 t,5,355.15,5,500 550 L270_H500x3 L300_H500x3
30,uniform_short_baseline,6.364,L270_H500x3,3x500 + 2x270 t,5,363.87,5,500 550 L270_H500x3 L300_H500x3
30,uniform_short_baseline,7.943,L270_H500x3,3x500 + 2x270 t,5,374.74,5,500 550 L270_H500x3 L300_H500x3
30,uniform_short_baseline,9.912,L270_H500x3,3x500 + 2x270 t,5,388.32,5,500 550 L270_H500x3 L300_H500x3
30,uniform_short_baseline,12.369,L270_H500x3,3x500 + 2x270 t,5,405.26,5,500 550 L270_H500x3 L300_H500x3
30,uniform_short_baseline,15.436,L270_H500x3,3x500 + 2x270 t,5,426.39,5,500 550 L270_H500x3 L300_H500x3
30,uniform_short_baseline,19.263,L270_H500x3,3x500 + 2x270 t,5,452.77,5,500 550 L270_H500x3 L300_H500x3
30,uniform_short_baseline,24.04,L270_H500x3,3x500 + 2x270 t,5,485.69,5,500 550 L270_H500x3 L300_H500x3
30,uniform_short_baseline,30.0,L270_H500x3,3x500 + 2x270 t,5,526.77,5,500 550 L270_H500x3 L300_H500x3
30,liu_short_baseline,5.1,L300_H425x2,2x425 + 3x300 t,5,351.1,5,425 500 550 L270_H425x4 L300_H425x2 L300_H425x3 L300_H425x4
30,liu_short_baseline,6.364,L300_H425x2,2x425 + 3x300 t,5,358.8,5,425 500 550 L270_H425x4 L300_H425x2 L300_H425x3 L300_H425x4
30,liu_short_baseline,7.943,L300_H425x2,2x425 + 3x300 t,5,368.43,5,425 500 550 L270_H425x4 L300_H425x2 L300_H425x3 L300_H425x4
30,liu_short_baseline,9.912,L300_H425x2,2x425 + 3x300 t,5,380.43,5,425 500 550 L270_H425x4 L300_H425x2 L300_H425x3 L300_H425x4
30,liu_short_baseline,12.369,L300_H425x2,2x425 + 3x300 t,5,395.42,5,425 500 550 L270_H425x4 L300_H425x2 L300_H425x3 L300_H425x4
30,liu_short_baseline,15.436,L300_H425x2,2x425 + 3x300 t,5,414.12,5,425 500 550 L270_H425x4 L300_H425x2 L300_H425x3 L300_H425x4
30,liu_short_baseline,19.263,L300_H425x2,2x425 + 3x300 t,5,437.45,5,425 500 550 L270_H425x4 L300_H425x2 L300_H425x3 L300_H425x4
30,liu_short_baseline,24.04,L300_H425x2,2x425 + 3x300 t,5,466.57,5,425 500 550 L270_H425x4 L300_H425x2 L300_H425x3 L300_H425x4
30,liu_short_baseline,30.0,L300_H425x2,2x425 + 3x300 t,5,502.91,5,425 500 550 L270_H425x4 L300_H425x2 L300_H425x3 L300_H425x4
