series,K,seed,opt,alns_j0,alns_best,n_runs
exact_jiang_short_baseline_T270,4,102,0,1,1,3
exact_jiang_short_baseline_T270,4,103,1,1,1,3
exact_jiang_short_baseline_T270,4,104,2,2,2,3
exact_jiang_short_baseline_T270,4,105,0,0,0,3
exact_jiang_short_baseline_T270,4,106,2,2,2,3
exact_jiang_short_baseline_T270,4,107,0,0,0,3
exact_jiang_short_baseline_T270,4,108,0,0,0,3
exact_jiang_short_baseline_T270,4,110,1,1,1,3
exact_jiang_short_baseline_T270,5,101,1,1,1,1
exact_jiang_short_baseline_T270,5,102,0,0,0,1
exact_jiang_short_baseline_T270,5,103,0,0,0,1
exact_jiang_short_baseline_T270,5,104,1,1,1,1
exact_jiang_short_baseline_T270,5,105,0,0,0,1
exact_jiang_short_baseline_T270,5,106,1,1,1,1
exact_jiang_short_baseline_T270,5,107,0,0,0,1
exact_jiang_short_baseline_T270,5,108,0,0,0,1
exact_jiang_short_baseline_T270,5,109,0,0,0,1
exact_jiang_short_baseline_T270,5,110,0,0,0,1
exact_jiang_short_baseline_T300,3,102,1,1,1,3
exact_jiang_short_baseline_T300,3,103,1,1,1,3
exact_jiang_short_baseline_T300,3,104,2,2,2,3
exact_jiang_short_baseline_T300,3,105,0,0,0,3
exact_jiang_short_baseline_T300,3,106,1,2,1,3
exact_jiang_short_baseline_T300,3,108,0,0,0,3
exact_jiang_short_baseline_T300,3,109,1,1,1,3
exact_jiang_short_baseline_T300,3,110,1,2,1,3
exact_jiang_short_baseline_T300,4,102,0,0,0,1
exact_jiang_short_baseline_T300,4,103,0,1,1,1
exact_jiang_short_baseline_T300,4,104,0,0,0,1
exact_jiang_short_baseline_T300,4,105,0,0,0,1
exact_jiang_short_baseline_T300,4,106,0,0,0,1
exact_jiang_short_baseline_T300,4,107,0,0,0,1
exact_jiang_short_baseline_T300,4,108,0,0,0,1
exact_jiang_short_baseline_T300,4,109,0,0,0,1
exact_jiang_short_baseline_T300,4,110,0,0,0,1
exact_jiang_short_baseline_T380,2,102,3,3,3,3
exact_jiang_short_baseline_T380,2,103,3,3,3,3
exact_jiang_short_baseline_T380,2,105,2,2,2,3
exact_jiang_short_baseline_T380,2,108,3,3,3,3
exact_jiang_short_baseline_T380,2,109,3,3,3,3
exact_jiang_short_baseline_T380,3,101,1,2,2,1
exact_jiang_short_baseline_T380,3,102,0,0,0,1
exact_jiang_short_baseline_T380,3,103,0,0,0,1
exact_jiang_short_baseline_T380,3,104,2,2,2,1
exact_jiang_short_baseline_T380,3,105,0,0,0,1
exact_jiang_short_baseline_T380,3,106,1,1,1,1
exact_jiang_short_baseline_T380,3,107,0,0,0,1
exact_jiang_short_baseline_T380,3,108,0,0,0,1
exact_jiang_short_baseline_T380,3,109,0,0,0,1
exact_jiang_short_baseline_T380,3,110,1,1,1,1
exact_jiang_short_baseline_T425,2,101,3,4,3,3
exact_jiang_short_baseline_T425,2,102,3,3,3,3
exact_jiang_short_baseline_T425,2,103,3,3,3,3
exact_jiang_short_baseline_T425,2,105,2,2,2,3
exact_jiang_short_baseline_T425,2,107,2,2,2,3
exact_jiang_short_baseline_T425,2,108,3,3,3,3
exact_jiang_short_baseline_T425,2,109,3,3,3,3
exact_jiang_short_baseline_T425,3,101,0,0,0,1
exact_jiang_short_baseline_T425,3,102,0,0,0,1
exact_jiang_short_baseline_T425,3,103,0,0,0,1
exact_jiang_short_baseline_T425,3,104,2,2,2,1
exact_jiang_short_baseline_T425,3,105,0,0,0,1
exact_jiang_short_baseline_T425,3,106,1,1,1,1
exact_jiang_short_baseline_T425,3,107,0,0,0,1
exact_jiang_short_baseline_T425,3,108,0,0,0,1
exact_jiang_short_baseline_T425,3,109,0,0,0,1
exact_jiang_short_baseline_T425,3,110,0,0,0,1
exact_jiang_short_baseline_T500,2,101,3,4,3,3
exact_jiang_short_baseline_T500,2,102,3,3,3,3
exact_jiang_short_baseline_T500,2,103,3,3,3,3
exact_jiang_short_baseline_T500,2,105,2,2,2,3
exact_jiang_short_baseline_T500,2,107,2,2,2,3
exact_jiang_short_baseline_T500,2,108,3,3,3,3
exact_jiang_short_baseline_T500,2,109,3,3,3,3
exact_jiang_short_baseline_T500,3,101,0,0,0,1
exact_jiang_short_baseline_T500,3,102,0,0,0,1
exact_jiang_short_baseline_T500,3,103,0,0,0,1
exact_jiang_short_baseline_T500,3,104,1,1,1,1
exact_jiang_short_baseline_T500,3,105,0,0,0,1
exact_jiang_short_baseline_T500,3,106,1,1,1,1
exact_jiang_short_baseline_T500,3,107,0,0,0,1
exact_jiang_short_baseline_T500,3,108,0,0,0,1
exact_jiang_short_baseline_T500,3,109,0,0,0,1
exact_jiang_short_baseline_T500,3,110,0,0,0,1
exact_jiang_short_baseline_T550,2,101,3,4,3,3
exact_jiang_short_baseline_T550,2,102,3,3,3,3
exact_jiang_short_baseline_T550,2,103,3,3,3,3
exact_jiang_short_baseline_T550,2,105,2,2,2,3
exact_jiang_short_baseline_T550,2,107,2,2,2,3
exact_jiang_short_baseline_T550,2,108,3,3,3,3
exact_jiang_short_baseline_T550,2,109,3,3,3,3
exact_jiang_short_baseline_T550,3,101,0,0,0,1
exact_jiang_short_baseline_T550,3,102,0,0,0,1
exact_jiang_short_baseline_T550,3,103,0,0,0,1
exact_jiang_short_baseline_T550,3,104,1,1,1,1
exact_jiang_short_baseline_T550,3,105,0,0,0,1
exact_jiang_short_baseline_T550,3,106,1,1,1,1
exact_jiang_short_baseline_T550,3,107,0,0,0,1
exact_jiang_short_baseline_T550,3,108,0,0,0,1
exact_jiang_short_baseline_T550,3,109,0,0,0,1
exact_jiang_short_baseline_T550,3,110,0,0,0,1
exact_jiang_short_baseline_MX1,3,101,2,2,2,3
exact_jiang_short_baseline_MX1,3,102,0,0,0,3
exact_jiang_short_baseline_MX1,3,103,1,1,1,3
exact_jiang_short_baseline_MX1,3,104,1,1,1,3
exact_jiang_short_baseline_MX1,3,105,0,0,0,3
exact_jiang_short_baseline_MX1,3,106,2,2,2,3
exact_jiang_short_baseline_MX1,3,107,0,0,0,3
exact_jiang_short_baseline_MX1,3,108,0,0,0,3
exact_jiang_short_baseline_MX1,3,109,0,0,0,3
exact_jiang_short_baseline_MX1,3,110,1,1,1,3
exact_jiang_short_baseline_MX1,4,101,1,1,1,1
exact_jiang_short_baseline_MX1,4,102,0,0,0,1
exact_jiang_short_baseline_MX1,4,103,0,0,0,1
exact_jiang_short_baseline_MX1,4,104,0,0,0,1
exact_jiang_short_baseline_MX1,4,105,0,0,0,1
exact_jiang_short_baseline_MX1,4,106,0,0,0,1
exact_jiang_short_baseline_MX1,4,107,0,0,0,1
exact_jiang_short_baseline_MX1,4,108,0,0,0,1
exact_jiang_short_baseline_MX1,4,109,0,0,0,1
exact_jiang_short_baseline_MX1,4,110,0,0,0,1
exact_jiang_short_baseline_MX2,3,101,1,1,1,1
exact_jiang_short_baseline_MX2,3,102,0,0,0,1
exact_jiang_short_baseline_MX2,3,103,0,0,0,1
exact_jiang_short_baseline_MX2,3,104,1,1,1,1
exact_jiang_short_baseline_MX2,3,105,0,0,0,1
exact_jiang_short_baseline_MX2,3,106,1,1,1,1
exact_jiang_short_baseline_MX2,3,107,0,0,0,1
exact_jiang_short_baseline_MX2,3,108,0,0,0,1
exact_jiang_short_baseline_MX2,3,109,0,0,0,1
exact_jiang_short_baseline_MX2,3,110,0,0,0,1
exact_jiang_massdep_baseline_T270,7,102,0,0,0,3
exact_jiang_massdep_baseline_T270,7,103,1,1,1,3
exact_jiang_massdep_baseline_T270,7,104,2,2,2,3
exact_jiang_massdep_baseline_T270,7,105,0,0,0,3
exact_jiang_massdep_baseline_T270,7,106,2,2,2,3
exact_jiang_massdep_baseline_T270,7,107,0,0,0,3
exact_jiang_massdep_baseline_T270,7,108,0,0,0,3
exact_jiang_massdep_baseline_T270,7,109,0,0,0,3
exact_jiang_massdep_baseline_T270,7,110,0,1,0,3
exact_jiang_massdep_baseline_T270,8,101,1,1,1,1
exact_jiang_massdep_baseline_T270,8,102,0,0,0,1
exact_jiang_massdep_baseline_T270,8,103,0,0,0,1
exact_jiang_massdep_baseline_T270,8,104,1,1,1,1
exact_jiang_massdep_baseline_T270,8,105,0,0,0,1
exact_jiang_massdep_baseline_T270,8,106,1,1,1,1
exact_jiang_massdep_baseline_T270,8,107,0,0,0,1
exact_jiang_massdep_baseline_T270,8,108,0,0,0,1
exact_jiang_massdep_baseline_T270,8,109,0,0,0,1
exact_jiang_massdep_baseline_T270,8,110,0,0,0,1
exact_jiang_massdep_baseline_T300,5,102,1,1,1,3
exact_jiang_massdep_baseline_T300,5,103,1,1,1,3
exact_jiang_massdep_baseline_T300,5,104,2,2,2,3
exact_jiang_massdep_baseline_T300,5,105,0,0,0,3
exact_jiang_massdep_baseline_T300,5,106,1,1,1,3
exact_jiang_massdep_baseline_T300,5,107,0,0,0,3
exact_jiang_massdep_baseline_T300,5,108,0,0,0,3
exact_jiang_massdep_baseline_T300,5,109,1,1,1,3
exact_jiang_massdep_baseline_T300,5,110,1,1,1,3
exact_jiang_massdep_baseline_T300,6,101,2,2,2,1
exact_jiang_massdep_baseline_T300,6,102,1,1,1,1
exact_jiang_massdep_baseline_T300,6,103,1,1,1,1
exact_jiang_massdep_baseline_T300,6,104,1,1,1,1
exact_jiang_massdep_baseline_T300,6,105,0,0,0,1
exact_jiang_massdep_baseline_T300,6,106,1,1,1,1
exact_jiang_massdep_baseline_T300,6,107,0,0,0,1
exact_jiang_massdep_baseline_T300,6,108,0,0,0,1
exact_jiang_massdep_baseline_T300,6,109,0,0,0,1
exact_jiang_massdep_baseline_T300,6,110,0,0,0,1
exact_jiang_massdep_baseline_T380,4,101,3,3,3,3
exact_jiang_massdep_baseline_T380,4,102,1,1,1,3
exact_jiang_massdep_baseline_T380,4,103,1,1,1,3
exact_jiang_massdep_baseline_T380,4,104,3,3,3,3
exact_jiang_massdep_baseline_T380,4,105,1,1,1,3
exact_jiang_massdep_baseline_T380,4,106,2,2,2,3
exact_jiang_massdep_baseline_T380,4,107,1,1,1,3
exact_jiang_massdep_baseline_T380,4,108,0,0,0,3
exact_jiang_massdep_baseline_T380,4,109,0,0,0,3
exact_jiang_massdep_baseline_T380,4,110,1,1,1,3
exact_jiang_massdep_baseline_T380,5,101,1,1,1,1
exact_jiang_massdep_baseline_T380,5,102,0,0,0,1
exact_jiang_massdep_baseline_T380,5,103,0,0,0,1
exact_jiang_massdep_baseline_T380,5,104,1,1,1,1
exact_jiang_massdep_baseline_T380,5,105,0,0,0,1
exact_jiang_massdep_baseline_T380,5,106,1,1,1,1
exact_jiang_massdep_baseline_T380,5,107,0,0,0,1
exact_jiang_massdep_baseline_T380,5,108,0,0,0,1
exact_jiang_massdep_baseline_T380,5,109,0,0,0,1
exact_jiang_massdep_baseline_T380,5,110,1,1,1,1
exact_jiang_massdep_baseline_T425,4,101,2,2,2,3
exact_jiang_massdep_baseline_T425,4,102,1,1,1,3
exact_jiang_massdep_baseline_T425,4,103,1,1,1,3
exact_jiang_massdep_baseline_T425,4,104,3,3,3,3
exact_jiang_massdep_baseline_T425,4,105,1,1,1,3
exact_jiang_massdep_baseline_T425,4,106,2,2,2,3
exact_jiang_massdep_baseline_T425,4,107,0,0,0,3
exact_jiang_massdep_baseline_T425,4,108,0,0,0,3
exact_jiang_massdep_baseline_T425,4,109,0,0,0,3
exact_jiang_massdep_baseline_T425,4,110,1,2,1,3
exact_jiang_massdep_baseline_T425,5,101,0,0,0,1
exact_jiang_massdep_baseline_T425,5,102,0,0,0,1
exact_jiang_massdep_baseline_T425,5,103,0,0,0,1
exact_jiang_massdep_baseline_T425,5,104,1,1,1,1
exact_jiang_massdep_baseline_T425,5,105,0,0,0,1
exact_jiang_massdep_baseline_T425,5,106,1,1,1,1
exact_jiang_massdep_baseline_T425,5,107,0,0,0,1
exact_jiang_massdep_baseline_T425,5,108,0,0,0,1
exact_jiang_massdep_baseline_T425,5,109,0,0,0,1
exact_jiang_massdep_baseline_T425,5,110,0,0,0,1
exact_jiang_massdep_baseline_T500,4,101,2,2,2,3
exact_jiang_massdep_baseline_T500,4,102,1,1,1,3
exact_jiang_massdep_baseline_T500,4,103,1,1,1,3
exact_jiang_massdep_baseline_T500,4,104,2,2,2,3
exact_jiang_massdep_baseline_T500,4,105,1,1,1,3
exact_jiang_massdep_baseline_T500,4,106,2,2,2,3
exact_jiang_massdep_baseline_T500,4,107,0,0,0,3
exact_jiang_massdep_baseline_T500,4,108,0,0,0,3
exact_jiang_massdep_baseline_T500,4,109,0,0,0,3
exact_jiang_massdep_baseline_T500,4,110,1,2,1,3
exact_jiang_massdep_baseline_T500,5,101,0,0,0,1
exact_jiang_massdep_baseline_T500,5,102,0,0,0,1
exact_jiang_massdep_baseline_T500,5,103,0,0,0,1
exact_jiang_massdep_baseline_T500,5,104,1,1,1,1
exact_jiang_massdep_baseline_T500,5,105,0,0,0,1
exact_jiang_massdep_baseline_T500,5,106,1,1,1,1
exact_jiang_massdep_baseline_T500,5,107,0,0,0,1
exact_jiang_massdep_baseline_T500,5,108,0,0,0,1
exact_jiang_massdep_baseline_T500,5,109,0,0,0,1
exact_jiang_massdep_baseline_T500,5,110,0,0,0,1
exact_jiang_massdep_baseline_T550,4,101,2,2,2,3
exact_jiang_massdep_baseline_T550,4,102,1,1,1,3
exact_jiang_massdep_baseline_T550,4,103,1,1,1,3
exact_jiang_massdep_baseline_T550,4,104,2,2,2,3
exact_jiang_massdep_baseline_T550,4,105,1,1,1,3
exact_jiang_massdep_baseline_T550,4,106,2,2,2,3
exact_jiang_massdep_baseline_T550,4,107,0,0,0,3
exact_jiang_massdep_baseline_T550,4,108,0,0,0,3
exact_jiang_massdep_baseline_T550,4,109,0,0,0,3
exact_jiang_massdep_baseline_T550,4,110,1,2,1,3
exact_jiang_massdep_baseline_T550,5,101,0,0,0,1
exact_jiang_massdep_baseline_T550,5,102,0,0,0,1
exact_jiang_massdep_baseline_T550,5,103,0,0,0,1
exact_jiang_massdep_baseline_T550,5,104,1,1,1,1
exact_jiang_massdep_baseline_T550,5,105,0,0,0,1
exact_jiang_massdep_baseline_T550,5,106,1,1,1,1
exact_jiang_massdep_baseline_T550,5,107,0,0,0,1
exact_jiang_massdep_baseline_T550,5,108,0,0,0,1
exact_jiang_massdep_baseline_T550,5,109,0,0,0,1
exact_jiang_massdep_baseline_T550,5,110,0,0,0,1
exact_jiang_massdep_baseline_MX1,6,102,0,0,0,3
exact_jiang_massdep_baseline_MX1,6,103,1,1,1,3
exact_jiang_massdep_baseline_MX1,6,104,2,2,2,3
exact_jiang_massdep_baseline_MX1,6,105,0,0,0,3
exact_jiang_massdep_baseline_MX1,6,106,2,2,2,3
exact_jiang_massdep_baseline_MX1,6,107,0,0,0,3
exact_jiang_massdep_baseline_MX1,6,108,0,0,0,3
exact_jiang_massdep_baseline_MX1,6,109,0,0,0,3
exact_jiang_massdep_baseline_MX1,6,110,0,0,0,3
exact_jiang_massdep_baseline_MX1,7,101,1,1,1,1
exact_jiang_massdep_baseline_MX1,7,102,0,0,0,1
exact_jiang_massdep_baseline_MX1,7,103,0,0,0,1
exact_jiang_massdep_baseline_MX1,7,104,1,1,1,1
exact_jiang_massdep_baseline_MX1,7,105,0,0,0,1
exact_jiang_massdep_baseline_MX1,7,106,1,1,1,1
exact_jiang_massdep_baseline_MX1,7,107,0,0,0,1
exact_jiang_massdep_baseline_MX1,7,108,0,0,0,1
exact_jiang_massdep_baseline_MX1,7,109,0,0,0,1
exact_jiang_massdep_baseline_MX1,7,110,0,0,0,1
exact_jiang_massdep_baseline_MX2,5,101,2,2,2,3
exact_jiang_massdep_baseline_MX2,5,102,0,0,0,3
exact_jiang_massdep_baseline_MX2,5,103,1,1,1,3
exact_jiang_massdep_baseline_MX2,5,104,2,2,2,3
exact_jiang_massdep_baseline_MX2,5,105,0,0,0,3
exact_jiang_massdep_baseline_MX2,5,106,2,2,2,3
exact_jiang_massdep_baseline_MX2,6,101,1,1,1,1
exact_jiang_massdep_baseline_MX2,6,102,0,0,0,1
exact_jiang_massdep_baseline_MX2,6,103,0,0,0,1
exact_jiang_massdep_baseline_MX2,6,104,1,1,1,1
exact_jiang_massdep_baseline_MX2,6,105,0,0,0,1
exact_jiang_massdep_baseline_MX2,6,106,1,1,1,1
exact_jiang_massdep_baseline_MX2,6,107,0,0,0,1
exact_jiang_massdep_baseline_MX2,6,108,0,0,0,1
exact_jiang_massdep_baseline_MX2,6,109,0,0,0,1
exact_jiang_massdep_baseline_MX2,6,110,0,0,0,1
exact_jiang_massdep_baseline_MX2,5,107,0,0,0,3
exact_jiang_massdep_baseline_MX2,5,108,0,0,0,3
exact_jiang_massdep_baseline_MX2,5,109,0,0,0,3
exact_jiang_massdep_baseline_MX2,5,110,0,0,0,3
exact_rohcha_short_baseline_T270,6,104,2,3,3,1
exact_rohcha_short_baseline_T270,6,107,0,0,0,1
exact_rohcha_short_baseline_T270,6,108,0,0,0,1
exact_rohcha_short_baseline_T270,6,109,0,0,0,1
exact_rohcha_short_baseline_T270,7,105,0,0,0,3
exact_rohcha_short_baseline_T270,7,107,0,0,0,3
exact_rohcha_short_baseline_T270,7,108,0,0,0,3
exact_rohcha_short_baseline_T270,7,109,0,0,0,3
exact_rohcha_short_baseline_T270,8,102,0,0,0,1
exact_rohcha_short_baseline_T270,8,103,0,0,0,1
exact_rohcha_short_baseline_T270,8,104,1,1,1,1
exact_rohcha_short_baseline_T270,8,105,0,0,0,1
exact_rohcha_short_baseline_T270,8,106,0,0,0,1
exact_rohcha_short_baseline_T270,8,107,0,0,0,1
exact_rohcha_short_baseline_T270,8,108,0,0,0,1
exact_rohcha_short_baseline_T270,8,109,0,0,0,1
exact_rohcha_short_baseline_T270,8,110,0,0,0,1
exact_rohcha_short_baseline_T300,5,103,1,1,1,3
exact_rohcha_short_baseline_T300,5,105,1,2,1,3
exact_rohcha_short_baseline_T300,5,107,0,0,0,3
exact_rohcha_short_baseline_T300,6,102,0,0,0,1
exact_rohcha_short_baseline_T300,6,103,0,0,0,1
exact_rohcha_short_baseline_T300,6,104,1,1,1,1
exact_rohcha_short_baseline_T300,6,105,0,0,0,1
exact_rohcha_short_baseline_T300,6,106,1,1,1,1
exact_rohcha_short_baseline_T300,6,107,0,0,0,1
exact_rohcha_short_baseline_T300,6,108,0,0,0,1
exact_rohcha_short_baseline_T300,6,109,0,0,0,1
exact_rohcha_short_baseline_T380,5,101,1,1,1,3
exact_rohcha_short_baseline_T380,5,103,1,1,1,3
exact_rohcha_short_baseline_T380,5,104,2,2,2,3
exact_rohcha_short_baseline_T380,5,105,1,1,1,3
exact_rohcha_short_baseline_T380,5,107,0,0,0,3
exact_rohcha_short_baseline_T380,5,109,0,0,0,3
exact_rohcha_short_baseline_T380,6,101,0,0,0,1
exact_rohcha_short_baseline_T380,6,102,0,0,0,1
exact_rohcha_short_baseline_T380,6,103,0,0,0,1
exact_rohcha_short_baseline_T380,6,104,1,1,1,1
exact_rohcha_short_baseline_T380,6,105,0,0,0,1
exact_rohcha_short_baseline_T380,6,107,0,0,0,1
exact_rohcha_short_baseline_T380,6,108,0,0,0,1
exact_rohcha_short_baseline_T380,6,109,0,0,0,1
exact_rohcha_short_baseline_T380,6,110,0,0,0,1
exact_rohcha_short_baseline_T425,5,101,1,1,1,3
exact_rohcha_short_baseline_T425,5,103,1,1,1,3
exact_rohcha_short_baseline_T425,5,104,2,2,2,3
exact_rohcha_short_baseline_T425,5,105,1,1,1,3
exact_rohcha_short_baseline_T425,5,107,0,0,0,3
exact_rohcha_short_baseline_T425,5,109,0,0,0,3
exact_rohcha_short_baseline_T425,6,101,0,0,0,1
exact_rohcha_short_baseline_T425,6,102,0,0,0,1
exact_rohcha_short_baseline_T425,6,103,0,0,0,1
exact_rohcha_short_baseline_T425,6,104,1,1,1,1
exact_rohcha_short_baseline_T425,6,105,0,0,0,1
exact_rohcha_short_baseline_T425,6,107,0,0,0,1
exact_rohcha_short_baseline_T425,6,108,0,0,0,1
exact_rohcha_short_baseline_T425,6,109,0,0,0,1
exact_rohcha_short_baseline_T425,6,110,0,0,0,1
exact_rohcha_short_baseline_T500,3,102,2,2,2,3
exact_rohcha_short_baseline_T500,3,103,1,1,1,3
exact_rohcha_short_baseline_T500,3,104,3,3,3,3
exact_rohcha_short_baseline_T500,3,105,1,1,1,3
exact_rohcha_short_baseline_T500,3,106,1,1,1,3
exact_rohcha_short_baseline_T500,3,107,0,0,0,3
exact_rohcha_short_baseline_T500,3,108,1,2,1,3
exact_rohcha_short_baseline_T500,3,109,1,1,1,3
exact_rohcha_short_baseline_T500,3,110,1,2,1,3
exact_rohcha_short_baseline_T500,4,101,0,0,0,1
exact_rohcha_short_baseline_T500,4,104,1,1,1,1
exact_rohcha_short_baseline_T500,4,105,0,0,0,1
exact_rohcha_short_baseline_T500,4,106,0,0,0,1
exact_rohcha_short_baseline_T500,4,107,0,0,0,1
exact_rohcha_short_baseline_T500,4,108,0,0,0,1
exact_rohcha_short_baseline_T500,4,109,0,0,0,1
exact_rohcha_short_baseline_T500,4,110,0,0,0,1
exact_rohcha_short_baseline_T550,2,101,3,4,3,3
exact_rohcha_short_baseline_T550,2,102,3,3,3,3
exact_rohcha_short_baseline_T550,2,103,3,3,3,3
exact_rohcha_short_baseline_T550,2,105,2,2,2,3
exact_rohcha_short_baseline_T550,2,107,2,2,2,3
exact_rohcha_short_baseline_T550,2,108,3,3,3,3
exact_rohcha_short_baseline_T550,2,109,3,3,3,3
exact_rohcha_short_baseline_T550,3,101,0,0,0,1
exact_rohcha_short_baseline_T550,3,102,0,0,0,1
exact_rohcha_short_baseline_T550,3,103,0,0,0,1
exact_rohcha_short_baseline_T550,3,104,1,1,1,1
exact_rohcha_short_baseline_T550,3,105,0,0,0,1
exact_rohcha_short_baseline_T550,3,106,1,1,1,1
exact_rohcha_short_baseline_T550,3,107,0,0,0,1
exact_rohcha_short_baseline_T550,3,108,0,0,0,1
exact_rohcha_short_baseline_T550,3,109,0,0,0,1
exact_rohcha_short_baseline_T550,3,110,0,0,0,1
exact_rohcha_short_baseline_MX1,5,101,1,2,1,3
exact_rohcha_short_baseline_MX1,5,102,1,1,1,3
exact_rohcha_short_baseline_MX1,5,103,1,1,1,3
exact_rohcha_short_baseline_MX1,5,104,2,2,2,3
exact_rohcha_short_baseline_MX1,5,105,0,0,0,3
exact_rohcha_short_baseline_MX1,5,106,2,2,2,3
exact_rohcha_short_baseline_MX1,5,107,0,0,0,3
exact_rohcha_short_baseline_MX1,5,108,0,0,0,3
exact_rohcha_short_baseline_MX1,5,109,0,0,0,3
exact_rohcha_short_baseline_MX1,5,110,1,1,1,3
exact_rohcha_short_baseline_MX1,6,103,0,0,0,1
exact_rohcha_short_baseline_MX1,6,105,0,0,0,1
exact_rohcha_short_baseline_MX1,6,107,0,0,0,1
exact_rohcha_short_baseline_MX1,6,108,0,0,0,1
exact_rohcha_short_baseline_MX1,6,109,0,0,0,1
exact_rohcha_short_baseline_MX2,3,102,2,2,2,3
exact_rohcha_short_baseline_MX2,3,103,1,1,1,3
exact_rohcha_short_baseline_MX2,3,105,1,1,1,3
exact_rohcha_short_baseline_MX2,3,106,3,4,4,3
exact_rohcha_short_baseline_MX2,3,107,0,0,0,3
exact_rohcha_short_baseline_MX2,3,108,1,1,1,3
exact_rohcha_short_baseline_MX2,3,109,0,0,0,3
exact_rohcha_short_baseline_MX2,4,101,1,1,1,1
exact_rohcha_short_baseline_MX2,4,102,0,1,1,1
exact_rohcha_short_baseline_MX2,4,103,0,0,0,1
exact_rohcha_short_baseline_MX2,4,104,1,1,1,1
exact_rohcha_short_baseline_MX2,4,105,0,0,0,1
exact_rohcha_short_baseline_MX2,4,106,1,1,1,1
exact_rohcha_short_baseline_MX2,4,107,0,0,0,1
exact_rohcha_short_baseline_MX2,4,108,0,0,0,1
exact_rohcha_short_baseline_MX2,4,109,0,0,0,1
exact_rohcha_short_baseline_MX2,4,110,1,1,1,1
exact_rohcha_massdep_baseline_T270,10,107,0,0,0,1
exact_rohcha_massdep_baseline_T270,10,108,1,1,1,1
exact_rohcha_massdep_baseline_T270,11,107,0,0,0,1
exact_rohcha_massdep_baseline_T270,11,108,0,0,0,1
exact_rohcha_massdep_baseline_T270,11,109,0,0,0,1
exact_rohcha_massdep_baseline_T300,10,102,2,2,2,1
exact_rohcha_massdep_baseline_T300,10,103,1,1,1,1
exact_rohcha_massdep_baseline_T300,10,107,0,0,0,1
exact_rohcha_massdep_baseline_T300,10,109,0,0,0,1
exact_rohcha_massdep_baseline_T380,10,102,2,2,2,1
exact_rohcha_massdep_baseline_T380,10,103,1,1,1,1
exact_rohcha_massdep_baseline_T380,10,104,1,1,1,1
exact_rohcha_massdep_baseline_T380,10,107,0,0,0,1
exact_rohcha_massdep_baseline_T380,10,108,0,0,0,1
exact_rohcha_massdep_baseline_T380,10,109,0,0,0,1
exact_rohcha_massdep_baseline_T425,10,102,2,2,2,1
exact_rohcha_massdep_baseline_T425,10,103,1,1,1,1
exact_rohcha_massdep_baseline_T425,10,104,1,1,1,1
exact_rohcha_massdep_baseline_T425,10,107,0,0,0,1
exact_rohcha_massdep_baseline_T425,10,108,0,0,0,1
exact_rohcha_massdep_baseline_T425,10,109,0,0,0,1
exact_rohcha_massdep_baseline_T500,7,101,1,1,1,3
exact_rohcha_massdep_baseline_T500,7,102,2,2,2,3
exact_rohcha_massdep_baseline_T500,7,103,1,1,1,3
exact_rohcha_massdep_baseline_T500,7,104,2,2,2,3
exact_rohcha_massdep_baseline_T500,7,105,1,1,1,3
exact_rohcha_massdep_baseline_T500,7,106,1,1,1,3
exact_rohcha_massdep_baseline_T500,7,107,0,0,0,3
exact_rohcha_massdep_baseline_T500,7,108,1,1,1,3
exact_rohcha_massdep_baseline_T500,7,109,0,0,0,3
exact_rohcha_massdep_baseline_T500,7,110,1,1,1,3
exact_rohcha_massdep_baseline_T500,8,101,1,1,1,1
exact_rohcha_massdep_baseline_T500,8,102,1,1,1,1
exact_rohcha_massdep_baseline_T500,8,103,1,1,1,1
exact_rohcha_massdep_baseline_T500,8,104,1,1,1,1
exact_rohcha_massdep_baseline_T500,8,105,1,1,1,1
exact_rohcha_massdep_baseline_T500,8,106,0,0,0,1
exact_rohcha_massdep_baseline_T500,8,107,0,0,0,1
exact_rohcha_massdep_baseline_T500,8,108,0,0,0,1
exact_rohcha_massdep_baseline_T500,8,109,0,0,0,1
exact_rohcha_massdep_baseline_T500,8,110,0,0,0,1
exact_rohcha_massdep_baseline_T550,6,101,1,1,1,3
exact_rohcha_massdep_baseline_T550,6,102,1,1,1,3
exact_rohcha_massdep_baseline_T550,6,103,1,1,1,3
exact_rohcha_massdep_baseline_T550,6,104,1,1,1,3
exact_rohcha_massdep_baseline_T550,6,105,1,1,1,3
exact_rohcha_massdep_baseline_T550,6,106,2,2,2,3
exact_rohcha_massdep_baseline_T550,6,107,0,0,0,3
exact_rohcha_massdep_baseline_T550,6,108,0,0,0,3
exact_rohcha_massdep_baseline_T550,6,109,0,0,0,3
exact_rohcha_massdep_baseline_T550,6,110,1,1,1,3
exact_rohcha_massdep_baseline_T550,7,101,0,0,0,1
exact_rohcha_massdep_baseline_T550,7,102,0,0,0,1
exact_rohcha_massdep_baseline_T550,7,103,0,0,0,1
exact_rohcha_massdep_baseline_T550,7,104,0,0,0,1
exact_rohcha_massdep_baseline_T550,7,105,0,0,0,1
exact_rohcha_massdep_baseline_T550,7,106,1,1,1,1
exact_rohcha_massdep_baseline_T550,7,107,0,0,0,1
exact_rohcha_massdep_baseline_T550,7,108,0,0,0,1
exact_rohcha_massdep_baseline_T550,7,109,0,0,0,1
exact_rohcha_massdep_baseline_T550,7,110,0,0,0,1
exact_rohcha_massdep_baseline_MX1,10,102,2,3,3,1
exact_rohcha_massdep_baseline_MX1,10,103,2,2,2,1
exact_rohcha_massdep_baseline_MX1,10,105,1,1,1,1
exact_rohcha_massdep_baseline_MX2,10,101,1,1,1,1
exact_rohcha_massdep_baseline_MX2,10,104,1,2,2,1
exact_rohcha_massdep_baseline_MX2,10,105,1,1,1,1
exact_rohcha_massdep_baseline_MX2,10,107,0,0,0,1
exact_rohcha_massdep_baseline_MX2,10,108,0,0,0,1
exact_rohcha_massdep_baseline_MX2,10,109,0,0,0,1
exact_rohcha_massdep_baseline_MX2,10,110,2,2,2,1
exact_rohcha_massdep_baseline_MX2,11,101,1,1,1,1
exact_rohcha_massdep_baseline_MX2,11,103,1,1,1,1
exact_rohcha_massdep_baseline_MX2,11,104,1,2,2,1
exact_rohcha_massdep_baseline_MX2,11,105,0,0,0,1
exact_rohcha_massdep_baseline_MX2,11,106,1,2,2,1
exact_rohcha_massdep_baseline_MX2,11,107,0,0,0,1
exact_rohcha_massdep_baseline_MX2,11,108,0,0,0,1
exact_rohcha_massdep_baseline_MX2,11,109,0,0,0,1
exact_liu_short_baseline_T270,5,101,1,2,1,3
exact_liu_short_baseline_T270,5,103,1,1,1,3
exact_liu_short_baseline_T270,5,109,0,0,0,3
exact_liu_short_baseline_T270,5,110,0,0,0,3
exact_liu_short_baseline_T270,6,101,0,0,0,1
exact_liu_short_baseline_T270,6,102,0,0,0,1
exact_liu_short_baseline_T270,6,103,0,0,0,1
exact_liu_short_baseline_T270,6,107,0,0,0,1
exact_liu_short_baseline_T270,6,108,0,0,0,1
exact_liu_short_baseline_T270,6,109,0,0,0,1
exact_liu_short_baseline_T270,6,110,0,0,0,1
exact_liu_short_baseline_T300,4,101,1,2,1,3
exact_liu_short_baseline_T300,4,102,1,1,1,3
exact_liu_short_baseline_T300,4,103,2,2,2,3
exact_liu_short_baseline_T300,4,105,2,2,2,3
exact_liu_short_baseline_T300,4,106,2,2,2,3
exact_liu_short_baseline_T300,4,107,2,2,2,3
exact_liu_short_baseline_T300,4,108,1,2,2,3
exact_liu_short_baseline_T300,4,110,1,1,1,3
exact_liu_short_baseline_T300,5,101,0,0,0,1
exact_liu_short_baseline_T300,5,102,0,0,0,1
exact_liu_short_baseline_T300,5,103,1,1,1,1
exact_liu_short_baseline_T300,5,104,1,1,1,1
exact_liu_short_baseline_T300,5,106,1,1,1,1
exact_liu_short_baseline_T300,5,108,0,0,0,1
exact_liu_short_baseline_T300,5,109,0,0,0,1
exact_liu_short_baseline_T300,5,110,0,0,0,1
exact_liu_short_baseline_T380,3,101,1,1,1,1
exact_liu_short_baseline_T380,3,102,2,2,2,1
exact_liu_short_baseline_T380,3,105,2,2,2,1
exact_liu_short_baseline_T380,3,106,1,1,1,1
exact_liu_short_baseline_T380,3,108,1,1,1,1
exact_liu_short_baseline_T380,3,109,1,1,1,1
exact_liu_short_baseline_T380,3,110,2,2,2,1
exact_liu_short_baseline_T380,4,101,0,0,0,3
exact_liu_short_baseline_T380,4,102,0,1,1,3
exact_liu_short_baseline_T380,4,103,1,2,2,3
exact_liu_short_baseline_T380,4,106,0,0,0,3
exact_liu_short_baseline_T380,4,107,1,1,1,3
exact_liu_short_baseline_T380,4,108,0,0,0,3
exact_liu_short_baseline_T380,4,109,0,0,0,3
exact_liu_short_baseline_T380,4,110,0,0,0,3
exact_liu_short_baseline_T425,2,101,3,4,3,3
exact_liu_short_baseline_T425,2,102,3,3,3,3
exact_liu_short_baseline_T425,2,103,3,3,3,3
exact_liu_short_baseline_T425,2,105,2,2,2,3
exact_liu_short_baseline_T425,2,107,2,2,2,3
exact_liu_short_baseline_T425,2,108,3,3,3,3
exact_liu_short_baseline_T425,2,109,3,3,3,3
exact_liu_short_baseline_T425,3,101,0,0,0,1
exact_liu_short_baseline_T425,3,102,0,0,0,1
exact_liu_short_baseline_T425,3,103,0,0,0,1
exact_liu_short_baseline_T425,3,104,1,1,1,1
exact_liu_short_baseline_T425,3,105,0,0,0,1
exact_liu_short_baseline_T425,3,106,1,1,1,1
exact_liu_short_baseline_T425,3,107,0,0,0,1
exact_liu_short_baseline_T425,3,108,0,0,0,1
exact_liu_short_baseline_T425,3,109,0,0,0,1
exact_liu_short_baseline_T425,3,110,0,0,0,1
exact_liu_short_baseline_T500,2,101,3,4,3,3
exact_liu_short_baseline_T500,2,102,3,3,3,3
exact_liu_short_baseline_T500,2,103,3,3,3,3
exact_liu_short_baseline_T500,2,105,2,2,2,3
exact_liu_short_baseline_T500,2,107,2,2,2,3
exact_liu_short_baseline_T500,2,108,3,3,3,3
exact_liu_short_baseline_T500,2,109,3,3,3,3
exact_liu_short_baseline_T500,3,101,0,0,0,1
exact_liu_short_baseline_T500,3,102,0,0,0,1
exact_liu_short_baseline_T500,3,103,0,0,0,1
exact_liu_short_baseline_T500,3,104,1,1,1,1
exact_liu_short_baseline_T500,3,105,0,0,0,1
exact_liu_short_baseline_T500,3,106,1,1,1,1
exact_liu_short_baseline_T500,3,107,0,0,0,1
exact_liu_short_baseline_T500,3,108,0,0,0,1
exact_liu_short_baseline_T500,3,109,0,0,0,1
exact_liu_short_baseline_T500,3,110,0,0,0,1
exact_liu_short_baseline_T550,2,101,3,4,3,3
exact_liu_short_baseline_T550,2,102,3,3,3,3
exact_liu_short_baseline_T550,2,103,3,3,3,3
exact_liu_short_baseline_T550,2,105,2,2,2,3
exact_liu_short_baseline_T550,2,107,2,2,2,3
exact_liu_short_baseline_T550,2,108,3,3,3,3
exact_liu_short_baseline_T550,2,109,3,3,3,3
exact_liu_short_baseline_T550,3,101,0,0,0,1
exact_liu_short_baseline_T550,3,102,0,0,0,1
exact_liu_short_baseline_T550,3,103,0,0,0,1
exact_liu_short_baseline_T550,3,104,1,1,1,1
exact_liu_short_baseline_T550,3,105,0,0,0,1
exact_liu_short_baseline_T550,3,106,1,1,1,1
exact_liu_short_baseline_T550,3,107,0,0,0,1
exact_liu_short_baseline_T550,3,108,0,0,0,1
exact_liu_short_baseline_T550,3,109,0,0,0,1
exact_liu_short_baseline_T550,3,110,0,0,0,1
exact_liu_short_baseline_MX1,3,101,2,2,2,3
exact_liu_short_baseline_MX1,3,102,1,1,1,3
exact_liu_short_baseline_MX1,3,103,1,1,1,3
exact_liu_short_baseline_MX1,3,104,2,2,2,3
exact_liu_short_baseline_MX1,3,105,2,2,2,3
exact_liu_short_baseline_MX1,3,106,3,3,3,3
exact_liu_short_baseline_MX1,3,107,2,2,2,3
exact_liu_short_baseline_MX1,3,108,2,2,2,3
exact_liu_short_baseline_MX1,3,109,0,0,0,3
exact_liu_short_baseline_MX1,3,110,1,1,1,3
exact_liu_short_baseline_MX1,4,101,0,0,0,1
exact_liu_short_baseline_MX1,4,102,0,0,0,1
exact_liu_short_baseline_MX1,4,103,0,0,0,1
exact_liu_short_baseline_MX1,4,104,1,1,1,1
exact_liu_short_baseline_MX1,4,106,1,1,1,1
exact_liu_short_baseline_MX1,4,107,1,1,1,1
exact_liu_short_baseline_MX1,4,108,1,1,1,1
exact_liu_short_baseline_MX1,4,109,0,0,0,1
exact_liu_short_baseline_MX1,4,110,0,0,0,1
exact_liu_short_baseline_MX2,3,101,0,0,0,1
exact_liu_short_baseline_MX2,3,102,0,0,0,1
exact_liu_short_baseline_MX2,3,103,0,0,0,1
exact_liu_short_baseline_MX2,3,104,1,1,1,1
exact_liu_short_baseline_MX2,3,105,1,1,1,1
exact_liu_short_baseline_MX2,3,106,1,1,1,1
exact_liu_short_baseline_MX2,3,107,1,1,1,1
exact_liu_short_baseline_MX2,3,108,1,1,1,1
exact_liu_short_baseline_MX2,3,109,0,0,0,1
exact_liu_short_baseline_MX2,3,110,0,1,1,1
exact_liu_short_baseline_TL300_H425x1,3,101,1,1,1,3
exact_liu_short_baseline_TL300_H425x1,3,102,0,0,0,3
exact_liu_short_baseline_TL300_H425x1,3,103,1,1,1,3
exact_liu_short_baseline_TL300_H425x1,3,104,2,2,2,3
exact_liu_short_baseline_TL300_H425x1,3,105,1,1,1,3
exact_liu_short_baseline_TL300_H425x1,3,106,2,2,2,3
exact_liu_short_baseline_TL300_H425x1,3,107,1,1,1,3
exact_liu_short_baseline_TL300_H425x1,3,108,1,1,1,3
exact_liu_short_baseline_TL300_H425x1,3,109,0,0,0,3
exact_liu_short_baseline_TL300_H425x1,3,110,0,0,0,3
exact_liu_short_baseline_TL300_H425x1,4,101,0,0,0,1
exact_liu_short_baseline_TL300_H425x1,4,102,0,0,0,1
exact_liu_short_baseline_TL300_H425x1,4,103,0,0,0,1
exact_liu_short_baseline_TL300_H425x1,4,104,1,1,1,1
exact_liu_short_baseline_TL300_H425x1,4,105,0,0,0,1
exact_liu_short_baseline_TL300_H425x1,4,106,1,1,1,1
exact_liu_short_baseline_TL300_H425x1,4,107,0,0,0,1
exact_liu_short_baseline_TL300_H425x1,4,108,0,0,0,1
exact_liu_short_baseline_TL300_H425x1,4,109,0,0,0,1
exact_liu_short_baseline_TL300_H425x1,4,110,0,0,0,1
exact_liu_short_baseline_TL300_H425x2,3,101,0,0,0,1
exact_liu_short_baseline_TL300_H425x2,3,102,0,0,0,1
exact_liu_short_baseline_TL300_H425x2,3,103,0,0,0,1
exact_liu_short_baseline_TL300_H425x2,3,104,1,1,1,1
exact_liu_short_baseline_TL300_H425x2,3,105,0,0,0,1
exact_liu_short_baseline_TL300_H425x2,3,106,1,1,1,1
exact_liu_short_baseline_TL300_H425x2,3,107,0,0,0,1
exact_liu_short_baseline_TL300_H425x2,3,108,0,0,0,1
exact_liu_short_baseline_TL300_H425x2,3,109,0,0,0,1
exact_liu_short_baseline_TL300_H425x2,3,110,0,0,0,1
exact_liu_massdep_baseline_T270,9,102,1,1,1,1
exact_liu_massdep_baseline_T270,9,105,2,2,2,1
exact_liu_massdep_baseline_T270,10,102,0,0,0,1
exact_liu_massdep_baseline_T270,10,103,1,1,1,1
exact_liu_massdep_baseline_T270,10,104,1,1,1,1
exact_liu_massdep_baseline_T270,10,108,0,0,0,1
exact_liu_massdep_baseline_T270,10,109,0,0,0,1
exact_liu_massdep_baseline_T270,10,110,0,0,0,1
exact_liu_massdep_baseline_T300,9,101,0,0,0,3
exact_liu_massdep_baseline_T300,9,102,0,0,0,3
exact_liu_massdep_baseline_T300,9,106,1,1,1,3
exact_liu_massdep_baseline_T300,9,108,0,0,0,3
exact_liu_massdep_baseline_T300,9,109,0,0,0,3
exact_liu_massdep_baseline_T300,9,110,0,0,0,3
exact_liu_massdep_baseline_T300,10,101,0,0,0,1
exact_liu_massdep_baseline_T300,10,102,0,0,0,1
exact_liu_massdep_baseline_T300,10,103,1,1,1,1
exact_liu_massdep_baseline_T300,10,104,1,1,1,1
exact_liu_massdep_baseline_T300,10,106,0,0,0,1
exact_liu_massdep_baseline_T300,10,108,0,0,0,1
exact_liu_massdep_baseline_T300,10,109,0,0,0,1
exact_liu_massdep_baseline_T300,10,110,0,0,0,1
exact_liu_massdep_baseline_T380,8,101,0,0,0,3
exact_liu_massdep_baseline_T380,8,102,0,0,0,3
exact_liu_massdep_baseline_T380,8,103,2,2,2,3
exact_liu_massdep_baseline_T380,8,104,2,2,2,3
exact_liu_massdep_baseline_T380,8,105,1,1,1,3
exact_liu_massdep_baseline_T380,8,106,0,0,0,3
exact_liu_massdep_baseline_T380,8,107,2,2,2,3
exact_liu_massdep_baseline_T380,9,101,0,0,0,1
exact_liu_massdep_baseline_T380,9,102,0,0,0,1
exact_liu_massdep_baseline_T380,9,103,1,1,1,1
exact_liu_massdep_baseline_T380,9,105,0,0,0,1
exact_liu_massdep_baseline_T380,9,106,0,0,0,1
exact_liu_massdep_baseline_T380,9,108,0,0,0,1
exact_liu_massdep_baseline_T380,9,109,0,0,0,1
exact_liu_massdep_baseline_T380,9,110,0,0,0,1
exact_liu_massdep_baseline_T380,8,108,0,0,0,3
exact_liu_massdep_baseline_T380,8,109,0,0,0,3
exact_liu_massdep_baseline_T380,8,110,0,0,0,3
exact_liu_massdep_baseline_T425,5,101,0,0,0,3
exact_liu_massdep_baseline_T425,5,102,1,1,1,3
exact_liu_massdep_baseline_T425,5,103,1,1,1,3
exact_liu_massdep_baseline_T425,5,104,2,2,2,3
exact_liu_massdep_baseline_T425,5,105,1,1,1,3
exact_liu_massdep_baseline_T425,5,106,1,1,1,3
exact_liu_massdep_baseline_T425,5,107,0,0,0,3
exact_liu_massdep_baseline_T425,5,108,0,0,0,3
exact_liu_massdep_baseline_T425,5,109,0,0,0,3
exact_liu_massdep_baseline_T425,5,110,1,1,1,3
exact_liu_massdep_baseline_T425,6,101,0,0,0,1
exact_liu_massdep_baseline_T425,6,102,0,0,0,1
exact_liu_massdep_baseline_T425,6,103,0,0,0,1
exact_liu_massdep_baseline_T425,6,104,0,0,0,1
exact_liu_massdep_baseline_T425,6,105,0,0,0,1
exact_liu_massdep_baseline_T425,6,106,0,0,0,1
exact_liu_massdep_baseline_T425,6,107,0,0,0,1
exact_liu_massdep_baseline_T425,6,108,0,0,0,1
exact_liu_massdep_baseline_T425,6,109,0,0,0,1
exact_liu_massdep_baseline_T425,6,110,0,0,0,1
exact_liu_massdep_baseline_T500,5,101,0,0,0,3
exact_liu_massdep_baseline_T500,5,102,1,1,1,3
exact_liu_massdep_baseline_T500,5,103,1,1,1,3
exact_liu_massdep_baseline_T500,5,104,2,2,2,3
exact_liu_massdep_baseline_T500,5,105,1,1,1,3
exact_liu_massdep_baseline_T500,5,106,1,1,1,3
exact_liu_massdep_baseline_T500,5,107,0,0,0,3
exact_liu_massdep_baseline_T500,5,108,0,0,0,3
exact_liu_massdep_baseline_T500,5,109,0,0,0,3
exact_liu_massdep_baseline_T500,5,110,1,1,1,3
exact_liu_massdep_baseline_T500,6,101,0,0,0,1
exact_liu_massdep_baseline_T500,6,102,0,0,0,1
exact_liu_massdep_baseline_T500,6,103,0,0,0,1
exact_liu_massdep_baseline_T500,6,104,0,0,0,1
exact_liu_massdep_baseline_T500,6,105,0,0,0,1
exact_liu_massdep_baseline_T500,6,106,0,0,0,1
exact_liu_massdep_baseline_T500,6,107,0,0,0,1
exact_liu_massdep_baseline_T500,6,108,0,0,0,1
exact_liu_massdep_baseline_T500,6,109,0,0,0,1
exact_liu_massdep_baseline_T500,6,110,0,0,0,1
exact_liu_massdep_baseline_T550,5,101,0,0,0,3
exact_liu_massdep_baseline_T550,5,102,1,1,1,3
exact_liu_massdep_baseline_T550,5,103,1,1,1,3
exact_liu_massdep_baseline_T550,5,104,2,2,2,3
exact_liu_massdep_baseline_T550,5,105,1,1,1,3
exact_liu_massdep_baseline_T550,5,106,1,1,1,3
exact_liu_massdep_baseline_T550,5,107,0,0,0,3
exact_liu_massdep_baseline_T550,5,108,0,0,0,3
exact_liu_massdep_baseline_T550,5,109,0,0,0,3
exact_liu_massdep_baseline_T550,5,110,1,1,1,3
exact_liu_massdep_baseline_T550,6,101,0,0,0,1
exact_liu_massdep_baseline_T550,6,102,0,0,0,1
exact_liu_massdep_baseline_T550,6,103,0,0,0,1
exact_liu_massdep_baseline_T550,6,104,0,0,0,1
exact_liu_massdep_baseline_T550,6,105,0,0,0,1
exact_liu_massdep_baseline_T550,6,106,0,0,0,1
exact_liu_massdep_baseline_T550,6,107,0,0,0,1
exact_liu_massdep_baseline_T550,6,108,0,0,0,1
exact_liu_massdep_baseline_T550,6,109,0,0,0,1
exact_liu_massdep_baseline_T550,6,110,0,0,0,1
exact_liu_massdep_baseline_MX1,8,101,1,1,1,3
exact_liu_massdep_baseline_MX1,8,102,1,1,1,3
exact_liu_massdep_baseline_MX1,8,103,1,1,1,3
exact_liu_massdep_baseline_MX1,8,104,1,1,1,3
exact_liu_massdep_baseline_MX1,8,105,2,2,2,3
exact_liu_massdep_baseline_MX1,8,106,1,2,1,3
exact_liu_massdep_baseline_MX1,8,107,2,2,2,3
exact_liu_massdep_baseline_MX1,8,109,0,0,0,3
exact_liu_massdep_baseline_MX1,8,110,0,0,0,3
exact_liu_massdep_baseline_MX1,9,101,0,0,0,1
exact_liu_massdep_baseline_MX1,9,102,0,0,0,1
exact_liu_massdep_baseline_MX1,9,103,1,1,1,1
exact_liu_massdep_baseline_MX1,9,104,0,1,1,1
exact_liu_massdep_baseline_MX1,9,105,1,1,1,1
exact_liu_massdep_baseline_MX1,9,106,1,1,1,1
exact_liu_massdep_baseline_MX1,9,107,1,1,1,1
exact_liu_massdep_baseline_MX1,9,108,0,0,0,1
exact_liu_massdep_baseline_MX1,9,109,0,0,0,1
exact_liu_massdep_baseline_MX1,9,110,0,0,0,1
exact_liu_massdep_baseline_MX2,7,101,0,0,0,3
exact_liu_massdep_baseline_MX2,7,102,1,1,1,3
exact_liu_massdep_baseline_MX2,7,103,1,1,1,3
exact_liu_massdep_baseline_MX2,7,104,1,1,1,3
exact_liu_massdep_baseline_MX2,7,105,1,1,1,3
exact_liu_massdep_baseline_MX2,7,106,1,1,1,3
exact_liu_massdep_baseline_MX2,7,107,2,2,2,3
exact_liu_massdep_baseline_MX2,7,108,1,1,1,3
exact_liu_massdep_baseline_MX2,7,109,0,0,0,3
exact_liu_massdep_baseline_MX2,7,110,0,0,0,3
exact_liu_massdep_baseline_MX2,8,101,0,0,0,1
exact_liu_massdep_baseline_MX2,8,102,0,0,0,1
exact_liu_massdep_baseline_MX2,8,103,1,1,1,1
exact_liu_massdep_baseline_MX2,8,104,0,0,0,1
exact_liu_massdep_baseline_MX2,8,105,1,1,1,1
exact_liu_massdep_baseline_MX2,8,106,0,0,0,1
exact_liu_massdep_baseline_MX2,8,107,1,1,1,1
exact_liu_massdep_baseline_MX2,8,108,0,0,0,1
exact_liu_massdep_baseline_MX2,8,109,0,0,0,1
exact_liu_massdep_baseline_MX2,8,110,0,0,0,1
exact_liu_massdep_baseline_TL300_H425x1,7,101,0,0,0,3
exact_liu_massdep_baseline_TL300_H425x1,7,102,1,1,1,3
exact_liu_massdep_baseline_TL300_H425x1,7,103,2,2,2,3
exact_liu_massdep_baseline_TL300_H425x1,7,104,2,2,2,3
exact_liu_massdep_baseline_TL300_H425x1,7,105,1,1,1,3
exact_liu_massdep_baseline_TL300_H425x1,7,106,1,1,1,3
exact_liu_massdep_baseline_TL300_H425x1,7,107,2,2,2,3
exact_liu_massdep_baseline_TL300_H425x1,7,109,0,0,0,3
exact_liu_massdep_baseline_TL300_H425x1,7,110,0,0,0,3
exact_liu_massdep_baseline_TL300_H425x1,8,101,0,0,0,1
exact_liu_massdep_baseline_TL300_H425x1,8,102,0,0,0,1
exact_liu_massdep_baseline_TL300_H425x1,8,103,1,1,1,1
exact_liu_massdep_baseline_TL300_H425x1,8,104,1,1,1,1
exact_liu_massdep_baseline_TL300_H425x1,8,105,1,1,1,1
exact_liu_massdep_baseline_TL300_H425x1,8,106,0,0,0,1
exact_liu_massdep_baseline_TL300_H425x1,8,107,1,1,1,1
exact_liu_massdep_baseline_TL300_H425x1,8,108,0,0,0,1
exact_liu_massdep_baseline_TL300_H425x1,8,109,0,0,0,1
exact_liu_massdep_baseline_TL300_H425x1,8,110,0,0,0,1
exact_liu_massdep_baseline_TL300_H425x2,6,101,0,0,0,3
exact_liu_massdep_baseline_TL300_H425x2,6,102,1,1,1,3
exact_liu_massdep_baseline_TL300_H425x2,6,103,2,2,2,3
exact_liu_massdep_baseline_TL300_H425x2,6,104,2,2,2,3
exact_liu_massdep_baseline_TL300_H425x2,6,105,1,1,1,3
exact_liu_massdep_baseline_TL300_H425x2,6,106,1,1,1,3
exact_liu_massdep_baseline_TL300_H425x2,6,107,2,2,2,3
exact_liu_massdep_baseline_TL300_H425x2,6,108,0,0,0,3
exact_liu_massdep_baseline_TL300_H425x2,6,109,0,0,0,3
exact_liu_massdep_baseline_TL300_H425x2,6,110,1,1,1,3
exact_liu_massdep_baseline_TL300_H425x2,7,101,0,0,0,1
exact_liu_massdep_baseline_TL300_H425x2,7,102,0,0,0,1
exact_liu_massdep_baseline_TL300_H425x2,7,103,1,1,1,1
exact_liu_massdep_baseline_TL300_H425x2,7,104,1,1,1,1
exact_liu_massdep_baseline_TL300_H425x2,7,105,0,0,0,1
exact_liu_massdep_baseline_TL300_H425x2,7,106,0,0,0,1
exact_liu_massdep_baseline_TL300_H425x2,7,107,1,1,1,1
exact_liu_massdep_baseline_TL300_H425x2,7,108,0,0,0,1
exact_liu_massdep_baseline_TL300_H425x2,7,109,0,0,0,1
exact_liu_massdep_baseline_TL300_H425x2,7,110,0,0,0,1
exact_jiang_short_tight_T270,5,101,3,3,3,3
exact_jiang_short_tight_T270,5,102,1,1,1,3
exact_jiang_short_tight_T270,5,103,1,1,1,3
exact_jiang_short_tight_T270,5,104,2,2,2,3
exact_jiang_short_tight_T270,5,105,0,0,0,3
exact_jiang_short_tight_T270,5,106,2,2,2,3
exact_jiang_short_tight_T270,5,108,1,2,1,3
exact_jiang_short_tight_T270,6,102,0,0,0,3
exact_jiang_short_tight_T270,6,103,1,1,1,3
exact_jiang_short_tight_T270,6,104,1,2,1,3
exact_jiang_short_tight_T270,6,105,0,0,0,3
exact_jiang_short_tight_T270,6,106,1,1,1,3
exact_jiang_short_tight_T270,6,107,0,0,0,3
exact_jiang_short_tight_T270,6,108,0,0,0,3
exact_jiang_short_tight_T270,6,110,0,0,0,3
exact_jiang_short_tight_T300,4,101,3,4,4,1
exact_jiang_short_tight_T300,4,102,1,1,1,1
exact_jiang_short_tight_T300,4,103,1,1,1,1
exact_jiang_short_tight_T300,4,104,2,2,2,1
exact_jiang_short_tight_T300,4,105,1,1,1,1
exact_jiang_short_tight_T300,4,106,2,2,2,1
exact_jiang_short_tight_T300,4,107,1,1,1,1
exact_jiang_short_tight_T300,4,108,1,1,1,1
exact_jiang_short_tight_T300,4,109,2,2,2,1
exact_jiang_short_tight_T300,4,110,2,2,2,1
exact_jiang_short_tight_T300,5,101,2,2,2,3
exact_jiang_short_tight_T300,5,102,0,1,1,3
exact_jiang_short_tight_T300,5,103,1,1,1,3
exact_jiang_short_tight_T300,5,104,1,1,1,3
exact_jiang_short_tight_T300,5,105,0,0,0,3
exact_jiang_short_tight_T300,5,106,1,1,1,3
exact_jiang_short_tight_T300,5,107,0,0,0,3
exact_jiang_short_tight_T300,5,108,0,0,0,3
exact_jiang_short_tight_T300,5,109,0,0,0,3
exact_jiang_short_tight_T300,5,110,1,1,1,3
exact_jiang_short_tight_T380,3,102,2,2,2,3
exact_jiang_short_tight_T380,3,103,2,2,2,3
exact_jiang_short_tight_T380,3,104,4,4,4,3
exact_jiang_short_tight_T380,3,105,2,2,2,3
exact_jiang_short_tight_T380,3,106,3,3,3,3
exact_jiang_short_tight_T380,3,107,2,2,2,3
exact_jiang_short_tight_T380,3,108,2,2,2,3
exact_jiang_short_tight_T380,3,109,2,2,2,3
exact_jiang_short_tight_T380,3,110,3,3,3,3
exact_jiang_short_tight_T380,4,102,0,0,0,1
exact_jiang_short_tight_T380,4,103,0,0,0,1
exact_jiang_short_tight_T380,4,104,2,2,2,1
exact_jiang_short_tight_T380,4,105,0,0,0,1
exact_jiang_short_tight_T380,4,106,1,1,1,1
exact_jiang_short_tight_T380,4,107,0,0,0,1
exact_jiang_short_tight_T380,4,108,0,0,0,1
exact_jiang_short_tight_T380,4,109,0,0,0,1
exact_jiang_short_tight_T380,4,110,1,1,1,1
exact_jiang_short_tight_T425,3,101,2,3,3,3
exact_jiang_short_tight_T425,3,102,2,2,2,3
exact_jiang_short_tight_T425,3,103,2,2,2,3
exact_jiang_short_tight_T425,3,104,4,4,4,3
exact_jiang_short_tight_T425,3,105,2,2,2,3
exact_jiang_short_tight_T425,3,106,3,3,3,3
exact_jiang_short_tight_T425,3,107,1,2,2,3
exact_jiang_short_tight_T425,3,108,2,2,2,3
exact_jiang_short_tight_T425,3,109,2,2,2,3
exact_jiang_short_tight_T425,3,110,3,3,3,3
exact_jiang_short_tight_T425,4,101,0,1,1,1
exact_jiang_short_tight_T425,4,102,0,0,0,1
exact_jiang_short_tight_T425,4,103,0,0,0,1
exact_jiang_short_tight_T425,4,104,2,2,2,1
exact_jiang_short_tight_T425,4,105,0,0,0,1
exact_jiang_short_tight_T425,4,106,1,1,1,1
exact_jiang_short_tight_T425,4,107,0,0,0,1
exact_jiang_short_tight_T425,4,108,0,0,0,1
exact_jiang_short_tight_T425,4,109,0,0,0,1
exact_jiang_short_tight_T425,4,110,1,1,1,1
exact_jiang_short_tight_T500,3,101,2,3,3,3
exact_jiang_short_tight_T500,3,102,2,2,2,3
exact_jiang_short_tight_T500,3,103,2,2,2,3
exact_jiang_short_tight_T500,3,104,3,3,3,3
exact_jiang_short_tight_T500,3,105,2,2,2,3
exact_jiang_short_tight_T500,3,106,3,3,3,3
exact_jiang_short_tight_T500,3,107,1,2,2,3
exact_jiang_short_tight_T500,3,108,2,2,2,3
exact_jiang_short_tight_T500,3,109,2,2,2,3
exact_jiang_short_tight_T500,3,110,3,3,3,3
exact_jiang_short_tight_T500,4,101,0,1,1,1
exact_jiang_short_tight_T500,4,102,0,0,0,1
exact_jiang_short_tight_T500,4,103,0,0,0,1
exact_jiang_short_tight_T500,4,104,1,1,1,1
exact_jiang_short_tight_T500,4,105,0,0,0,1
exact_jiang_short_tight_T500,4,106,1,1,1,1
exact_jiang_short_tight_T500,4,107,0,0,0,1
exact_jiang_short_tight_T500,4,108,0,0,0,1
exact_jiang_short_tight_T500,4,109,0,0,0,1
exact_jiang_short_tight_T500,4,110,1,1,1,1
exact_jiang_short_tight_T550,3,101,2,3,3,3
exact_jiang_short_tight_T550,3,102,2,2,2,3
exact_jiang_short_tight_T550,3,103,2,2,2,3
exact_jiang_short_tight_T550,3,104,3,3,3,3
exact_jiang_short_tight_T550,3,105,2,2,2,3
exact_jiang_short_tight_T550,3,106,3,3,3,3
exact_jiang_short_tight_T550,3,107,1,2,2,3
exact_jiang_short_tight_T550,3,108,2,2,2,3
exact_jiang_short_tight_T550,3,109,2,2,2,3
exact_jiang_short_tight_T550,3,110,3,3,3,3
exact_jiang_short_tight_T550,4,101,0,1,1,1
exact_jiang_short_tight_T550,4,102,0,0,0,1
exact_jiang_short_tight_T550,4,103,0,0,0,1
exact_jiang_short_tight_T550,4,104,1,1,1,1
exact_jiang_short_tight_T550,4,105,0,0,0,1
exact_jiang_short_tight_T550,4,106,1,1,1,1
exact_jiang_short_tight_T550,4,107,0,0,0,1
exact_jiang_short_tight_T550,4,108,0,0,0,1
exact_jiang_short_tight_T550,4,109,0,0,0,1
exact_jiang_short_tight_T550,4,110,1,1,1,1
exact_jiang_short_tight_MX1,4,102,1,1,1,3
exact_jiang_short_tight_MX1,4,103,1,1,1,3
exact_jiang_short_tight_MX1,4,104,2,2,2,3
exact_jiang_short_tight_MX1,4,105,0,0,0,3
exact_jiang_short_tight_MX1,4,106,2,2,2,3
exact_jiang_short_tight_MX1,4,107,0,1,1,3
exact_jiang_short_tight_MX1,4,108,1,1,1,3
exact_jiang_short_tight_MX1,4,109,1,1,1,3
exact_jiang_short_tight_MX1,5,101,2,2,2,1
exact_jiang_short_tight_MX1,5,102,0,0,0,1
exact_jiang_short_tight_MX1,5,103,0,0,0,1
exact_jiang_short_tight_MX1,5,104,1,1,1,1
exact_jiang_short_tight_MX1,5,105,0,0,0,1
exact_jiang_short_tight_MX1,5,106,1,1,1,1
exact_jiang_short_tight_MX1,5,107,0,0,0,1
exact_jiang_short_tight_MX1,5,108,0,0,0,1
exact_jiang_short_tight_MX1,5,109,0,0,0,1
exact_jiang_short_tight_MX1,5,110,0,0,0,1
exact_jiang_short_tight_MX2,3,101,3,3,3,3
exact_jiang_short_tight_MX2,3,102,2,2,2,3
exact_jiang_short_tight_MX2,3,103,2,2,2,3
exact_jiang_short_tight_MX2,3,104,3,3,3,3
exact_jiang_short_tight_MX2,3,105,2,2,2,3
exact_jiang_short_tight_MX2,3,106,3,3,3,3
exact_jiang_short_tight_MX2,3,107,2,2,2,3
exact_jiang_short_tight_MX2,3,108,2,2,2,3
exact_jiang_short_tight_MX2,3,109,2,2,2,3
exact_jiang_short_tight_MX2,3,110,3,3,3,3
exact_jiang_short_tight_MX2,4,101,2,2,2,1
exact_jiang_short_tight_MX2,4,102,0,0,0,1
exact_jiang_short_tight_MX2,4,103,0,0,0,1
exact_jiang_short_tight_MX2,4,104,1,1,1,1
exact_jiang_short_tight_MX2,4,105,0,0,0,1
exact_jiang_short_tight_MX2,4,106,1,1,1,1
exact_jiang_short_tight_MX2,4,107,0,0,0,1
exact_jiang_short_tight_MX2,4,108,0,0,0,1
exact_jiang_short_tight_MX2,4,109,0,0,0,1
exact_jiang_short_tight_MX2,4,110,1,1,1,1
exact_liu_short_tight_T270,6,102,1,2,2,1
exact_liu_short_tight_T270,6,103,1,1,1,1
exact_liu_short_tight_T270,7,106,1,2,2,3
exact_liu_short_tight_T270,7,109,0,0,0,3
exact_liu_short_tight_T270,7,110,0,1,1,3
exact_liu_short_tight_T270,8,101,0,1,1,1
exact_liu_short_tight_T270,8,102,0,0,0,1
exact_liu_short_tight_T270,8,103,0,0,0,1
exact_liu_short_tight_T270,8,107,0,0,0,1
exact_liu_short_tight_T270,8,109,0,0,0,1
exact_liu_short_tight_T270,8,110,0,0,0,1
exact_liu_short_tight_T300,6,102,0,1,1,3
exact_liu_short_tight_T300,6,103,1,1,1,3
exact_liu_short_tight_T300,6,104,2,2,2,3
exact_liu_short_tight_T300,6,106,1,2,2,3
exact_liu_short_tight_T300,6,108,1,1,1,3
exact_liu_short_tight_T300,6,109,0,1,0,3
exact_liu_short_tight_T300,7,101,0,0,0,1
exact_liu_short_tight_T300,7,102,0,0,0,1
exact_liu_short_tight_T300,7,105,0,0,0,1
exact_liu_short_tight_T300,7,106,1,1,1,1
exact_liu_short_tight_T300,7,107,0,0,0,1
exact_liu_short_tight_T300,7,108,0,0,0,1
exact_liu_short_tight_T300,7,109,0,0,0,1
exact_liu_short_tight_T300,7,110,0,0,0,1
exact_liu_short_tight_T380,5,101,0,0,0,3
exact_liu_short_tight_T380,5,102,1,1,1,3
exact_liu_short_tight_T380,5,103,2,2,2,3
exact_liu_short_tight_T380,5,104,3,3,3,3
exact_liu_short_tight_T380,5,106,0,0,0,3
exact_liu_short_tight_T380,5,108,0,0,0,3
exact_liu_short_tight_T380,5,109,0,0,0,3
exact_liu_short_tight_T380,5,110,1,1,1,3
exact_liu_short_tight_T380,6,101,0,0,0,1
exact_liu_short_tight_T380,6,102,0,0,0,1
exact_liu_short_tight_T380,6,103,1,1,1,1
exact_liu_short_tight_T380,6,105,0,0,0,1
exact_liu_short_tight_T380,6,106,0,0,0,1
exact_liu_short_tight_T380,6,108,0,0,0,1
exact_liu_short_tight_T380,6,109,0,0,0,1
exact_liu_short_tight_T380,6,110,0,0,0,1
exact_liu_short_tight_T425,3,101,2,3,3,3
exact_liu_short_tight_T425,3,102,2,2,2,3
exact_liu_short_tight_T425,3,103,2,2,2,3
exact_liu_short_tight_T425,3,104,3,3,3,3
exact_liu_short_tight_T425,3,105,2,2,2,3
exact_liu_short_tight_T425,3,106,3,3,3,3
exact_liu_short_tight_T425,3,107,1,2,2,3
exact_liu_short_tight_T425,3,108,2,2,2,3
exact_liu_short_tight_T425,3,109,2,2,2,3
exact_liu_short_tight_T425,3,110,3,3,3,3
exact_liu_short_tight_T425,4,101,0,1,1,1
exact_liu_short_tight_T425,4,102,0,0,0,1
exact_liu_short_tight_T425,4,103,0,0,0,1
exact_liu_short_tight_T425,4,104,1,1,1,1
exact_liu_short_tight_T425,4,105,0,0,0,1
exact_liu_short_tight_T425,4,106,1,1,1,1
exact_liu_short_tight_T425,4,107,0,0,0,1
exact_liu_short_tight_T425,4,108,0,0,0,1
exact_liu_short_tight_T425,4,109,0,0,0,1
exact_liu_short_tight_T425,4,110,1,1,1,1
exact_liu_short_tight_T500,3,101,2,3,3,3
exact_liu_short_tight_T500,3,102,2,2,2,3
exact_liu_short_tight_T500,3,103,2,2,2,3
exact_liu_short_tight_T500,3,104,3,3,3,3
exact_liu_short_tight_T500,3,105,2,2,2,3
exact_liu_short_tight_T500,3,106,3,3,3,3
exact_liu_short_tight_T500,3,107,1,2,2,3
exact_liu_short_tight_T500,3,108,2,2,2,3
exact_liu_short_tight_T500,3,109,2,2,2,3
exact_liu_short_tight_T500,3,110,3,3,3,3
exact_liu_short_tight_T500,4,101,0,1,1,1
exact_liu_short_tight_T500,4,102,0,0,0,1
exact_liu_short_tight_T500,4,103,0,0,0,1
exact_liu_short_tight_T500,4,104,1,1,1,1
exact_liu_short_tight_T500,4,105,0,0,0,1
exact_liu_short_tight_T500,4,106,1,1,1,1
exact_liu_short_tight_T500,4,107,0,0,0,1
exact_liu_short_tight_T500,4,108,0,0,0,1
exact_liu_short_tight_T500,4,109,0,0,0,1
exact_liu_short_tight_T500,4,110,1,1,1,1
exact_liu_short_tight_T550,3,101,2,3,3,3
exact_liu_short_tight_T550,3,102,2,2,2,3
exact_liu_short_tight_T550,3,103,2,2,2,3
exact_liu_short_tight_T550,3,104,3,3,3,3
exact_liu_short_tight_T550,3,105,2,2,2,3
exact_liu_short_tight_T550,3,106,3,3,3,3
exact_liu_short_tight_T550,3,107,1,2,2,3
exact_liu_short_tight_T550,3,108,2,2,2,3
exact_liu_short_tight_T550,3,109,2,2,2,3
exact_liu_short_tight_T550,3,110,3,3,3,3
exact_liu_short_tight_T550,4,101,0,1,1,1
exact_liu_short_tight_T550,4,102,0,0,0,1
exact_liu_short_tight_T550,4,103,0,0,0,1
exact_liu_short_tight_T550,4,104,1,1,1,1
exact_liu_short_tight_T550,4,105,0,0,0,1
exact_liu_short_tight_T550,4,106,1,1,1,1
exact_liu_short_tight_T550,4,107,0,0,0,1
exact_liu_short_tight_T550,4,108,0,0,0,1
exact_liu_short_tight_T550,4,109,0,0,0,1
exact_liu_short_tight_T550,4,110,1,1,1,1
exact_liu_short_tight_MX1,5,101,2,2,2,3
exact_liu_short_tight_MX1,5,102,1,1,1,3
exact_liu_short_tight_MX1,5,103,1,1,1,3
exact_liu_short_tight_MX1,5,104,2,3,3,3
exact_liu_short_tight_MX1,5,105,2,2,2,3
exact_liu_short_tight_MX1,5,106,2,2,2,3
exact_liu_short_tight_MX1,5,107,1,1,1,3
exact_liu_short_tight_MX1,5,108,2,3,3,3
exact_liu_short_tight_MX1,5,110,1,1,1,3
exact_liu_short_tight_MX1,6,102,0,0,0,3
exact_liu_short_tight_MX1,6,103,0,0,0,3
exact_liu_short_tight_MX1,6,106,1,1,1,3
exact_liu_short_tight_MX1,6,107,0,1,0,3
exact_liu_short_tight_MX1,6,109,0,0,0,3
exact_liu_short_tight_MX1,6,110,0,0,0,3
exact_liu_short_tight_MX2,4,101,1,1,1,3
exact_liu_short_tight_MX2,4,102,1,1,1,3
exact_liu_short_tight_MX2,4,103,1,1,1,3
exact_liu_short_tight_MX2,4,104,2,2,2,3
exact_liu_short_tight_MX2,4,105,2,2,2,3
exact_liu_short_tight_MX2,4,106,1,1,1,3
exact_liu_short_tight_MX2,4,107,1,1,1,3
exact_liu_short_tight_MX2,4,108,2,2,2,3
exact_liu_short_tight_MX2,4,109,0,0,0,3
exact_liu_short_tight_MX2,4,110,1,1,1,3
exact_liu_short_tight_MX2,5,101,0,0,0,1
exact_liu_short_tight_MX2,5,102,0,0,0,1
exact_liu_short_tight_MX2,5,103,0,0,0,1
exact_liu_short_tight_MX2,5,104,1,1,1,1
exact_liu_short_tight_MX2,5,105,1,1,1,1
exact_liu_short_tight_MX2,5,106,1,1,1,1
exact_liu_short_tight_MX2,5,107,0,0,0,1
exact_liu_short_tight_MX2,5,108,1,1,1,1
exact_liu_short_tight_MX2,5,109,0,0,0,1
exact_liu_short_tight_MX2,5,110,0,0,0,1
exact_liu_short_tight_TL300_H425x1,5,102,0,0,0,3
exact_liu_short_tight_TL300_H425x1,5,103,1,1,1,3
exact_liu_short_tight_TL300_H425x1,5,104,2,2,2,3
exact_liu_short_tight_TL300_H425x1,5,105,0,0,0,3
exact_liu_short_tight_TL300_H425x1,5,106,1,1,1,3
exact_liu_short_tight_TL300_H425x1,5,107,1,1,1,3
exact_liu_short_tight_TL300_H425x1,5,108,1,1,1,3
exact_liu_short_tight_TL300_H425x1,5,109,0,0,0,3
exact_liu_short_tight_TL300_H425x1,5,110,1,1,1,3
exact_liu_short_tight_TL300_H425x1,6,101,0,0,0,1
exact_liu_short_tight_TL300_H425x1,6,102,0,0,0,1
exact_liu_short_tight_TL300_H425x1,6,103,0,0,0,1
exact_liu_short_tight_TL300_H425x1,6,104,1,1,1,1
exact_liu_short_tight_TL300_H425x1,6,105,0,0,0,1
exact_liu_short_tight_TL300_H425x1,6,106,1,1,1,1
exact_liu_short_tight_TL300_H425x1,6,107,0,0,0,1
exact_liu_short_tight_TL300_H425x1,6,108,0,0,0,1
exact_liu_short_tight_TL300_H425x1,6,109,0,0,0,1
exact_liu_short_tight_TL300_H425x1,6,110,0,0,0,1
exact_liu_short_tight_TL300_H425x2,4,101,1,1,1,3
exact_liu_short_tight_TL300_H425x2,4,102,0,0,0,3
exact_liu_short_tight_TL300_H425x2,4,103,1,1,1,3
exact_liu_short_tight_TL300_H425x2,4,104,2,2,2,3
exact_liu_short_tight_TL300_H425x2,4,105,0,0,0,3
exact_liu_short_tight_TL300_H425x2,4,106,1,1,1,3
exact_liu_short_tight_TL300_H425x2,4,107,1,1,1,3
exact_liu_short_tight_TL300_H425x2,4,108,0,0,0,3
exact_liu_short_tight_TL300_H425x2,4,109,0,0,0,3
exact_liu_short_tight_TL300_H425x2,4,110,1,1,1,3
exact_liu_short_tight_TL300_H425x2,5,101,0,0,0,1
exact_liu_short_tight_TL300_H425x2,5,102,0,0,0,1
exact_liu_short_tight_TL300_H425x2,5,103,0,0,0,1
exact_liu_short_tight_TL300_H425x2,5,104,1,1,1,1
exact_liu_short_tight_TL300_H425x2,5,105,0,0,0,1
exact_liu_short_tight_TL300_H425x2,5,106,1,1,1,1
exact_liu_short_tight_TL300_H425x2,5,107,0,0,0,1
exact_liu_short_tight_TL300_H425x2,5,108,0,0,0,1
exact_liu_short_tight_TL300_H425x2,5,109,0,0,0,1
exact_liu_short_tight_TL300_H425x2,5,110,0,0,0,1
