series,cell,family,floor,ceiling,K_lb,K_ub,exact,K_final,K_single,K_cp0,K_cp100,K_cp300,K_greedy,d_final,d_single,d_cp0,d_cp100,d_cp300,d_greedy,boundary_checked
exact_jiang_short_baseline_T270,jiang_short_baseline,270,2,10,5,5,True,5,5,5,5,5,6,0,0,0,0,0,1,True
exact_jiang_short_baseline_T300,jiang_short_baseline,300,2,10,4,4,True,4,4,4,4,4,5,0,0,0,0,0,1,True
exact_jiang_short_baseline_T380,jiang_short_baseline,380,2,10,3,3,True,3,3,4,3,3,4,0,0,1,0,0,1,True
exact_jiang_short_baseline_T425,jiang_short_baseline,425,2,10,3,3,True,3,3,3,3,3,4,0,0,0,0,0,1,True
exact_jiang_short_baseline_T500,jiang_short_baseline,500,1,9,3,3,True,3,3,3,3,3,4,0,0,0,0,0,1,True
exact_jiang_short_baseline_T550,jiang_short_baseline,550,1,9,3,3,True,3,3,3,3,3,4,0,0,0,0,0,1,True
exact_jiang_short_baseline_MX1,jiang_short_baseline,MX1,2,10,4,4,True,4,4,4,4,4,5,0,0,0,0,0,1,True
exact_jiang_short_baseline_MX2,jiang_short_baseline,MX2,3,11,3,3,True,3,3,3,3,3,4,0,0,0,0,0,1,True
exact_jiang_massdep_baseline_T270,jiang_massdep_baseline,270,2,10,7,8,False,8,8,8,8,8,9,,,,,,,True
exact_jiang_massdep_baseline_T300,jiang_massdep_baseline,300,2,10,6,6,True,6,6,6,6,6,7,0,0,0,0,0,1,True
exact_jiang_massdep_baseline_T380,jiang_massdep_baseline,380,2,10,5,5,True,5,5,5,5,5,6,0,0,0,0,0,1,True
exact_jiang_massdep_baseline_T425,jiang_massdep_baseline,425,2,10,5,5,True,5,5,5,5,5,6,0,0,0,0,0,1,True
exact_jiang_massdep_baseline_T500,jiang_massdep_baseline,500,1,9,5,5,True,5,5,5,5,5,5,0,0,0,0,0,0,True
exact_jiang_massdep_baseline_T550,jiang_massdep_baseline,550,1,9,5,5,True,5,5,5,5,5,5,0,0,0,0,0,0,True
exact_jiang_massdep_baseline_MX1,jiang_massdep_baseline,MX1,2,10,6,7,False,7,7,7,7,7,8,,,,,,,True
exact_jiang_massdep_baseline_MX2,jiang_massdep_baseline,MX2,3,11,6,6,True,6,6,6,6,6,7,0,0,0,0,0,1,True
exact_rohcha_short_baseline_T270,rohcha_short_baseline,270,3,11,6,8,False,8,8,8,8,8,9,,,,,,,True
exact_rohcha_short_baseline_T300,rohcha_short_baseline,300,2,10,6,6,True,6,6,6,6,6,7,0,0,0,0,0,1,True
exact_rohcha_short_baseline_T380,rohcha_short_baseline,380,2,10,6,6,True,6,6,6,6,6,7,0,0,0,0,0,1,True
exact_rohcha_short_baseline_T425,rohcha_short_baseline,425,2,10,6,6,True,6,6,6,6,6,7,0,0,0,0,0,1,True
exact_rohcha_short_baseline_T500,rohcha_short_baseline,500,2,10,4,4,True,4,4,4,4,4,5,0,0,0,0,0,1,True
exact_rohcha_short_baseline_T550,rohcha_short_baseline,550,1,9,3,3,True,3,3,3,3,3,4,0,0,0,0,0,1,True
exact_rohcha_short_baseline_MX1,rohcha_short_baseline,MX1,2,10,6,6,True,6,6,7,7,7,8,0,0,1,1,1,2,True
exact_rohcha_short_baseline_MX2,rohcha_short_baseline,MX2,3,11,4,4,True,4,4,5,4,4,6,0,0,1,0,0,2,True
exact_rohcha_massdep_baseline_T270,rohcha_massdep_baseline,270,3,11,10,,False,,,,,,,,,,,,,False
exact_rohcha_massdep_baseline_T300,rohcha_massdep_baseline,300,2,10,10,,False,,,,,,,,,,,,,False
exact_rohcha_massdep_baseline_T380,rohcha_massdep_baseline,380,2,10,10,,False,,,,,,,,,,,,,False
exact_rohcha_massdep_baseline_T425,rohcha_massdep_baseline,425,2,10,10,,False,,,,,,,,,,,,,False
exact_rohcha_massdep_baseline_T500,rohcha_massdep_baseline,500,2,10,8,8,True,8,8,8,8,8,9,0,0,0,0,0,1,True
exact_rohcha_massdep_baseline_T550,rohcha_massdep_baseline,550,1,9,7,7,True,7,7,7,7,7,7,0,0,0,0,0,0,True
exact_rohcha_massdep_baseline_MX1,rohcha_massdep_baseline,MX1,2,10,11,,False,,,,,,,,,,,,,False
exact_rohcha_massdep_baseline_MX2,rohcha_massdep_baseline,MX2,3,11,11,,False,,,,,,,,,,,,,False
exact_liu_short_baseline_T270,liu_short_baseline,270,2,10,5,6,False,6,6,6,6,6,7,,,,,,,True
exact_liu_short_baseline_T300,liu_short_baseline,300,2,10,5,5,True,5,5,5,5,5,7,0,0,0,0,0,2,True
exact_liu_short_baseline_T380,liu_short_baseline,380,2,10,4,4,True,5,5,5,5,5,6,1,1,1,1,1,2,True
exact_liu_short_baseline_T425,liu_short_baseline,425,1,9,3,3,True,3,3,3,3,3,4,0,0,0,0,0,1,True
exact_liu_short_baseline_T500,liu_short_baseline,500,1,9,3,3,True,3,3,3,3,3,4,0,0,0,0,0,1,True
exact_liu_short_baseline_T550,liu_short_baseline,550,1,9,3,3,True,3,3,3,3,3,4,0,0,0,0,0,1,True
exact_liu_short_baseline_MX1,liu_short_baseline,MX1,2,10,4,4,True,4,4,5,5,4,6,0,0,1,1,0,2,True
exact_liu_short_baseline_MX2,liu_short_baseline,MX2,3,11,3,3,True,3,3,4,3,3,5,0,0,1,0,0,2,True
exact_liu_short_baseline_TL300_H425x1,liu_short_baseline,L300_H425x1,2,10,4,4,True,4,4,4,4,4,5,0,0,0,0,0,1,True
exact_liu_short_baseline_TL300_H425x2,liu_short_baseline,L300_H425x2,3,11,3,3,True,3,3,3,3,3,4,0,0,0,0,0,1,True
exact_liu_massdep_baseline_T270,liu_massdep_baseline,270,2,10,10,,False,,,,,,,,,,,,,False
exact_liu_massdep_baseline_T300,liu_massdep_baseline,300,2,10,9,10,False,10,10,10,10,10,,,,,,,,True
exact_liu_massdep_baseline_T380,liu_massdep_baseline,380,2,10,9,9,True,9,9,9,9,9,10,0,0,0,0,0,1,True
exact_liu_massdep_baseline_T425,liu_massdep_baseline,425,1,9,6,6,True,6,6,6,6,6,6,0,0,0,0,0,0,True
exact_liu_massdep_baseline_T500,liu_massdep_baseline,500,1,9,6,6,True,6,6,6,6,6,6,0,0,0,0,0,0,True
exact_liu_massdep_baseline_T550,liu_massdep_baseline,550,1,9,6,6,True,6,6,6,6,6,6,0,0,0,0,0,0,True
exact_liu_massdep_baseline_MX1,liu_massdep_baseline,MX1,2,10,9,9,True,9,9,9,9,9,,0,0,0,0,0,,True
exact_liu_massdep_baseline_MX2,liu_massdep_baseline,MX2,3,11,8,8,True,8,8,8,8,8,10,0,0,0,0,0,2,True
exact_liu_massdep_baseline_TL300_H425x1,liu_massdep_baseline,L300_H425x1,2,10,8,8,True,8,8,8,8,8,10,0,0,0,0,0,2,True
exact_liu_massdep_baseline_TL300_H425x2,liu_massdep_baseline,L300_H425x2,3,11,7,7,True,7,7,7,7,7,9,0,0,0,0,0,2,True
exact_jiang_short_tight_T270,jiang_short_tight,270,2,10,6,6,True,6,7,7,7,7,8,0,1,1,1,1,2,True
exact_jiang_short_tight_T300,jiang_short_tight,300,2,10,5,5,True,6,6,6,6,6,6,1,1,1,1,1,1,True
exact_jiang_short_tight_T380,jiang_short_tight,380,2,10,4,4,True,4,4,5,4,4,5,0,0,1,0,0,1,True
exact_jiang_short_tight_T425,jiang_short_tight,425,2,10,4,4,True,4,4,4,4,4,5,0,0,0,0,0,1,True
exact_jiang_short_tight_T500,jiang_short_tight,500,1,9,4,4,True,4,4,4,4,4,5,0,0,0,0,0,1,True
exact_jiang_short_tight_T550,jiang_short_tight,550,1,9,4,4,True,4,4,4,4,4,5,0,0,0,0,0,1,True
exact_jiang_short_tight_MX1,jiang_short_tight,MX1,2,10,5,5,True,5,5,5,5,5,7,0,0,0,0,0,2,True
exact_jiang_short_tight_MX2,jiang_short_tight,MX2,3,11,4,4,True,4,4,5,4,4,6,0,0,1,0,0,2,True
exact_liu_short_tight_T270,liu_short_tight,270,2,10,6,8,False,8,8,8,8,8,10,,,,,,,True
exact_liu_short_tight_T300,liu_short_tight,300,2,10,6,7,False,7,7,7,7,7,8,,,,,,,True
exact_liu_short_tight_T380,liu_short_tight,380,2,10,6,6,True,6,6,6,6,6,7,0,0,0,0,0,1,True
exact_liu_short_tight_T425,liu_short_tight,425,1,9,4,4,True,4,4,4,4,4,5,0,0,0,0,0,1,True
exact_liu_short_tight_T500,liu_short_tight,500,1,9,4,4,True,4,4,4,4,4,5,0,0,0,0,0,1,True
exact_liu_short_tight_T550,liu_short_tight,550,1,9,4,4,True,4,4,4,4,4,5,0,0,0,0,0,1,True
exact_liu_short_tight_MX1,liu_short_tight,MX1,2,10,6,6,True,6,7,7,7,7,8,0,1,1,1,1,2,True
exact_liu_short_tight_MX2,liu_short_tight,MX2,3,11,5,5,True,5,5,5,5,5,7,0,0,0,0,0,2,True
exact_liu_short_tight_TL300_H425x1,liu_short_tight,L300_H425x1,2,10,6,6,True,6,6,6,6,6,7,0,0,0,0,0,1,True
exact_liu_short_tight_TL300_H425x2,liu_short_tight,L300_H425x2,3,11,5,5,True,5,5,5,5,5,6,0,0,0,0,0,1,True
