cell,model,r,certified,exact_winners,near_tie,near_by,final,final_agree,single,single_agree,cp0,cp0_agree,cp0_regret_lo,cp0_regret_hi,cp100,cp100_agree,cp300,cp300_agree,greedy,greedy_agree,greedy_regret_lo,greedy_regret_hi
jiang_short_baseline,affine,5.1,True,380,True,300 425 500 550 MX1,380,True,380,True,MX2,False,0.008580821176207065,0.008580821176207065,380,True,380,True,380,True,,
jiang_short_baseline,affine,6.364496630910889,True,380,True,300 425 500 550 MX1,380,True,380,True,MX2,False,0.010464514712605455,0.010464514712605455,380,True,380,True,380,True,,
jiang_short_baseline,affine,7.9425132087992285,True,380,True,300 425 500 550 MX1,380,True,380,True,MX2,False,0.01269824799921948,0.01269824799921948,380,True,380,True,380,True,,
jiang_short_baseline,affine,9.911784031052534,True,380,True,300 425 500 550 MX1,380,True,380,True,MX2,False,0.015318438265434775,0.015318438265434775,380,True,380,True,380,True,,
jiang_short_baseline,affine,12.36931687685298,True,380,True,300 425 500 550 MX1,380,True,380,True,MX2,False,0.018353052129310043,0.018353052129310043,380,True,380,True,380,True,,
jiang_short_baseline,affine,15.436171684196077,True,380,True,300 425 500 550 MX1,380,True,380,True,MX2,False,0.02181622969605801,0.02181622969605801,380,True,380,True,380,True,,
jiang_short_baseline,affine,19.26342405455451,True,380,True,300 425 500 550 MX1,380,True,380,True,MX2,False,0.025702657513065663,0.025702657513065663,380,True,380,True,380,True,,
jiang_short_baseline,affine,24.039607351964708,True,380,True,300 425 500 550 MX1,380,True,380,True,MX2,False,0.02998269635283335,0.02998269635283335,380,True,380,True,380,True,,
jiang_short_baseline,affine,30.000000000000004,True,380,True,300 425 500 550 MX1,380,True,380,True,MX2,False,0.03459955170037299,0.03459955170037299,380,True,380,True,380,True,,
jiang_short_baseline,piecewise,5.1,True,380,True,300 425 500 550 MX1,380,True,380,True,MX2,False,0.009296049356058989,0.009296049356058989,380,True,380,True,380,True,,
jiang_short_baseline,piecewise,6.364496630910889,True,380,True,300 425 500 550 MX1,380,True,380,True,MX2,False,0.011332135285638145,0.011332135285638145,380,True,380,True,380,True,,
jiang_short_baseline,piecewise,7.9425132087992285,True,380,True,300 425 500 550 MX1,380,True,380,True,MX2,False,0.013744431115275901,0.013744431115275901,380,True,380,True,380,True,,
jiang_short_baseline,piecewise,9.911784031052534,True,380,True,300 425 500 550 MX1,380,True,380,True,MX2,False,0.01657111044001769,0.01657111044001769,380,True,380,True,380,True,,
jiang_short_baseline,piecewise,12.36931687685298,True,380,True,300 425 500 550 MX1,380,True,380,True,MX2,False,0.01984087704789328,0.01984087704789328,380,True,380,True,380,True,,
jiang_short_baseline,piecewise,15.436171684196077,True,380,True,300 425 500 550 MX1,380,True,380,True,MX2,False,0.023567187297844683,0.023567187297844683,380,True,380,True,380,True,,
jiang_short_baseline,piecewise,19.26342405455451,True,380,True,300 425 500 550 MX1,380,True,380,True,MX2,False,0.027742283262885303,0.027742283262885303,380,True,380,True,380,True,,
jiang_short_baseline,piecewise,24.039607351964708,True,380,True,300 425 500 550 MX1,380,True,380,True,MX2,False,0.03233214178080668,0.03233214178080668,380,True,380,True,380,True,,
jiang_short_baseline,piecewise,30.000000000000004,True,380,True,300 425 500 550 MX1,380,True,380,True,MX2,False,0.03727372362554959,0.03727372362554959,380,True,380,True,380,True,,
jiang_short_baseline,power_0.72,5.1,True,380,True,300 425 500 550 MX1,380,True,380,True,MX2,False,0.006746108354403146,0.006746108354403146,380,True,380,True,380,True,,
jiang_short_baseline,power_0.72,6.364496630910889,True,380,True,300 425 500 550 MX1,380,True,380,True,MX2,False,0.008230007656329974,0.008230007656329974,380,True,380,True,380,True,,
jiang_short_baseline,power_0.72,7.9425132087992285,True,380,True,300 425 500 550 MX1,380,True,380,True,MX2,False,0.009991042946338347,0.009991042946338347,380,True,380,True,380,True,,
jiang_short_baseline,power_0.72,9.911784031052534,True,380,True,300 425 500 550 MX1,380,True,380,True,MX2,False,0.012058676546530922,0.012058676546530922,380,True,380,True,380,True,,
jiang_short_baseline,power_0.72,12.36931687685298,True,380,True,300 425 500 550 MX1,380,True,380,True,MX2,False,0.014455936313494178,0.014455936313494178,380,True,380,True,380,True,,
jiang_short_baseline,power_0.72,15.436171684196077,True,380,True,300 425 500 550 MX1,380,True,380,True,MX2,False,0.01719516216532946,0.01719516216532946,380,True,380,True,380,True,,
jiang_short_baseline,power_0.72,19.26342405455451,True,380,True,300 425 500 550 MX1,380,True,380,True,MX2,False,0.020273501520563064,0.020273501520563064,380,True,380,True,380,True,,
jiang_short_baseline,power_0.72,24.039607351964708,True,380,True,300 425 500 550 MX1,380,True,380,True,MX2,False,0.023668933396258085,0.023668933396258085,380,True,380,True,380,True,,
jiang_short_baseline,power_0.72,30.000000000000004,True,380,True,300 425 500 550 MX1,380,True,380,True,MX2,False,0.027337839156702737,0.027337839156702737,380,True,380,True,380,True,,
jiang_short_baseline,power_0.84,5.1,True,380,True,300 425 500 550 MX1,380,True,380,True,MX2,False,0.008606850770237262,0.008606850770237262,380,True,380,True,380,True,,
jiang_short_baseline,power_0.84,6.364496630910889,True,380,True,300 425 500 550 MX1,380,True,380,True,MX2,False,0.010491145273116897,0.010491145273116897,380,True,380,True,380,True,,
jiang_short_baseline,power_0.84,7.9425132087992285,True,380,True,300 425 500 550 MX1,380,True,380,True,MX2,False,0.012723213330119387,0.012723213330119387,380,True,380,True,380,True,,
jiang_short_baseline,power_0.84,9.911784031052534,True,380,True,300 425 500 550 MX1,380,True,380,True,MX2,False,0.01533816779825159,0.01533816779825159,380,True,380,True,380,True,,
jiang_short_baseline,power_0.84,12.36931687685298,True,380,True,300 425 500 550 MX1,380,True,380,True,MX2,False,0.0183622978597211,0.0183622978597211,380,True,380,True,380,True,,
jiang_short_baseline,power_0.84,15.436171684196077,True,380,True,300 425 500 550 MX1,380,True,380,True,MX2,False,0.0218077286506122,0.0218077286506122,380,True,380,True,380,True,,
jiang_short_baseline,power_0.84,19.26342405455451,True,380,True,300 425 500 550 MX1,380,True,380,True,MX2,False,0.025666920650231573,0.025666920650231573,380,True,380,True,380,True,,
jiang_short_baseline,power_0.84,24.039607351964708,True,380,True,300 425 500 550 MX1,380,True,380,True,MX2,False,0.02990803459434055,0.02990803459434055,380,True,380,True,380,True,,
jiang_short_baseline,power_0.84,30.000000000000004,True,380,True,300 425 500 550 MX1,380,True,380,True,MX2,False,0.03447244122524373,0.03447244122524373,380,True,380,True,380,True,,
jiang_short_baseline,power_0.96,5.1,True,380,True,300 425 500 550 MX1,380,True,380,True,MX2,False,0.010729835340981708,0.010729835340981708,380,True,380,True,380,True,,
jiang_short_baseline,power_0.96,6.364496630910889,True,380,True,300 425 500 550 MX1,380,True,380,True,MX2,False,0.013067463815481961,0.013067463815481961,380,True,380,True,380,True,,
jiang_short_baseline,power_0.96,7.9425132087992285,True,380,True,300 425 500 550 MX1,380,True,380,True,MX2,False,0.015831244696401736,0.015831244696401736,380,True,380,True,380,True,,
jiang_short_baseline,power_0.96,9.911784031052534,True,380,True,300 425 500 550 MX1,380,True,380,True,MX2,False,0.019061846087357948,0.019061846087357948,380,True,380,True,380,True,,
jiang_short_baseline,power_0.96,12.36931687685298,True,380,True,300 425 500 550 MX1,380,True,380,True,MX2,False,0.022788203607983393,0.022788203607983393,380,True,380,True,380,True,,
jiang_short_baseline,power_0.96,15.436171684196077,True,380,True,300 425 500 550 MX1,380,True,380,True,MX2,False,0.027020996719325563,0.027020996719325563,380,True,380,True,380,True,,
jiang_short_baseline,power_0.96,19.26342405455451,True,380,True,300 425 500 550 MX1,380,True,380,True,MX2,False,0.03174612735480897,0.03174612735480897,380,True,380,True,380,True,,
jiang_short_baseline,power_0.96,24.039607351964708,True,380,True,300 425 500 550 MX1,380,True,380,True,MX2,False,0.03691950857181836,0.03691950857181836,380,True,380,True,380,True,,
jiang_short_baseline,power_0.96,30.000000000000004,True,380,True,300 425 500 550 MX1,380,True,380,True,MX2,False,0.04246471997318646,0.04246471997318646,380,True,380,True,380,True,,
jiang_short_tight,affine,5.1,True,380,True,300 425 500 550 MX1 MX2,380,True,380,True,425,False,0.00891085275990755,0.00891085275990755,380,True,380,True,380,True,,
jiang_short_tight,affine,6.364496630910889,True,380,True,300 425 500 550 MX1 MX2,380,True,380,True,425,False,0.01086699604770569,0.01086699604770569,380,True,380,True,380,True,,
jiang_short_tight,affine,7.9425132087992285,True,380,True,300 425 500 550 MX1 MX2,380,True,380,True,425,False,0.013186642153035999,0.013186642153035999,380,True,380,True,380,True,,
jiang_short_tight,affine,9.911784031052534,True,380,True,300 425 500 550 MX1 MX2,380,True,380,True,425,False,0.015907608967951514,0.015907608967951514,380,True,380,True,380,True,,
jiang_short_tight,affine,12.36931687685298,True,380,True,300 425 500 550 MX1 MX2,380,True,380,True,425,False,0.01905893874966802,0.01905893874966802,380,True,380,True,380,True,,
jiang_short_tight,affine,15.436171684196077,True,380,True,300 425 500 550 MX1 MX2,380,True,380,True,425,False,0.02265531545359889,0.02265531545359889,380,True,380,True,380,True,,
jiang_short_tight,affine,19.26342405455451,True,380,True,300 425 500 550 MX1 MX2,380,True,380,True,425,False,0.026691221263568377,0.026691221263568377,380,True,380,True,380,True,,
jiang_short_tight,affine,24.039607351964708,True,380,True,300 425 500 550 MX1 MX2,380,True,380,True,425,False,0.031135876981788435,0.031135876981788435,380,True,380,True,380,True,,
jiang_short_tight,affine,30.000000000000004,True,380,True,300 425 500 550 MX1 MX2,380,True,380,True,425,False,0.035930303688848975,0.035930303688848975,380,True,380,True,380,True,,
jiang_short_tight,piecewise,5.1,True,380,True,300 425 500 550 MX1 MX2,380,True,380,True,425,False,0.009653589715907351,0.009653589715907351,380,True,380,True,380,True,,
jiang_short_tight,piecewise,6.364496630910889,True,380,True,300 425 500 550 MX1 MX2,380,True,380,True,425,False,0.011767986642778228,0.011767986642778228,380,True,380,True,380,True,,
jiang_short_tight,piecewise,7.9425132087992285,True,380,True,300 425 500 550 MX1 MX2,380,True,380,True,425,False,0.014273063081247983,0.014273063081247983,380,True,380,True,380,True,,
jiang_short_tight,piecewise,9.911784031052534,True,380,True,300 425 500 550 MX1 MX2,380,True,380,True,425,False,0.017208460841556805,0.017208460841556805,380,True,380,True,380,True,,
jiang_short_tight,piecewise,12.36931687685298,True,380,True,300 425 500 550 MX1 MX2,380,True,380,True,425,False,0.020603987703581295,0.020603987703581295,380,True,380,True,380,True,,
jiang_short_tight,piecewise,15.436171684196077,True,380,True,300 425 500 550 MX1 MX2,380,True,380,True,425,False,0.02447361757853095,0.02447361757853095,380,True,380,True,380,True,,
jiang_short_tight,piecewise,19.26342405455451,True,380,True,300 425 500 550 MX1 MX2,380,True,380,True,425,False,0.028809294157611687,0.028809294157611687,380,True,380,True,380,True,,
jiang_short_tight,piecewise,24.039607351964708,True,380,True,300 425 500 550 MX1 MX2,380,True,380,True,425,False,0.03357568569545322,0.03357568569545322,380,True,380,True,380,True,,
jiang_short_tight,piecewise,30.000000000000004,True,380,True,300 425 500 550 MX1 MX2,380,True,380,True,425,False,0.03870732838037827,0.03870732838037827,380,True,380,True,380,True,,
jiang_short_tight,power_0.72,5.1,True,380,True,300 425 500 550 MX1 MX2,380,True,380,True,425,False,0.007761587941168546,0.007761587941168546,380,True,380,True,380,True,,
jiang_short_tight,power_0.72,6.364496630910889,True,380,True,300 425 500 550 MX1 MX2,380,True,380,True,425,False,0.009468855942611931,0.009468855942611931,380,True,380,True,380,True,,
jiang_short_tight,power_0.72,7.9425132087992285,True,380,True,300 425 500 550 MX1 MX2,380,True,380,True,425,False,0.011494976715187066,0.011494976715187066,380,True,380,True,380,True,,
jiang_short_tight,power_0.72,9.911784031052534,True,380,True,300 425 500 550 MX1 MX2,380,True,380,True,425,False,0.013873847491482572,0.013873847491482572,380,True,380,True,380,True,,
jiang_short_tight,power_0.72,12.36931687685298,True,380,True,300 425 500 550 MX1 MX2,380,True,380,True,425,False,0.016631962470018857,0.016631962470018857,380,True,380,True,380,True,,
jiang_short_tight,power_0.72,15.436171684196077,True,380,True,300 425 500 550 MX1 MX2,380,True,380,True,425,False,0.01978351907463005,0.01978351907463005,380,True,380,True,380,True,,
jiang_short_tight,power_0.72,19.26342405455451,True,380,True,300 425 500 550 MX1 MX2,380,True,380,True,425,False,0.023325235329870964,0.023325235329870964,380,True,380,True,380,True,,
jiang_short_tight,power_0.72,24.039607351964708,True,380,True,300 425 500 550 MX1 MX2,380,True,380,True,425,False,0.027231775473752773,0.027231775473752773,380,True,380,True,380,True,,
jiang_short_tight,power_0.72,30.000000000000004,True,380,True,300 425 500 550 MX1 MX2,380,True,380,True,425,False,0.031452955035590646,0.031452955035590646,380,True,380,True,380,True,,
jiang_short_tight,power_0.84,5.1,True,380,True,300 425 500 550 MX1 MX2,380,True,380,True,425,False,0.009462114218290463,0.009462114218290463,380,True,380,True,380,True,,
jiang_short_tight,power_0.84,6.364496630910889,True,380,True,300 425 500 550 MX1 MX2,380,True,380,True,425,False,0.0115336512163291,0.0115336512163291,380,True,380,True,380,True,,
jiang_short_tight,power_0.84,7.9425132087992285,True,380,True,300 425 500 550 MX1 MX2,380,True,380,True,425,False,0.013987520054323577,0.013987520054323577,380,True,380,True,380,True,,
jiang_short_tight,power_0.84,9.911784031052534,True,380,True,300 425 500 550 MX1 MX2,380,True,380,True,425,False,0.016862322756684422,0.016862322756684422,380,True,380,True,380,True,,
jiang_short_tight,power_0.84,12.36931687685298,True,380,True,300 425 500 550 MX1 MX2,380,True,380,True,425,False,0.020186960863754155,0.020186960863754155,380,True,380,True,380,True,,
jiang_short_tight,power_0.84,15.436171684196077,True,380,True,300 425 500 550 MX1 MX2,380,True,380,True,425,False,0.023974764387356684,0.023974764387356684,380,True,380,True,380,True,,
jiang_short_tight,power_0.84,19.26342405455451,True,380,True,300 425 500 550 MX1 MX2,380,True,380,True,425,False,0.0282174446040262,0.0282174446040262,380,True,380,True,380,True,,
jiang_short_tight,power_0.84,24.039607351964708,True,380,True,300 425 500 550 MX1 MX2,380,True,380,True,425,False,0.03287999837929467,0.03287999837929467,380,True,380,True,380,True,,
jiang_short_tight,power_0.84,30.000000000000004,True,380,True,300 425 500 550 MX1 MX2,380,True,380,True,425,False,0.03789797046145016,0.03789797046145016,380,True,380,True,380,True,,
jiang_short_tight,power_0.96,5.1,True,380,True,300 425 500 550 MX1 MX2,380,True,380,True,425,False,0.011298325573382506,0.011298325573382506,380,True,380,True,380,True,,
jiang_short_tight,power_0.96,6.364496630910889,True,380,True,300 425 500 550 MX1 MX2,380,True,380,True,425,False,0.01375980673643773,0.01375980673643773,380,True,380,True,380,True,,
jiang_short_tight,power_0.96,7.9425132087992285,True,380,True,300 425 500 550 MX1 MX2,380,True,380,True,425,False,0.016670018795969854,0.016670018795969854,380,True,380,True,380,True,,
jiang_short_tight,power_0.96,9.911784031052534,True,380,True,300 425 500 550 MX1 MX2,380,True,380,True,425,False,0.020071784541007442,0.020071784541007442,380,True,380,True,380,True,,
jiang_short_tight,power_0.96,12.36931687685298,True,380,True,300 425 500 550 MX1 MX2,380,True,380,True,425,False,0.023995572663835674,0.023995572663835674,380,True,380,True,380,True,,
jiang_short_tight,power_0.96,15.436171684196077,True,380,True,300 425 500 550 MX1 MX2,380,True,380,True,425,False,0.028452628446793637,0.028452628446793637,380,True,380,True,380,True,,
jiang_short_tight,power_0.96,19.26342405455451,True,380,True,300 425 500 550 MX1 MX2,380,True,380,True,425,False,0.03342810687678899,0.03342810687678899,380,True,380,True,380,True,,
jiang_short_tight,power_0.96,24.039607351964708,True,380,True,300 425 500 550 MX1 MX2,380,True,380,True,425,False,0.038875585188198336,0.038875585188198336,380,True,380,True,380,True,,
jiang_short_tight,power_0.96,30.000000000000004,True,380,True,300 425 500 550 MX1 MX2,380,True,380,True,425,False,0.04471459406344103,0.04471459406344103,380,True,380,True,380,True,,
jiang_massdep_baseline,affine,5.1,True,380,True,300 425 500 550 MX2,380,True,380,True,380,True,,,380,True,380,True,500,False,0.023762274026419616,0.023762274026419616
jiang_massdep_baseline,affine,6.364496630910889,True,380,True,300 425 500 550 MX2,380,True,380,True,380,True,,,380,True,380,True,500,False,0.028978656127214952,0.028978656127214952
jiang_massdep_baseline,affine,7.9425132087992285,True,380,True,300 425 500 550 MX2,380,True,380,True,380,True,,,380,True,380,True,500,False,0.035164379074762,0.035164379074762
jiang_massdep_baseline,affine,9.911784031052534,True,380,True,300 425 500 550 MX2,380,True,380,True,380,True,,,380,True,380,True,500,False,0.042420290581204334,0.042420290581204334
jiang_massdep_baseline,affine,12.36931687685298,True,380,True,300 425 500 550 MX2,380,True,380,True,380,True,,,380,True,380,True,500,False,0.050823836665781386,0.050823836665781386
jiang_massdep_baseline,affine,15.436171684196077,True,380,True,300 425 500 550 MX2,380,True,380,True,380,True,,,380,True,380,True,500,False,0.06041417454293008,0.06041417454293008
jiang_massdep_baseline,affine,19.26342405455451,True,380,True,300 425 500 550 MX2,380,True,380,True,380,True,,,380,True,380,True,500,False,0.07117659003618249,0.07117659003618249
jiang_massdep_baseline,affine,24.039607351964708,True,380,True,300 425 500 550 MX2,380,True,380,True,380,True,,,380,True,380,True,500,False,0.08302900528476909,0.08302900528476909
jiang_massdep_baseline,affine,30.000000000000004,True,380,True,300 425 500 550 MX2,380,True,380,True,380,True,,,380,True,380,True,500,False,0.09581414317026393,0.09581414317026393
jiang_massdep_baseline,piecewise,5.1,True,380,True,300 425 500 550 MX2,380,True,380,True,380,True,,,380,True,380,True,500,False,0.025742905909086566,0.025742905909086566
jiang_massdep_baseline,piecewise,6.364496630910889,True,380,True,300 425 500 550 MX2,380,True,380,True,380,True,,,380,True,380,True,500,False,0.03138129771407505,0.03138129771407505
jiang_massdep_baseline,piecewise,7.9425132087992285,True,380,True,300 425 500 550 MX2,380,True,380,True,380,True,,,380,True,380,True,500,False,0.03806150154999499,0.03806150154999499
jiang_massdep_baseline,piecewise,9.911784031052534,True,380,True,300 425 500 550 MX2,380,True,380,True,380,True,,,380,True,380,True,500,False,0.04588922891081815,0.04588922891081815
jiang_massdep_baseline,piecewise,12.36931687685298,True,380,True,300 425 500 550 MX2,380,True,380,True,380,True,,,380,True,380,True,500,False,0.054943967209550415,0.054943967209550415
jiang_massdep_baseline,piecewise,15.436171684196077,True,380,True,300 425 500 550 MX2,380,True,380,True,380,True,,,380,True,380,True,500,False,0.06526298020941579,0.06526298020941579
jiang_massdep_baseline,piecewise,19.26342405455451,True,380,True,300 425 500 550 MX2,380,True,380,True,380,True,,,380,True,380,True,500,False,0.07682478442029761,0.07682478442029761
jiang_massdep_baseline,piecewise,24.039607351964708,True,380,True,300 425 500 550 MX2,380,True,380,True,380,True,,,380,True,380,True,500,False,0.08953516185454191,0.08953516185454191
jiang_massdep_baseline,piecewise,30.000000000000004,True,380,True,300 425 500 550 MX2,380,True,380,True,380,True,,,380,True,380,True,500,False,0.10321954234767539,0.10321954234767539
jiang_massdep_baseline,power_0.72,5.1,True,380,True,300 425 500 550 MX2,380,True,380,True,380,True,,,380,True,380,True,500,False,0.020206512651451458,0.020206512651451458
jiang_massdep_baseline,power_0.72,6.364496630910889,True,380,True,300 425 500 550 MX2,380,True,380,True,380,True,,,380,True,380,True,500,False,0.024651212979795556,0.024651212979795556
jiang_massdep_baseline,power_0.72,7.9425132087992285,True,380,True,300 425 500 550 MX2,380,True,380,True,380,True,,,380,True,380,True,500,False,0.029926014390890154,0.029926014390890154
jiang_massdep_baseline,power_0.72,9.911784031052534,True,380,True,300 425 500 550 MX2,380,True,380,True,380,True,,,380,True,380,True,500,False,0.03611916491649558,0.03611916491649558
jiang_massdep_baseline,power_0.72,12.36931687685298,True,380,True,300 425 500 550 MX2,380,True,380,True,380,True,,,380,True,380,True,500,False,0.04329963953462679,0.04329963953462679
jiang_massdep_baseline,power_0.72,15.436171684196077,True,380,True,300 425 500 550 MX2,380,True,380,True,380,True,,,380,True,380,True,500,False,0.05150439980862487,0.05150439980862487
jiang_massdep_baseline,power_0.72,19.26342405455451,True,380,True,300 425 500 550 MX2,380,True,380,True,380,True,,,380,True,380,True,500,False,0.060724901445896595,0.060724901445896595
jiang_massdep_baseline,power_0.72,24.039607351964708,True,380,True,300 425 500 550 MX2,380,True,380,True,380,True,,,380,True,380,True,500,False,0.07089518534129091,0.07089518534129091
jiang_massdep_baseline,power_0.72,30.000000000000004,True,380,True,300 425 500 550 MX2,380,True,380,True,380,True,,,380,True,380,True,500,False,0.081884601278706,0.081884601278706
jiang_massdep_baseline,power_0.84,5.1,True,380,True,300 425 500 550 MX2,380,True,380,True,380,True,,,380,True,380,True,500,False,0.024887217634042003,0.024887217634042003
jiang_massdep_baseline,power_0.84,6.364496630910889,True,380,True,300 425 500 550 MX2,380,True,380,True,380,True,,,380,True,380,True,500,False,0.030335766543703624,0.030335766543703624
jiang_massdep_baseline,power_0.84,7.9425132087992285,True,380,True,300 425 500 550 MX2,380,True,380,True,380,True,,,380,True,380,True,500,False,0.03678992323719554,0.03678992323719554
jiang_massdep_baseline,power_0.84,9.911784031052534,True,380,True,300 425 500 550 MX2,380,True,380,True,380,True,,,380,True,380,True,500,False,0.04435121861558877,0.04435121861558877
jiang_massdep_baseline,power_0.84,12.36931687685298,True,380,True,300 425 500 550 MX2,380,True,380,True,380,True,,,380,True,380,True,500,False,0.05309566940282706,0.05309566940282706
jiang_massdep_baseline,power_0.84,15.436171684196077,True,380,True,300 425 500 550 MX2,380,True,380,True,380,True,,,380,True,380,True,500,False,0.06305833614644651,0.06305833614644651
jiang_massdep_baseline,power_0.84,19.26342405455451,True,380,True,300 425 500 550 MX2,380,True,380,True,380,True,,,380,True,380,True,500,False,0.07421741787680536,0.07421741787680536
jiang_massdep_baseline,power_0.84,24.039607351964708,True,380,True,300 425 500 550 MX2,380,True,380,True,380,True,,,380,True,380,True,500,False,0.08648084947977952,0.08648084947977952
jiang_massdep_baseline,power_0.84,30.000000000000004,True,380,True,300 425 500 550 MX2,380,True,380,True,380,True,,,380,True,380,True,500,False,0.09967910099197863,0.09967910099197863
jiang_massdep_baseline,power_0.96,5.1,True,380,True,300 425 500 550 MX2,380,True,380,True,380,True,,,380,True,380,True,500,False,0.030024946434906497,0.030024946434906497
jiang_massdep_baseline,power_0.96,6.364496630910889,True,380,True,300 425 500 550 MX2,380,True,380,True,380,True,,,380,True,380,True,500,False,0.036566255551133464,0.036566255551133464
jiang_massdep_baseline,power_0.96,7.9425132087992285,True,380,True,300 425 500 550 MX2,380,True,380,True,380,True,,,380,True,380,True,500,False,0.04430005297395967,0.04430005297395967
jiang_massdep_baseline,power_0.96,9.911784031052534,True,380,True,300 425 500 550 MX2,380,True,380,True,380,True,,,380,True,380,True,500,False,0.05334013892434819,0.05334013892434819
jiang_massdep_baseline,power_0.96,12.36931687685298,True,380,True,300 425 500 550 MX2,380,True,380,True,380,True,,,380,True,380,True,500,False,0.06376748299800394,0.06376748299800394
jiang_massdep_baseline,power_0.96,15.436171684196077,True,380,True,300 425 500 550 MX2,380,True,380,True,380,True,,,380,True,380,True,500,False,0.0756119691806274,0.0756119691806274
jiang_massdep_baseline,power_0.96,19.26342405455451,True,380,True,300 425 500 550 MX2,380,True,380,True,380,True,,,380,True,380,True,500,False,0.08883414731475581,0.08883414731475581
jiang_massdep_baseline,power_0.96,24.039607351964708,True,380,True,300 425 500 550 MX2,380,True,380,True,380,True,,,380,True,380,True,500,False,0.10331065035434861,0.10331065035434861
jiang_massdep_baseline,power_0.96,30.000000000000004,True,380,True,300 425 500 550 MX2,380,True,380,True,380,True,,,380,True,380,True,500,False,0.11882763360761395,0.11882763360761395
rohcha_short_baseline,affine,5.1,True,550,True,500 MX2,550,True,550,True,550,True,,,550,True,550,True,550,True,,
rohcha_short_baseline,affine,6.364496630910889,True,550,True,500 MX2,550,True,550,True,550,True,,,550,True,550,True,550,True,,
rohcha_short_baseline,affine,7.9425132087992285,True,550,True,500 MX2,550,True,550,True,550,True,,,550,True,550,True,550,True,,
rohcha_short_baseline,affine,9.911784031052534,True,550,True,500 MX2,550,True,550,True,550,True,,,550,True,550,True,550,True,,
rohcha_short_baseline,affine,12.36931687685298,True,550,True,500 MX2,550,True,550,True,550,True,,,550,True,550,True,550,True,,
rohcha_short_baseline,affine,15.436171684196077,True,550,True,500 MX2,550,True,550,True,550,True,,,550,True,550,True,550,True,,
rohcha_short_baseline,affine,19.26342405455451,True,550,True,500 MX2,550,True,550,True,550,True,,,550,True,550,True,550,True,,
rohcha_short_baseline,affine,24.039607351964708,True,550,True,500 MX2,550,True,550,True,550,True,,,550,True,550,True,550,True,,
rohcha_short_baseline,affine,30.000000000000004,True,550,True,500 MX2,550,True,550,True,550,True,,,550,True,550,True,550,True,,
rohcha_short_baseline,piecewise,5.1,True,550,True,500 MX2,550,True,550,True,550,True,,,550,True,550,True,550,True,,
rohcha_short_baseline,piecewise,6.364496630910889,True,550,True,500 MX2,550,True,550,True,550,True,,,550,True,550,True,550,True,,
rohcha_short_baseline,piecewise,7.9425132087992285,True,550,True,500 MX2,550,True,550,True,550,True,,,550,True,550,True,550,True,,
rohcha_short_baseline,piecewise,9.911784031052534,True,550,True,500 MX2,550,True,550,True,550,True,,,550,True,550,True,550,True,,
rohcha_short_baseline,piecewise,12.36931687685298,True,550,True,500 MX2,550,True,550,True,550,True,,,550,True,550,True,550,True,,
rohcha_short_baseline,piecewise,15.436171684196077,True,550,True,500 MX2,550,True,550,True,550,True,,,550,True,550,True,550,True,,
rohcha_short_baseline,piecewise,19.26342405455451,True,550,True,500 MX2,550,True,550,True,550,True,,,550,True,550,True,550,True,,
rohcha_short_baseline,piecewise,24.039607351964708,True,550,True,500 MX2,550,True,550,True,550,True,,,550,True,550,True,550,True,,
rohcha_short_baseline,piecewise,30.000000000000004,True,550,True,500 MX2,550,True,550,True,550,True,,,550,True,550,True,550,True,,
rohcha_short_baseline,power_0.72,5.1,True,550,True,500 MX2,550,True,550,True,550,True,,,550,True,550,True,550,True,,
rohcha_short_baseline,power_0.72,6.364496630910889,True,550,True,500 MX2,550,True,550,True,550,True,,,550,True,550,True,550,True,,
rohcha_short_baseline,power_0.72,7.9425132087992285,True,550,True,500 MX2,550,True,550,True,550,True,,,550,True,550,True,550,True,,
rohcha_short_baseline,power_0.72,9.911784031052534,True,550,True,500 MX2,550,True,550,True,550,True,,,550,True,550,True,550,True,,
rohcha_short_baseline,power_0.72,12.36931687685298,True,550,True,500 MX2,550,True,550,True,550,True,,,550,True,550,True,550,True,,
rohcha_short_baseline,power_0.72,15.436171684196077,True,550,True,500 MX2,550,True,550,True,550,True,,,550,True,550,True,550,True,,
rohcha_short_baseline,power_0.72,19.26342405455451,True,550,True,500 MX2,550,True,550,True,550,True,,,550,True,550,True,550,True,,
rohcha_short_baseline,power_0.72,24.039607351964708,True,550,True,500 MX2,550,True,550,True,550,True,,,550,True,550,True,550,True,,
rohcha_short_baseline,power_0.72,30.000000000000004,True,550,True,500 MX2,550,True,550,True,550,True,,,550,True,550,True,550,True,,
rohcha_short_baseline,power_0.84,5.1,True,550,True,500 MX2,550,True,550,True,550,True,,,550,True,550,True,550,True,,
rohcha_short_baseline,power_0.84,6.364496630910889,True,550,True,500 MX2,550,True,550,True,550,True,,,550,True,550,True,550,True,,
rohcha_short_baseline,power_0.84,7.9425132087992285,True,550,True,500 MX2,550,True,550,True,550,True,,,550,True,550,True,550,True,,
rohcha_short_baseline,power_0.84,9.911784031052534,True,550,True,500 MX2,550,True,550,True,550,True,,,550,True,550,True,550,True,,
rohcha_short_baseline,power_0.84,12.36931687685298,True,550,True,500 MX2,550,True,550,True,550,True,,,550,True,550,True,550,True,,
rohcha_short_baseline,power_0.84,15.436171684196077,True,550,True,500 MX2,550,True,550,True,550,True,,,550,True,550,True,550,True,,
rohcha_short_baseline,power_0.84,19.26342405455451,True,550,True,500 MX2,550,True,550,True,550,True,,,550,True,550,True,550,True,,
rohcha_short_baseline,power_0.84,24.039607351964708,True,550,True,500 MX2,550,True,550,True,550,True,,,550,True,550,True,550,True,,
rohcha_short_baseline,power_0.84,30.000000000000004,True,550,True,500 MX2,550,True,550,True,550,True,,,550,True,550,True,550,True,,
rohcha_short_baseline,power_0.96,5.1,True,550,True,500 MX2,550,True,550,True,550,True,,,550,True,550,True,550,True,,
rohcha_short_baseline,power_0.96,6.364496630910889,True,550,True,500 MX2,550,True,550,True,550,True,,,550,True,550,True,550,True,,
rohcha_short_baseline,power_0.96,7.9425132087992285,True,550,True,500 MX2,550,True,550,True,550,True,,,550,True,550,True,550,True,,
rohcha_short_baseline,power_0.96,9.911784031052534,True,550,True,500 MX2,550,True,550,True,550,True,,,550,True,550,True,550,True,,
rohcha_short_baseline,power_0.96,12.36931687685298,True,550,True,500 MX2,550,True,550,True,550,True,,,550,True,550,True,550,True,,
rohcha_short_baseline,power_0.96,15.436171684196077,True,550,True,500 MX2,550,True,550,True,550,True,,,550,True,550,True,550,True,,
rohcha_short_baseline,power_0.96,19.26342405455451,True,550,True,500 MX2,550,True,550,True,550,True,,,550,True,550,True,550,True,,
rohcha_short_baseline,power_0.96,24.039607351964708,True,550,True,500 MX2,550,True,550,True,550,True,,,550,True,550,True,550,True,,
rohcha_short_baseline,power_0.96,30.000000000000004,True,550,True,500 MX2,550,True,550,True,550,True,,,550,True,550,True,550,True,,
rohcha_massdep_baseline,affine,5.1,True,550,True,500,550,True,550,True,550,True,,,550,True,550,True,550,True,,
rohcha_massdep_baseline,affine,6.364496630910889,True,550,True,500,550,True,550,True,550,True,,,550,True,550,True,550,True,,
rohcha_massdep_baseline,affine,7.9425132087992285,True,550,True,500,550,True,550,True,550,True,,,550,True,550,True,550,True,,
rohcha_massdep_baseline,affine,9.911784031052534,True,550,True,500,550,True,550,True,550,True,,,550,True,550,True,550,True,,
rohcha_massdep_baseline,affine,12.36931687685298,True,550,True,500,550,True,550,True,550,True,,,550,True,550,True,550,True,,
rohcha_massdep_baseline,affine,15.436171684196077,True,550,True,500,550,True,550,True,550,True,,,550,True,550,True,550,True,,
rohcha_massdep_baseline,affine,19.26342405455451,True,550,True,500,550,True,550,True,550,True,,,550,True,550,True,550,True,,
rohcha_massdep_baseline,affine,24.039607351964708,True,550,True,500,550,True,550,True,550,True,,,550,True,550,True,550,True,,
rohcha_massdep_baseline,affine,30.000000000000004,True,550,True,500,550,True,550,True,550,True,,,550,True,550,True,550,True,,
rohcha_massdep_baseline,piecewise,5.1,True,550,True,500,550,True,550,True,550,True,,,550,True,550,True,550,True,,
rohcha_massdep_baseline,piecewise,6.364496630910889,True,550,True,500,550,True,550,True,550,True,,,550,True,550,True,550,True,,
rohcha_massdep_baseline,piecewise,7.9425132087992285,True,550,True,500,550,True,550,True,550,True,,,550,True,550,True,550,True,,
rohcha_massdep_baseline,piecewise,9.911784031052534,True,550,True,500,550,True,550,True,550,True,,,550,True,550,True,550,True,,
rohcha_massdep_baseline,piecewise,12.36931687685298,True,550,True,500,550,True,550,True,550,True,,,550,True,550,True,550,True,,
rohcha_massdep_baseline,piecewise,15.436171684196077,True,550,True,500,550,True,550,True,550,True,,,550,True,550,True,550,True,,
rohcha_massdep_baseline,piecewise,19.26342405455451,True,550,True,500,550,True,550,True,550,True,,,550,True,550,True,550,True,,
rohcha_massdep_baseline,piecewise,24.039607351964708,True,550,True,500,550,True,550,True,550,True,,,550,True,550,True,550,True,,
rohcha_massdep_baseline,piecewise,30.000000000000004,True,550,True,500,550,True,550,True,550,True,,,550,True,550,True,550,True,,
rohcha_massdep_baseline,power_0.72,5.1,True,550,True,500,550,True,550,True,550,True,,,550,True,550,True,550,True,,
rohcha_massdep_baseline,power_0.72,6.364496630910889,True,550,True,500,550,True,550,True,550,True,,,550,True,550,True,550,True,,
rohcha_massdep_baseline,power_0.72,7.9425132087992285,True,550,True,500,550,True,550,True,550,True,,,550,True,550,True,550,True,,
rohcha_massdep_baseline,power_0.72,9.911784031052534,True,550,True,500,550,True,550,True,550,True,,,550,True,550,True,550,True,,
rohcha_massdep_baseline,power_0.72,12.36931687685298,True,550,True,500,550,True,550,True,550,True,,,550,True,550,True,550,True,,
rohcha_massdep_baseline,power_0.72,15.436171684196077,True,550,True,500,550,True,550,True,550,True,,,550,True,550,True,550,True,,
rohcha_massdep_baseline,power_0.72,19.26342405455451,True,550,True,500,550,True,550,True,550,True,,,550,True,550,True,550,True,,
rohcha_massdep_baseline,power_0.72,24.039607351964708,True,550,True,500,550,True,550,True,550,True,,,550,True,550,True,550,True,,
rohcha_massdep_baseline,power_0.72,30.000000000000004,True,550,True,500,550,True,550,True,550,True,,,550,True,550,True,550,True,,
rohcha_massdep_baseline,power_0.84,5.1,True,550,True,500,550,True,550,True,550,True,,,550,True,550,True,550,True,,
rohcha_massdep_baseline,power_0.84,6.364496630910889,True,550,True,500,550,True,550,True,550,True,,,550,True,550,True,550,True,,
rohcha_massdep_baseline,power_0.84,7.9425132087992285,True,550,True,500,550,True,550,True,550,True,,,550,True,550,True,550,True,,
rohcha_massdep_baseline,power_0.84,9.911784031052534,True,550,True,500,550,True,550,True,550,True,,,550,True,550,True,550,True,,
rohcha_massdep_baseline,power_0.84,12.36931687685298,True,550,True,500,550,True,550,True,550,True,,,550,True,550,True,550,True,,
rohcha_massdep_baseline,power_0.84,15.436171684196077,True,550,True,500,550,True,550,True,550,True,,,550,True,550,True,550,True,,
rohcha_massdep_baseline,power_0.84,19.26342405455451,True,550,True,500,550,True,550,True,550,True,,,550,True,550,True,550,True,,
rohcha_massdep_baseline,power_0.84,24.039607351964708,True,550,True,500,550,True,550,True,550,True,,,550,True,550,True,550,True,,
rohcha_massdep_baseline,power_0.84,30.000000000000004,True,550,True,500,550,True,550,True,550,True,,,550,True,550,True,550,True,,
rohcha_massdep_baseline,power_0.96,5.1,True,550,True,500,550,True,550,True,550,True,,,550,True,550,True,550,True,,
rohcha_massdep_baseline,power_0.96,6.364496630910889,True,550,True,500,550,True,550,True,550,True,,,550,True,550,True,550,True,,
rohcha_massdep_baseline,power_0.96,7.9425132087992285,True,550,True,500,550,True,550,True,550,True,,,550,True,550,True,550,True,,
rohcha_massdep_baseline,power_0.96,9.911784031052534,True,550,True,500,550,True,550,True,550,True,,,550,True,550,True,550,True,,
rohcha_massdep_baseline,power_0.96,12.36931687685298,True,550,True,500,550,True,550,True,550,True,,,550,True,550,True,550,True,,
rohcha_massdep_baseline,power_0.96,15.436171684196077,True,550,True,500,550,True,550,True,550,True,,,550,True,550,True,550,True,,
rohcha_massdep_baseline,power_0.96,19.26342405455451,True,550,True,500,550,True,550,True,550,True,,,550,True,550,True,550,True,,
rohcha_massdep_baseline,power_0.96,24.039607351964708,True,550,True,500,550,True,550,True,550,True,,,550,True,550,True,550,True,,
rohcha_massdep_baseline,power_0.96,30.000000000000004,True,550,True,500,550,True,550,True,550,True,,,550,True,550,True,550,True,,
liu_short_baseline,affine,5.1,True,MX2,True,425 500 550 L300_H425x1 MX1,MX2,True,MX2,True,L300_H425x2,False,0.0019828070580156787,0.0019828070580156787,MX2,True,MX2,True,L300_H425x2,False,0.0019828070580156787,0.0019828070580156787
liu_short_baseline,affine,6.364496630910889,True,MX2,True,425 500 550 L300_H425x1 MX1,MX2,True,MX2,True,L300_H425x2,False,0.0024187820691472517,0.0024187820691472517,MX2,True,MX2,True,L300_H425x2,False,0.0024187820691472517,0.0024187820691472517
liu_short_baseline,affine,7.9425132087992285,True,MX2,True,425 500 550 L300_H425x1 MX1,MX2,True,MX2,True,L300_H425x2,False,0.0029361008208004247,0.0029361008208004247,MX2,True,MX2,True,L300_H425x2,False,0.0029361008208004247,0.0029361008208004247
liu_short_baseline,affine,9.911784031052534,True,MX2,True,425 500 550 L300_H425x1 MX1,MX2,True,MX2,True,L300_H425x2,False,0.0035433748256414876,0.0035433748256414876,MX2,True,MX2,True,L300_H425x2,False,0.0035433748256414876,0.0035433748256414876
liu_short_baseline,affine,12.36931687685298,True,MX2,True,425 500 550 L300_H425x1 MX1,MX2,True,MX2,True,L300_H425x2,False,0.0042473122055819434,0.0042473122055819434,MX2,True,MX2,True,L300_H425x2,False,0.0042473122055819434,0.0042473122055819434
liu_short_baseline,affine,15.436171684196077,True,MX2,True,425 500 550 L300_H425x1 MX1,MX2,True,MX2,True,L300_H425x2,False,0.0050514690080414315,0.0050514690080414315,MX2,True,MX2,True,L300_H425x2,False,0.0050514690080414315,0.0050514690080414315
liu_short_baseline,affine,19.26342405455451,True,MX2,True,425 500 550 L300_H425x1 MX1,MX2,True,MX2,True,L300_H425x2,False,0.0059549298140189055,0.0059549298140189055,MX2,True,MX2,True,L300_H425x2,False,0.0059549298140189055,0.0059549298140189055
liu_short_baseline,affine,24.039607351964708,True,MX2,True,425 500 550 L300_H425x1 MX1,MX2,True,MX2,True,L300_H425x2,False,0.006951147488260645,0.006951147488260645,MX2,True,MX2,True,L300_H425x2,False,0.006951147488260645,0.006951147488260645
liu_short_baseline,affine,30.000000000000004,True,MX2,True,425 500 550 L300_H425x1 MX1,MX2,True,MX2,True,L300_H425x2,False,0.008027240998538687,0.008027240998538687,MX2,True,MX2,True,L300_H425x2,False,0.008027240998538687,0.008027240998538687
liu_short_baseline,piecewise,5.1,True,MX2,True,425 500 550 L300_H425x1 MX1,MX2,True,MX2,True,L300_H425x2,False,0.002148314595785239,0.002148314595785239,MX2,True,MX2,True,L300_H425x2,False,0.002148314595785239,0.002148314595785239
liu_short_baseline,piecewise,6.364496630910889,True,MX2,True,425 500 550 L300_H425x1 MX1,MX2,True,MX2,True,L300_H425x2,False,0.0026196752989768868,0.0026196752989768868,MX2,True,MX2,True,L300_H425x2,False,0.0026196752989768868,0.0026196752989768868
liu_short_baseline,piecewise,7.9425132087992285,True,MX2,True,425 500 550 L300_H425x1 MX1,MX2,True,MX2,True,L300_H425x2,False,0.003178512849819626,0.003178512849819626,MX2,True,MX2,True,L300_H425x2,False,0.003178512849819626,0.003178512849819626
liu_short_baseline,piecewise,9.911784031052534,True,MX2,True,425 500 550 L300_H425x1 MX1,MX2,True,MX2,True,L300_H425x2,False,0.0038338765001422193,0.0038338765001422193,MX2,True,MX2,True,L300_H425x2,False,0.0038338765001422193,0.0038338765001422193
liu_short_baseline,piecewise,12.36931687685298,True,MX2,True,425 500 550 L300_H425x1 MX1,MX2,True,MX2,True,L300_H425x2,False,0.004592682834967388,0.004592682834967388,MX2,True,MX2,True,L300_H425x2,False,0.004592682834967388,0.004592682834967388
liu_short_baseline,piecewise,15.436171684196077,True,MX2,True,425 500 550 L300_H425x1 MX1,MX2,True,MX2,True,L300_H425x2,False,0.00545837221957024,0.00545837221957024,MX2,True,MX2,True,L300_H425x2,False,0.00545837221957024,0.00545837221957024
liu_short_baseline,piecewise,19.26342405455451,True,MX2,True,425 500 550 L300_H425x1 MX1,MX2,True,MX2,True,L300_H425x2,False,0.00642950678350096,0.00642950678350096,MX2,True,MX2,True,L300_H425x2,False,0.00642950678350096,0.00642950678350096
liu_short_baseline,piecewise,24.039607351964708,True,MX2,True,425 500 550 L300_H425x1 MX1,MX2,True,MX2,True,L300_H425x2,False,0.007498562655714913,0.007498562655714913,MX2,True,MX2,True,L300_H425x2,False,0.007498562655714913,0.007498562655714913
liu_short_baseline,piecewise,30.000000000000004,True,MX2,True,425 500 550 L300_H425x1 MX1,MX2,True,MX2,True,L300_H425x2,False,0.008651238354734803,0.008651238354734803,MX2,True,MX2,True,L300_H425x2,False,0.008651238354734803,0.008651238354734803
liu_short_baseline,power_0.72,5.1,True,MX2,True,425 500 550 L300_H425x1 MX1,MX2,True,MX2,True,L300_H425x2,False,0.0019027451892981162,0.0019027451892981162,MX2,True,MX2,True,L300_H425x2,False,0.0019027451892981162,0.0019027451892981162
liu_short_baseline,power_0.72,6.364496630910889,True,MX2,True,425 500 550 L300_H425x1 MX1,MX2,True,MX2,True,L300_H425x2,False,0.0023220733452788966,0.0023220733452788966,MX2,True,MX2,True,L300_H425x2,False,0.0023220733452788966,0.0023220733452788966
liu_short_baseline,power_0.72,7.9425132087992285,True,MX2,True,425 500 550 L300_H425x1 MX1,MX2,True,MX2,True,L300_H425x2,False,0.002820088062398529,0.002820088062398529,MX2,True,MX2,True,L300_H425x2,False,0.002820088062398529,0.002820088062398529
liu_short_baseline,power_0.72,9.911784031052534,True,MX2,True,425 500 550 L300_H425x1 MX1,MX2,True,MX2,True,L300_H425x2,False,0.00340532369266322,0.00340532369266322,MX2,True,MX2,True,L300_H425x2,False,0.00340532369266322,0.00340532369266322
liu_short_baseline,power_0.72,12.36931687685298,True,MX2,True,425 500 550 L300_H425x1 MX1,MX2,True,MX2,True,L300_H425x2,False,0.0040845573580192696,0.0040845573580192696,MX2,True,MX2,True,L300_H425x2,False,0.0040845573580192696,0.0040845573580192696
liu_short_baseline,power_0.72,15.436171684196077,True,MX2,True,425 500 550 L300_H425x1 MX1,MX2,True,MX2,True,L300_H425x2,False,0.004861602745381832,0.004861602745381832,MX2,True,MX2,True,L300_H425x2,False,0.004861602745381832,0.004861602745381832
liu_short_baseline,power_0.72,19.26342405455451,True,MX2,True,425 500 550 L300_H425x1 MX1,MX2,True,MX2,True,L300_H425x2,False,0.005736018671947951,0.005736018671947951,MX2,True,MX2,True,L300_H425x2,False,0.005736018671947951,0.005736018671947951
liu_short_baseline,power_0.72,24.039607351964708,True,MX2,True,425 500 550 L300_H425x1 MX1,MX2,True,MX2,True,L300_H425x2,False,0.006701949057969392,0.006701949057969392,MX2,True,MX2,True,L300_H425x2,False,0.006701949057969392,0.006701949057969392
liu_short_baseline,power_0.72,30.000000000000004,True,MX2,True,425 500 550 L300_H425x1 MX1,MX2,True,MX2,True,L300_H425x2,False,0.007747382491078314,0.007747382491078314,MX2,True,MX2,True,L300_H425x2,False,0.007747382491078314,0.007747382491078314
liu_short_baseline,power_0.84,5.1,True,MX2,True,425 500 550 L300_H425x1 MX1,MX2,True,MX2,True,L300_H425x2,False,0.002225804360463046,0.002225804360463046,MX2,True,MX2,True,L300_H425x2,False,0.002225804360463046,0.002225804360463046
liu_short_baseline,power_0.84,6.364496630910889,True,MX2,True,425 500 550 L300_H425x1 MX1,MX2,True,MX2,True,L300_H425x2,False,0.0027140967197420984,0.0027140967197420984,MX2,True,MX2,True,L300_H425x2,False,0.0027140967197420984,0.0027140967197420984
liu_short_baseline,power_0.84,7.9425132087992285,True,MX2,True,425 500 550 L300_H425x1 MX1,MX2,True,MX2,True,L300_H425x2,False,0.003292975377586993,0.003292975377586993,MX2,True,MX2,True,L300_H425x2,False,0.003292975377586993,0.003292975377586993
liu_short_baseline,power_0.84,9.911784031052534,True,MX2,True,425 500 550 L300_H425x1 MX1,MX2,True,MX2,True,L300_H425x2,False,0.003971796452005627,0.003971796452005627,MX2,True,MX2,True,L300_H425x2,False,0.003971796452005627,0.003971796452005627
liu_short_baseline,power_0.84,12.36931687685298,True,MX2,True,425 500 550 L300_H425x1 MX1,MX2,True,MX2,True,L300_H425x2,False,0.0047577016322344345,0.0047577016322344345,MX2,True,MX2,True,L300_H425x2,False,0.0047577016322344345,0.0047577016322344345
liu_short_baseline,power_0.84,15.436171684196077,True,MX2,True,425 500 550 L300_H425x1 MX1,MX2,True,MX2,True,L300_H425x2,False,0.005654226853880617,0.005654226853880617,MX2,True,MX2,True,L300_H425x2,False,0.005654226853880617,0.005654226853880617
liu_short_baseline,power_0.84,19.26342405455451,True,MX2,True,425 500 550 L300_H425x1 MX1,MX2,True,MX2,True,L300_H425x2,False,0.006659851666733996,0.006659851666733996,MX2,True,MX2,True,L300_H425x2,False,0.006659851666733996,0.006659851666733996
liu_short_baseline,power_0.84,24.039607351964708,True,MX2,True,425 500 550 L300_H425x1 MX1,MX2,True,MX2,True,L300_H425x2,False,0.007766751365807734,0.007766751365807734,MX2,True,MX2,True,L300_H425x2,False,0.007766751365807734,0.007766751365807734
liu_short_baseline,power_0.84,30.000000000000004,True,MX2,True,425 500 550 L300_H425x1 MX1,MX2,True,MX2,True,L300_H425x2,False,0.008960085242228022,0.008960085242228022,MX2,True,MX2,True,L300_H425x2,False,0.008960085242228022,0.008960085242228022
liu_short_baseline,power_0.96,5.1,True,MX2,True,425 500 550 L300_H425x1 MX1,MX2,True,MX2,True,L300_H425x2,False,0.0025501164646644092,0.0025501164646644092,MX2,True,MX2,True,L300_H425x2,False,0.0025501164646644092,0.0025501164646644092
liu_short_baseline,power_0.96,6.364496630910889,True,MX2,True,425 500 550 L300_H425x1 MX1,MX2,True,MX2,True,L300_H425x2,False,0.003106880860869188,0.003106880860869188,MX2,True,MX2,True,L300_H425x2,False,0.003106880860869188,0.003106880860869188
liu_short_baseline,power_0.96,7.9425132087992285,True,MX2,True,425 500 550 L300_H425x1 MX1,MX2,True,MX2,True,L300_H425x2,False,0.0037656946061253027,0.0037656946061253027,MX2,True,MX2,True,L300_H425x2,False,0.0037656946061253027,0.0037656946061253027
liu_short_baseline,power_0.96,9.911784031052534,True,MX2,True,425 500 550 L300_H425x1 MX1,MX2,True,MX2,True,L300_H425x2,False,0.0045365434850941355,0.0045365434850941355,MX2,True,MX2,True,L300_H425x2,False,0.0045365434850941355,0.0045365434850941355
liu_short_baseline,power_0.96,12.36931687685298,True,MX2,True,425 500 550 L300_H425x1 MX1,MX2,True,MX2,True,L300_H425x2,False,0.005426699271336766,0.005426699271336766,MX2,True,MX2,True,L300_H425x2,False,0.005426699271336766,0.005426699271336766
liu_short_baseline,power_0.96,15.436171684196077,True,MX2,True,425 500 550 L300_H425x1 MX1,MX2,True,MX2,True,L300_H425x2,False,0.006439154705407901,0.006439154705407901,MX2,True,MX2,True,L300_H425x2,False,0.006439154705407901,0.006439154705407901
liu_short_baseline,power_0.96,19.26342405455451,True,MX2,True,425 500 550 L300_H425x1 MX1,MX2,True,MX2,True,L300_H425x2,False,0.007571038157546894,0.007571038157546894,MX2,True,MX2,True,L300_H425x2,False,0.007571038157546894,0.007571038157546894
liu_short_baseline,power_0.96,24.039607351964708,True,MX2,True,425 500 550 L300_H425x1 MX1,MX2,True,MX2,True,L300_H425x2,False,0.00881231608462163,0.00881231608462163,MX2,True,MX2,True,L300_H425x2,False,0.00881231608462163,0.00881231608462163
liu_short_baseline,power_0.96,30.000000000000004,True,MX2,True,425 500 550 L300_H425x1 MX1,MX2,True,MX2,True,L300_H425x2,False,0.010145157596825882,0.010145157596825882,MX2,True,MX2,True,L300_H425x2,False,0.010145157596825882,0.010145157596825882
liu_short_tight,affine,5.1,True,425,True,500 550 L300_H425x2 MX2,425,True,425,True,425,True,,,425,True,425,True,425,True,,
liu_short_tight,affine,6.364496630910889,True,425,True,500 550 L300_H425x2 MX2,425,True,425,True,425,True,,,425,True,425,True,425,True,,
liu_short_tight,affine,7.9425132087992285,True,425,True,500 550 L300_H425x2 MX2,425,True,425,True,425,True,,,425,True,425,True,425,True,,
liu_short_tight,affine,9.911784031052534,True,425,True,500 550 L300_H425x2 MX2,425,True,425,True,425,True,,,425,True,425,True,425,True,,
liu_short_tight,affine,12.36931687685298,True,425,True,500 550 L300_H425x2 MX2,425,True,425,True,425,True,,,425,True,425,True,425,True,,
liu_short_tight,affine,15.436171684196077,True,425,True,500 550 L300_H425x2 MX2,425,True,425,True,425,True,,,425,True,425,True,425,True,,
liu_short_tight,affine,19.26342405455451,True,425,True,500 550 L300_H425x2 MX2,425,True,425,True,425,True,,,425,True,425,True,425,True,,
liu_short_tight,affine,24.039607351964708,True,425,True,500 550 L300_H425x2 MX2,425,True,425,True,425,True,,,425,True,425,True,425,True,,
liu_short_tight,affine,30.000000000000004,True,425,True,500 550 L300_H425x2 MX2,425,True,425,True,425,True,,,425,True,425,True,425,True,,
liu_short_tight,piecewise,5.1,True,425,True,500 550 L300_H425x2 MX2,425,True,425,True,425,True,,,425,True,425,True,425,True,,
liu_short_tight,piecewise,6.364496630910889,True,425,True,500 550 L300_H425x2 MX2,425,True,425,True,425,True,,,425,True,425,True,425,True,,
liu_short_tight,piecewise,7.9425132087992285,True,425,True,500 550 L300_H425x2 MX2,425,True,425,True,425,True,,,425,True,425,True,425,True,,
liu_short_tight,piecewise,9.911784031052534,True,425,True,500 550 L300_H425x2 MX2,425,True,425,True,425,True,,,425,True,425,True,425,True,,
liu_short_tight,piecewise,12.36931687685298,True,425,True,500 550 L300_H425x2 MX2,425,True,425,True,425,True,,,425,True,425,True,425,True,,
liu_short_tight,piecewise,15.436171684196077,True,425,True,500 550 L300_H425x2 MX2,425,True,425,True,425,True,,,425,True,425,True,425,True,,
liu_short_tight,piecewise,19.26342405455451,True,425,True,500 550 L300_H425x2 MX2,425,True,425,True,425,True,,,425,True,425,True,425,True,,
liu_short_tight,piecewise,24.039607351964708,True,425,True,500 550 L300_H425x2 MX2,425,True,425,True,425,True,,,425,True,425,True,425,True,,
liu_short_tight,piecewise,30.000000000000004,True,425,True,500 550 L300_H425x2 MX2,425,True,425,True,425,True,,,425,True,425,True,425,True,,
liu_short_tight,power_0.72,5.1,True,425,True,500 550 L300_H425x2 MX2,425,True,425,True,425,True,,,425,True,425,True,425,True,,
liu_short_tight,power_0.72,6.364496630910889,True,425,True,500 550 L300_H425x2 MX2,425,True,425,True,425,True,,,425,True,425,True,425,True,,
liu_short_tight,power_0.72,7.9425132087992285,True,425,True,500 550 L300_H425x2 MX2,425,True,425,True,425,True,,,425,True,425,True,425,True,,
liu_short_tight,power_0.72,9.911784031052534,True,425,True,500 550 L300_H425x2 MX2,425,True,425,True,425,True,,,425,True,425,True,425,True,,
liu_short_tight,power_0.72,12.36931687685298,True,425,True,500 550 L300_H425x2 MX2,425,True,425,True,425,True,,,425,True,425,True,425,True,,
liu_short_tight,power_0.72,15.436171684196077,True,425,True,500 550 L300_H425x2 MX2,425,True,425,True,425,True,,,425,True,425,True,425,True,,
liu_short_tight,power_0.72,19.26342405455451,True,425,True,500 550 L300_H425x2 MX2,425,True,425,True,425,True,,,425,True,425,True,425,True,,
liu_short_tight,power_0.72,24.039607351964708,True,425,True,500 550 L300_H425x2 MX2,425,True,425,True,425,True,,,425,True,425,True,425,True,,
liu_short_tight,power_0.72,30.000000000000004,True,425,True,500 550 L300_H425x2 MX2,425,True,425,True,425,True,,,425,True,425,True,425,True,,
liu_short_tight,power_0.84,5.1,True,425,True,500 550 L300_H425x2 MX2,425,True,425,True,425,True,,,425,True,425,True,425,True,,
liu_short_tight,power_0.84,6.364496630910889,True,425,True,500 550 L300_H425x2 MX2,425,True,425,True,425,True,,,425,True,425,True,425,True,,
liu_short_tight,power_0.84,7.9425132087992285,True,425,True,500 550 L300_H425x2 MX2,425,True,425,True,425,True,,,425,True,425,True,425,True,,
liu_short_tight,power_0.84,9.911784031052534,True,425,True,500 550 L300_H425x2 MX2,425,True,425,True,425,True,,,425,True,425,True,425,True,,
liu_short_tight,power_0.84,12.36931687685298,True,425,True,500 550 L300_H425x2 MX2,425,True,425,True,425,True,,,425,True,425,True,425,True,,
liu_short_tight,power_0.84,15.436171684196077,True,425,True,500 550 L300_H425x2 MX2,425,True,425,True,425,True,,,425,True,425,True,425,True,,
liu_short_tight,power_0.84,19.26342405455451,True,425,True,500 550 L300_H425x2 MX2,425,True,425,True,425,True,,,425,True,425,True,425,True,,
liu_short_tight,power_0.84,24.039607351964708,True,425,True,500 550 L300_H425x2 MX2,425,True,425,True,425,True,,,425,True,425,True,425,True,,
liu_short_tight,power_0.84,30.000000000000004,True,425,True,500 550 L300_H425x2 MX2,425,True,425,True,425,True,,,425,True,425,True,425,True,,
liu_short_tight,power_0.96,5.1,True,425,True,500 550 L300_H425x2 MX2,425,True,425,True,425,True,,,425,True,425,True,425,True,,
liu_short_tight,power_0.96,6.364496630910889,True,425,True,500 550 L300_H425x2 MX2,425,True,425,True,425,True,,,425,True,425,True,425,True,,
liu_short_tight,power_0.96,7.9425132087992285,True,425,True,500 550 L300_H425x2 MX2,425,True,425,True,425,True,,,425,True,425,True,425,True,,
liu_short_tight,power_0.96,9.911784031052534,True,425,True,500 550 L300_H425x2 MX2,425,True,425,True,425,True,,,425,True,425,True,425,True,,
liu_short_tight,power_0.96,12.36931687685298,True,425,True,500 550 L300_H425x2 MX2,425,True,425,True,425,True,,,425,True,425,True,425,True,,
liu_short_tight,power_0.96,15.436171684196077,True,425,True,500 550 L300_H425x2 MX2,425,True,425,True,425,True,,,425,True,425,True,425,True,,
liu_short_tight,power_0.96,19.26342405455451,True,425,True,500 550 L300_H425x2 MX2,425,True,425,True,425,True,,,425,True,425,True,425,True,,
liu_short_tight,power_0.96,24.039607351964708,True,425,True,500 550 L300_H425x2 MX2,425,True,425,True,425,True,,,425,True,425,True,425,True,,
liu_short_tight,power_0.96,30.000000000000004,True,425,True,500 550 L300_H425x2 MX2,425,True,425,True,425,True,,,425,True,425,True,425,True,,
liu_massdep_baseline,affine,5.1,True,425,True,500 550 L300_H425x2,425,True,425,True,425,True,,,425,True,425,True,425,True,,
liu_massdep_baseline,affine,6.364496630910889,True,425,True,500 550 L300_H425x2,425,True,425,True,425,True,,,425,True,425,True,425,True,,
liu_massdep_baseline,affine,7.9425132087992285,True,425,True,500 550 L300_H425x2,425,True,425,True,425,True,,,425,True,425,True,425,True,,
liu_massdep_baseline,affine,9.911784031052534,True,425,True,500 550 L300_H425x2,425,True,425,True,425,True,,,425,True,425,True,425,True,,
liu_massdep_baseline,affine,12.36931687685298,True,425,True,500 550 L300_H425x2,425,True,425,True,425,True,,,425,True,425,True,425,True,,
liu_massdep_baseline,affine,15.436171684196077,True,425,True,500 550 L300_H425x2,425,True,425,True,425,True,,,425,True,425,True,425,True,,
liu_massdep_baseline,affine,19.26342405455451,True,425,True,500 550 L300_H425x2,425,True,425,True,425,True,,,425,True,425,True,425,True,,
liu_massdep_baseline,affine,24.039607351964708,True,425,True,500 550 L300_H425x2,425,True,425,True,425,True,,,425,True,425,True,425,True,,
liu_massdep_baseline,affine,30.000000000000004,True,425,True,500 550 L300_H425x2,425,True,425,True,425,True,,,425,True,425,True,425,True,,
liu_massdep_baseline,piecewise,5.1,True,425,True,500 550 L300_H425x2,425,True,425,True,425,True,,,425,True,425,True,425,True,,
liu_massdep_baseline,piecewise,6.364496630910889,True,425,True,500 550 L300_H425x2,425,True,425,True,425,True,,,425,True,425,True,425,True,,
liu_massdep_baseline,piecewise,7.9425132087992285,True,425,True,500 550 L300_H425x2,425,True,425,True,425,True,,,425,True,425,True,425,True,,
liu_massdep_baseline,piecewise,9.911784031052534,True,425,True,500 550 L300_H425x2,425,True,425,True,425,True,,,425,True,425,True,425,True,,
liu_massdep_baseline,piecewise,12.36931687685298,True,425,True,500 550 L300_H425x2,425,True,425,True,425,True,,,425,True,425,True,425,True,,
liu_massdep_baseline,piecewise,15.436171684196077,True,425,True,500 550 L300_H425x2,425,True,425,True,425,True,,,425,True,425,True,425,True,,
liu_massdep_baseline,piecewise,19.26342405455451,True,425,True,500 550 L300_H425x2,425,True,425,True,425,True,,,425,True,425,True,425,True,,
liu_massdep_baseline,piecewise,24.039607351964708,True,425,True,500 550 L300_H425x2,425,True,425,True,425,True,,,425,True,425,True,425,True,,
liu_massdep_baseline,piecewise,30.000000000000004,True,425,True,500 550 L300_H425x2,425,True,425,True,425,True,,,425,True,425,True,425,True,,
liu_massdep_baseline,power_0.72,5.1,True,425,True,500 550 L300_H425x2,425,True,425,True,425,True,,,425,True,425,True,425,True,,
liu_massdep_baseline,power_0.72,6.364496630910889,True,425,True,500 550 L300_H425x2,425,True,425,True,425,True,,,425,True,425,True,425,True,,
liu_massdep_baseline,power_0.72,7.9425132087992285,True,425,True,500 550 L300_H425x2,425,True,425,True,425,True,,,425,True,425,True,425,True,,
liu_massdep_baseline,power_0.72,9.911784031052534,True,425,True,500 550 L300_H425x2,425,True,425,True,425,True,,,425,True,425,True,425,True,,
liu_massdep_baseline,power_0.72,12.36931687685298,True,425,True,500 550 L300_H425x2,425,True,425,True,425,True,,,425,True,425,True,425,True,,
liu_massdep_baseline,power_0.72,15.436171684196077,True,425,True,500 550 L300_H425x2,425,True,425,True,425,True,,,425,True,425,True,425,True,,
liu_massdep_baseline,power_0.72,19.26342405455451,True,425,True,500 550 L300_H425x2,425,True,425,True,425,True,,,425,True,425,True,425,True,,
liu_massdep_baseline,power_0.72,24.039607351964708,True,425,True,500 550 L300_H425x2,425,True,425,True,425,True,,,425,True,425,True,425,True,,
liu_massdep_baseline,power_0.72,30.000000000000004,True,425,True,500 550 L300_H425x2,425,True,425,True,425,True,,,425,True,425,True,425,True,,
liu_massdep_baseline,power_0.84,5.1,True,425,True,500 550 L300_H425x2,425,True,425,True,425,True,,,425,True,425,True,425,True,,
liu_massdep_baseline,power_0.84,6.364496630910889,True,425,True,500 550 L300_H425x2,425,True,425,True,425,True,,,425,True,425,True,425,True,,
liu_massdep_baseline,power_0.84,7.9425132087992285,True,425,True,500 550 L300_H425x2,425,True,425,True,425,True,,,425,True,425,True,425,True,,
liu_massdep_baseline,power_0.84,9.911784031052534,True,425,True,500 550 L300_H425x2,425,True,425,True,425,True,,,425,True,425,True,425,True,,
liu_massdep_baseline,power_0.84,12.36931687685298,True,425,True,500 550 L300_H425x2,425,True,425,True,425,True,,,425,True,425,True,425,True,,
liu_massdep_baseline,power_0.84,15.436171684196077,True,425,True,500 550 L300_H425x2,425,True,425,True,425,True,,,425,True,425,True,425,True,,
liu_massdep_baseline,power_0.84,19.26342405455451,True,425,True,500 550 L300_H425x2,425,True,425,True,425,True,,,425,True,425,True,425,True,,
liu_massdep_baseline,power_0.84,24.039607351964708,True,425,True,500 550 L300_H425x2,425,True,425,True,425,True,,,425,True,425,True,425,True,,
liu_massdep_baseline,power_0.84,30.000000000000004,True,425,True,500 550 L300_H425x2,425,True,425,True,425,True,,,425,True,425,True,425,True,,
liu_massdep_baseline,power_0.96,5.1,True,425,True,500 550 L300_H425x2,425,True,425,True,425,True,,,425,True,425,True,425,True,,
liu_massdep_baseline,power_0.96,6.364496630910889,True,425,True,500 550 L300_H425x2,425,True,425,True,425,True,,,425,True,425,True,425,True,,
liu_massdep_baseline,power_0.96,7.9425132087992285,True,425,True,500 550 L300_H425x2,425,True,425,True,425,True,,,425,True,425,True,425,True,,
liu_massdep_baseline,power_0.96,9.911784031052534,True,425,True,500 550 L300_H425x2,425,True,425,True,425,True,,,425,True,425,True,425,True,,
liu_massdep_baseline,power_0.96,12.36931687685298,True,425,True,500 550 L300_H425x2,425,True,425,True,425,True,,,425,True,425,True,425,True,,
liu_massdep_baseline,power_0.96,15.436171684196077,True,425,True,500 550 L300_H425x2,425,True,425,True,425,True,,,425,True,425,True,425,True,,
liu_massdep_baseline,power_0.96,19.26342405455451,True,425,True,500 550 L300_H425x2,425,True,425,True,425,True,,,425,True,425,True,425,True,,
liu_massdep_baseline,power_0.96,24.039607351964708,True,425,True,500 550 L300_H425x2,425,True,425,True,425,True,,,425,True,425,True,425,True,,
liu_massdep_baseline,power_0.96,30.000000000000004,True,425,True,500 550 L300_H425x2,425,True,425,True,425,True,,,425,True,425,True,425,True,,
