series,cell,family,K_own,K_pooled,crew_veh_h,crew_team_h,n_sources
jiang_short_baseline_200,jiang_short_baseline,200,9,9,550.7696666666667,357.280037037037,1
jiang_short_baseline_250,jiang_short_baseline,250,7,7,438.56574074074075,330.43155555555563,1
jiang_short_baseline_270,jiang_short_baseline,270,7,7,402.48344444444433,314.32000000000005,1
jiang_short_baseline_300,jiang_short_baseline,300,6,6,333.2935925925927,293.6401111111111,1
jiang_short_baseline_325,jiang_short_baseline,325,6,6,320.42333333333335,288.8731481481481,2
jiang_short_baseline_380,jiang_short_baseline,380,5,5,304.2522962962963,287.0108148148148,2
jiang_short_baseline_425,jiang_short_baseline,425,5,5,281.6419259259259,277.59644444444444,1
jiang_short_baseline_500,jiang_short_baseline,500,5,5,275.1288518518519,275.1288518518519,2
jiang_short_baseline_550,jiang_short_baseline,550,5,5,275.1288518518519,275.1288518518519,2
jiang_short_baseline_MX1,jiang_short_baseline,MX1,5,5,318.1901481481482,297.2685555555556,1
jiang_short_baseline_MX2,jiang_short_baseline,MX2,5,5,278.91740740740744,278.5534814814815,1
jiang_short_tight_200,jiang_short_tight,200,10,10,547.3904814814814,353.9008518518518,1
jiang_short_tight_250,jiang_short_tight,250,8,8,429.65703703703707,321.52285185185184,1
jiang_short_tight_270,jiang_short_tight,270,7,7,408.44177777777776,320.2783333333333,2
jiang_short_tight_300,jiang_short_tight,300,6,6,337.626925925926,297.97344444444457,1
jiang_short_tight_325,jiang_short_tight,325,6,6,324.0150740740741,292.4648888888889,2
jiang_short_tight_380,jiang_short_tight,380,6,6,300.7753333333334,283.53385185185186,2
jiang_short_tight_425,jiang_short_tight,425,5,5,285.1896296296296,281.14414814814813,3
jiang_short_tight_500,jiang_short_tight,500,5,5,277.58033333333333,277.58033333333333,3
jiang_short_tight_550,jiang_short_tight,550,5,5,277.58033333333333,277.58033333333333,3
jiang_short_tight_MX1,jiang_short_tight,MX1,6,6,319.74159259259255,294.8874074074074,1
jiang_short_tight_MX2,jiang_short_tight,MX2,5,5,284.55214814814815,283.4497037037037,2
jiang_massdep_baseline_200,jiang_massdep_baseline,200,13,13,792.5440740740739,489.03214814814805,1
jiang_massdep_baseline_250,jiang_massdep_baseline,250,11,11,632.3759629629628,455.8835185185186,1
jiang_massdep_baseline_270,jiang_massdep_baseline,270,10,10,596.0001851851852,450.5162962962964,2
jiang_massdep_baseline_300,jiang_massdep_baseline,300,9,9,495.4732222222222,426.3711481481483,1
jiang_massdep_baseline_325,jiang_massdep_baseline,325,8,8,482.76307407407415,427.0843703703704,2
jiang_massdep_baseline_380,jiang_massdep_baseline,380,8,8,448.1041481481481,416.5236296296295,1
jiang_massdep_baseline_425,jiang_massdep_baseline,425,7,7,420.671,412.83307407407403,3
jiang_massdep_baseline_500,jiang_massdep_baseline,500,7,7,408.4169629629629,408.4169629629629,3
jiang_massdep_baseline_550,jiang_massdep_baseline,550,7,7,408.4169629629629,408.4169629629629,3
jiang_massdep_baseline_MX1,jiang_massdep_baseline,MX1,9,9,514.7911111111111,436.8534814814815,1
jiang_massdep_baseline_MX2,jiang_massdep_baseline,MX2,8,8,444.72707407407415,423.4417407407409,1
jiang_massdep_tight_200,jiang_massdep_tight,200,15,15,792.0812222222223,488.56929629629644,1
jiang_massdep_tight_250,jiang_massdep_tight,250,12,12,636.7269629629631,460.2345185185186,1
jiang_massdep_tight_270,jiang_massdep_tight,270,11,11,598.1254074074076,452.6415185185186,2
jiang_massdep_tight_300,jiang_massdep_tight,300,9,9,501.8057777777778,432.7037037037037,1
jiang_massdep_tight_325,jiang_massdep_tight,325,9,9,482.8482592592592,427.16955555555575,2
jiang_massdep_tight_380,jiang_massdep_tight,380,8,8,454.3524814814816,422.77196296296296,3
jiang_massdep_tight_425,jiang_massdep_tight,425,7,7,425.89388888888885,418.055962962963,2
jiang_massdep_tight_500,jiang_massdep_tight,500,7,7,415.4091481481481,415.4091481481481,3
jiang_massdep_tight_550,jiang_massdep_tight,550,7,7,415.4091481481481,415.4091481481481,3
jiang_massdep_tight_MX1,jiang_massdep_tight,MX1,10,10,523.9025185185184,439.49429629629634,1
jiang_massdep_tight_MX2,jiang_massdep_tight,MX2,8,8,463.4963333333333,428.4764074074074,1
jiang_long_baseline_200,jiang_long_baseline,200,15,15,919.1455555555553,587.0697407407407,1
jiang_long_baseline_250,jiang_long_baseline,250,12,12,746.538888888889,560.583222222222,1
jiang_long_baseline_270,jiang_long_baseline,270,12,12,695.7404444444443,544.0232962962963,1
jiang_long_baseline_300,jiang_long_baseline,300,10,10,596.1850370370371,527.7596296296296,1
jiang_long_baseline_325,jiang_long_baseline,325,10,10,575.944074074074,521.6522592592593,2
jiang_long_baseline_380,jiang_long_baseline,380,9,9,547.7592222222223,518.3185555555555,2
jiang_long_baseline_425,jiang_long_baseline,425,8,8,522.7714074074072,516.0079629629629,3
jiang_long_baseline_500,jiang_long_baseline,500,8,8,512.2952962962963,512.2952962962963,4
jiang_long_baseline_550,jiang_long_baseline,550,8,8,512.2952962962963,512.2952962962963,4
jiang_long_baseline_MX1,jiang_long_baseline,MX1,10,10,625.136814814815,539.7336666666666,1
jiang_long_baseline_MX2,jiang_long_baseline,MX2,9,9,556.0347037037038,526.4885925925927,1
jiang_long_tight_200,jiang_long_tight,200,18,18,915.6224444444445,583.5466296296297,1
jiang_long_tight_250,jiang_long_tight,250,15,15,739.8331851851852,553.8775185185186,1
jiang_long_tight_270,jiang_long_tight,270,14,14,698.4467037037036,546.7295555555557,2
jiang_long_tight_300,jiang_long_tight,300,11,11,601.6324814814815,533.2070740740741,1
jiang_long_tight_325,jiang_long_tight,325,11,11,582.5184074074074,528.2265925925926,2
jiang_long_tight_380,jiang_long_tight,380,10,10,554.2484814814815,524.8078148148148,3
jiang_long_tight_425,jiang_long_tight,425,10,10,521.6964814814816,514.9330370370371,5
jiang_long_tight_500,jiang_long_tight,500,9,9,516.6185185185185,516.6185185185185,3
jiang_long_tight_550,jiang_long_tight,550,9,9,516.6185185185185,516.6185185185185,3
jiang_long_tight_MX1,jiang_long_tight,MX1,12,12,634.3612592592593,540.8273703703703,1
jiang_long_tight_MX2,jiang_long_tight,MX2,11,11,570.962185185185,529.3356296296296,1
lightskew_short_baseline_200,lightskew_short_baseline,200,9,9,539.8144444444445,353.2802962962963,1
lightskew_short_baseline_250,lightskew_short_baseline,250,7,7,423.38581481481475,323.4208888888889,1
lightskew_short_baseline_270,lightskew_short_baseline,270,6,6,386.35318518518517,314.4375925925926,2
lightskew_short_baseline_300,lightskew_short_baseline,300,6,6,315.13477777777774,286.7455185185185,1
lightskew_short_baseline_325,lightskew_short_baseline,325,5,5,316.7137407407408,292.6574444444444,2
lightskew_short_baseline_380,lightskew_short_baseline,380,5,5,303.1297407407407,286.5148518518518,3
lightskew_short_baseline_425,lightskew_short_baseline,425,5,5,290.83433333333335,280.87818518518515,4
lightskew_short_baseline_500,lightskew_short_baseline,500,5,5,275.09707407407404,275.09707407407404,5
lightskew_short_baseline_550,lightskew_short_baseline,550,5,5,275.09707407407404,275.09707407407404,5
lightskew_short_baseline_MX1,lightskew_short_baseline,MX1,5,5,300.8,289.7171851851852,1
lightskew_short_baseline_MX2,lightskew_short_baseline,MX2,5,5,276.955037037037,276.955037037037,2
lightskew_short_tight_200,lightskew_short_tight,200,10,10,534.341851851852,347.80770370370374,1
lightskew_short_tight_250,lightskew_short_tight,250,8,8,416.7661851851852,316.80125925925927,1
lightskew_short_tight_270,lightskew_short_tight,270,7,7,381.1786666666667,309.2630740740741,1
lightskew_short_tight_300,lightskew_short_tight,300,6,6,317.73718518518507,289.3479259259259,1
lightskew_short_tight_325,lightskew_short_tight,325,6,6,311.0404074074074,286.9841111111111,2
lightskew_short_tight_380,lightskew_short_tight,380,5,5,305.7997777777777,289.18488888888896,3
lightskew_short_tight_425,lightskew_short_tight,425,5,5,295.3123333333333,285.3561851851852,4
lightskew_short_tight_500,lightskew_short_tight,500,5,5,277.5285185185186,277.5285185185186,3
lightskew_short_tight_550,lightskew_short_tight,550,5,5,277.5285185185186,277.5285185185186,3
lightskew_short_tight_MX1,lightskew_short_tight,MX1,5,5,305.3319259259259,292.24022222222226,1
lightskew_short_tight_MX2,lightskew_short_tight,MX2,5,5,281.58588888888886,281.45799999999997,1
lightskew_massdep_baseline_200,lightskew_massdep_baseline,200,13,13,792.179037037037,495.72829629629626,1
lightskew_massdep_baseline_250,lightskew_massdep_baseline,250,11,11,624.0487777777777,460.5698518518518,1
lightskew_massdep_baseline_270,lightskew_massdep_baseline,270,10,10,570.6799259259259,450.41933333333327,1
lightskew_massdep_baseline_300,lightskew_massdep_baseline,300,9,9,481.2761851851852,429.6693333333334,1
lightskew_massdep_baseline_325,lightskew_massdep_baseline,325,8,8,476.14044444444454,431.8040370370371,2
lightskew_massdep_baseline_380,lightskew_massdep_baseline,380,8,8,458.7735185185185,427.18077777777773,3
lightskew_massdep_baseline_425,lightskew_massdep_baseline,425,7,7,449.6952592592592,430.12351851851855,3
lightskew_massdep_baseline_500,lightskew_massdep_baseline,500,7,7,419.1592222222223,419.1592222222223,2
lightskew_massdep_baseline_550,lightskew_massdep_baseline,550,7,7,419.1592222222223,419.1592222222223,2
lightskew_massdep_baseline_MX1,lightskew_massdep_baseline,MX1,8,8,502.74733333333336,445.3328518518519,1
lightskew_massdep_baseline_MX2,lightskew_massdep_baseline,MX2,7,7,442.9082962962964,432.0318148148147,1
lightskew_massdep_tight_200,lightskew_massdep_tight,200,15,15,793.1110370370371,496.6602962962962,1
lightskew_massdep_tight_250,lightskew_massdep_tight,250,12,12,628.3834814814813,464.9045555555556,1
lightskew_massdep_tight_270,lightskew_massdep_tight,270,11,11,573.407148148148,453.1465555555555,1
lightskew_massdep_tight_300,lightskew_massdep_tight,300,9,9,487.6891111111111,436.0822592592592,1
lightskew_massdep_tight_325,lightskew_massdep_tight,325,9,9,477.5062592592593,433.1698518518518,2
lightskew_massdep_tight_380,lightskew_massdep_tight,380,8,8,464.82059259259256,433.22785185185177,3
lightskew_massdep_tight_425,lightskew_massdep_tight,425,8,8,447.5679629629629,427.99622222222223,4
lightskew_massdep_tight_500,lightskew_massdep_tight,500,7,7,426.1790370370372,426.1790370370372,4
lightskew_massdep_tight_550,lightskew_massdep_tight,550,7,7,426.1790370370372,426.1790370370372,4
lightskew_massdep_tight_MX1,lightskew_massdep_tight,MX1,9,9,510.4822592592593,446.19251851851845,1
lightskew_massdep_tight_MX2,lightskew_massdep_tight,MX2,8,8,452.11751851851864,435.19500000000005,1
lightskew_long_baseline_200,lightskew_long_baseline,200,15,15,899.8337407407406,580.0750740740739,1
lightskew_long_baseline_250,lightskew_long_baseline,250,12,12,722.529148148148,552.0649259259261,1
lightskew_long_baseline_270,lightskew_long_baseline,270,11,11,664.5390740740739,541.6402962962965,2
lightskew_long_baseline_300,lightskew_long_baseline,300,10,10,567.4192592592592,518.8986296296296,1
lightskew_long_baseline_325,lightskew_long_baseline,325,9,9,563.8498518518519,522.7906296296295,2
lightskew_long_baseline_380,lightskew_long_baseline,380,9,9,546.702074074074,518.0955185185186,3
lightskew_long_baseline_425,lightskew_long_baseline,425,9,9,528.978,511.7714074074075,3
lightskew_long_baseline_500,lightskew_long_baseline,500,8,8,512.2749259259259,512.2749259259259,4
lightskew_long_baseline_550,lightskew_long_baseline,550,8,8,512.2749259259259,512.2749259259259,4
lightskew_long_baseline_MX1,lightskew_long_baseline,MX1,10,10,588.0686666666666,529.1784814814814,1
lightskew_long_baseline_MX2,lightskew_long_baseline,MX2,9,9,529.7063703703703,518.722888888889,1
lightskew_long_tight_200,lightskew_long_tight,200,18,18,900.9944444444443,581.2357777777778,1
lightskew_long_tight_250,lightskew_long_tight,250,14,14,725.9198148148148,555.4555925925926,1
lightskew_long_tight_270,lightskew_long_tight,270,13,13,665.8261851851852,542.9274074074074,2
lightskew_long_tight_300,lightskew_long_tight,300,11,11,574.6888888888888,526.1682592592592,1
lightskew_long_tight_325,lightskew_long_tight,325,11,11,564.4102222222222,523.3509999999999,2
lightskew_long_tight_380,lightskew_long_tight,380,10,10,551.5443333333333,522.9377777777778,3
lightskew_long_tight_425,lightskew_long_tight,425,10,10,535.9699259259258,518.7633333333332,5
lightskew_long_tight_500,lightskew_long_tight,500,9,9,517.5908148148147,517.5908148148147,3
lightskew_long_tight_550,lightskew_long_tight,550,9,9,517.5908148148147,517.5908148148147,3
lightskew_long_tight_MX1,lightskew_long_tight,MX1,11,11,603.0871481481481,535.5937407407407,1
lightskew_long_tight_MX2,lightskew_long_tight,MX2,10,10,552.5607037037036,526.6006296296297,1
uniform_short_baseline_200,uniform_short_baseline,200,12,12,710.2621851851852,388.6601111111111,1
uniform_short_baseline_250,uniform_short_baseline,250,9,9,562.9218888888887,362.88029629629625,1
uniform_short_baseline_270,uniform_short_baseline,270,9,9,535.1525925925927,351.3701111111111,1
uniform_short_baseline_300,uniform_short_baseline,300,8,8,511.6578888888888,351.5846296296296,2
uniform_short_baseline_325,uniform_short_baseline,325,8,8,478.56803703703713,337.48085185185187,2
uniform_short_baseline_380,uniform_short_baseline,380,7,7,426.20766666666674,325.36788888888896,2
uniform_short_baseline_425,uniform_short_baseline,425,6,6,364.8705185185184,306.04585185185186,1
uniform_short_baseline_500,uniform_short_baseline,500,5,5,275.1708888888889,275.1708888888889,1
uniform_short_baseline_550,uniform_short_baseline,550,5,5,275.1708888888889,275.1708888888889,1
uniform_short_baseline_MX1,uniform_short_baseline,MX1,7,7,441.80603703703696,334.12714814814814,1
uniform_short_baseline_MX2,uniform_short_baseline,MX2,6,6,337.0761851851851,301.2025185185185,1
uniform_short_tight_200,uniform_short_tight,200,12,12,718.6579259259257,397.05585185185197,1
uniform_short_tight_250,uniform_short_tight,250,10,10,556.2992222222222,356.2576296296296,1
uniform_short_tight_270,uniform_short_tight,270,9,9,542.3709259259259,358.5884444444444,2
uniform_short_tight_300,uniform_short_tight,300,9,9,504.12892592592596,344.0556666666666,2
uniform_short_tight_325,uniform_short_tight,325,8,8,480.79974074074073,339.7125555555555,2
uniform_short_tight_380,uniform_short_tight,380,8,8,417.181962962963,316.3421851851852,1
uniform_short_tight_425,uniform_short_tight,425,7,7,359.5684074074073,300.7437407407407,1
uniform_short_tight_500,uniform_short_tight,500,5,5,277.62481481481484,277.62481481481484,1
uniform_short_tight_550,uniform_short_tight,550,5,5,277.62481481481484,277.62481481481484,1
uniform_short_tight_MX1,uniform_short_tight,MX1,8,8,442.34007407407415,329.81340740740745,1
uniform_short_tight_MX2,uniform_short_tight,MX2,6,6,355.90311111111106,309.2941481481482,1
uniform_massdep_baseline_200,uniform_massdep_baseline,200,19,19,1157.7892222222222,589.1070740740743,1
uniform_massdep_baseline_250,uniform_massdep_baseline,250,15,15,910.8125555555555,556.7987777777778,1
uniform_massdep_baseline_270,uniform_massdep_baseline,270,15,15,876.0697777777779,546.9523333333333,2
uniform_massdep_baseline_300,uniform_massdep_baseline,300,14,14,833.2867037037038,541.7962222222221,2
uniform_massdep_baseline_325,uniform_massdep_baseline,325,13,13,801.3084074074075,541.1627777777778,2
uniform_massdep_baseline_380,uniform_massdep_baseline,380,12,12,712.5222962962963,521.5032962962963,1
uniform_massdep_baseline_425,uniform_massdep_baseline,425,11,11,614.6081481481483,499.9757777777778,1
uniform_massdep_baseline_500,uniform_massdep_baseline,500,8,8,475.27829629629633,475.27829629629633,1
uniform_massdep_baseline_550,uniform_massdep_baseline,550,8,8,475.27829629629633,475.27829629629633,1
uniform_massdep_baseline_MX1,uniform_massdep_baseline,MX1,13,13,803.4979259259258,543.8875185185185,1
uniform_massdep_baseline_MX2,uniform_massdep_baseline,MX2,12,12,720.2370370370371,530.4960740740742,1
uniform_massdep_tight_200,uniform_massdep_tight,200,22,22,1148.7627777777777,580.0806296296297,1
uniform_massdep_tight_250,uniform_massdep_tight,250,17,17,911.4007037037037,557.386925925926,1
uniform_massdep_tight_270,uniform_massdep_tight,270,17,17,876.2613333333334,547.1438888888889,2
uniform_massdep_tight_300,uniform_massdep_tight,300,16,16,832.6804444444442,541.189962962963,3
uniform_massdep_tight_325,uniform_massdep_tight,325,15,15,798.5255925925924,538.3799629629631,2
uniform_massdep_tight_380,uniform_massdep_tight,380,13,13,717.064037037037,526.045037037037,1
uniform_massdep_tight_425,uniform_massdep_tight,425,12,12,619.2138518518519,504.58148148148155,1
uniform_massdep_tight_500,uniform_massdep_tight,500,8,8,485.16744444444436,485.16744444444436,1
uniform_massdep_tight_550,uniform_massdep_tight,550,8,8,485.16744444444436,485.16744444444436,1
uniform_massdep_tight_MX1,uniform_massdep_tight,MX1,15,15,816.8332592592592,548.7632222222222,1
uniform_massdep_tight_MX2,uniform_massdep_tight,MX2,14,14,737.7543333333332,533.2241111111111,1
uniform_long_baseline_200,uniform_long_baseline,200,19,19,1171.3374814814815,620.135,1
uniform_long_baseline_250,uniform_long_baseline,250,15,15,932.8689259259259,589.507925925926,1
uniform_long_baseline_270,uniform_long_baseline,270,15,15,895.2505555555559,579.3648518518518,2
uniform_long_baseline_300,uniform_long_baseline,300,14,14,849.8623333333333,575.0795555555555,2
uniform_long_baseline_325,uniform_long_baseline,325,13,13,815.5924444444444,573.2264444444445,1
uniform_long_baseline_380,uniform_long_baseline,380,12,12,726.2739259259258,553.1333333333333,1
uniform_long_baseline_425,uniform_long_baseline,425,11,11,634.5934814814815,533.809962962963,1
uniform_long_baseline_500,uniform_long_baseline,500,8,8,512.6866666666667,512.6866666666667,1
uniform_long_baseline_550,uniform_long_baseline,550,8,8,512.6866666666667,512.6866666666667,1
uniform_long_baseline_MX1,uniform_long_baseline,MX1,14,14,814.0590740740739,569.1378148148148,1
uniform_long_baseline_MX2,uniform_long_baseline,MX2,12,12,741.8200370370367,565.447037037037,1
uniform_long_tight_200,uniform_long_tight,200,23,23,1166.9632222222222,615.7607407407407,1
uniform_long_tight_250,uniform_long_tight,250,18,18,932.8555555555555,589.4945555555555,1
uniform_long_tight_270,uniform_long_tight,270,18,18,894.7414814814815,578.8557777777777,2
uniform_long_tight_300,uniform_long_tight,300,17,17,845.9745925925924,571.1918148148147,3
uniform_long_tight_325,uniform_long_tight,325,16,16,808.1168148148147,565.7508148148148,2
uniform_long_tight_380,uniform_long_tight,380,14,14,728.5527777777776,555.4121851851851,1
uniform_long_tight_425,uniform_long_tight,425,12,12,643.2942592592593,542.5107407407407,1
uniform_long_tight_500,uniform_long_tight,500,9,9,518.5846666666666,518.5846666666666,1
uniform_long_tight_550,uniform_long_tight,550,9,9,518.5846666666666,518.5846666666666,1
uniform_long_tight_MX1,uniform_long_tight,MX1,16,16,827.5291111111112,574.8828148148148,1
uniform_long_tight_MX2,uniform_long_tight,MX2,14,14,761.5065185185188,569.0573703703703,1
extraheavy_short_baseline_270,extraheavy_short_baseline,270,8,8,457.78103703703704,328.31225925925924,1
extraheavy_short_baseline_300,extraheavy_short_baseline,300,7,7,394.34781481481474,309.5925555555556,1
extraheavy_short_baseline_325,extraheavy_short_baseline,325,7,7,380.6883333333334,304.6184814814815,2
extraheavy_short_baseline_380,extraheavy_short_baseline,380,6,6,357.6185925925926,303.29911111111113,1
extraheavy_short_baseline_425,extraheavy_short_baseline,425,6,6,342.0903333333333,296.82903703703704,2
extraheavy_short_baseline_500,extraheavy_short_baseline,500,6,6,322.7833703703703,288.80381481481487,2
extraheavy_short_baseline_550,extraheavy_short_baseline,550,5,5,325.22255555555546,296.38848148148156,4
extraheavy_short_baseline_MX1,extraheavy_short_baseline,MX1,7,7,370.7668888888889,307.91574074074083,1
extraheavy_short_baseline_MX2,extraheavy_short_baseline,MX2,6,6,324.90599999999995,294.68551851851856,1
extraheavy_short_tight_270,extraheavy_short_tight,270,8,8,464.141851851852,334.67307407407407,1
extraheavy_short_tight_300,extraheavy_short_tight,300,7,7,400.44088888888876,315.68562962962966,1
extraheavy_short_tight_325,extraheavy_short_tight,325,7,7,387.03566666666666,310.9658148148148,2
extraheavy_short_tight_380,extraheavy_short_tight,380,6,6,360.11044444444445,305.7909629629629,1
extraheavy_short_tight_425,extraheavy_short_tight,425,6,6,347.404925925926,302.14362962962963,2
extraheavy_short_tight_500,extraheavy_short_tight,500,6,6,328.2632222222222,294.28366666666665,3
extraheavy_short_tight_550,extraheavy_short_tight,550,6,6,318.20533333333333,289.3712592592593,3
extraheavy_short_tight_MX1,extraheavy_short_tight,MX1,7,7,379.84770370370376,312.6730740740741,1
extraheavy_short_tight_MX2,extraheavy_short_tight,MX2,6,6,330.82262962962966,299.2868888888888,1
extraheavy_massdep_baseline_270,extraheavy_massdep_baseline,270,13,13,766.5744814814815,505.5434444444444,1
extraheavy_massdep_baseline_300,extraheavy_massdep_baseline,300,12,12,670.0676666666667,483.5715925925925,1
extraheavy_massdep_baseline_325,extraheavy_massdep_baseline,325,11,11,652.540148148148,484.005074074074,2
extraheavy_massdep_baseline_380,extraheavy_massdep_baseline,380,10,10,601.2613333333333,479.5396296296297,2
extraheavy_massdep_baseline_425,extraheavy_massdep_baseline,425,10,10,574.4986666666666,472.6382962962963,3
extraheavy_massdep_baseline_500,extraheavy_massdep_baseline,500,9,9,551.2691111111111,471.50262962962967,3
extraheavy_massdep_baseline_550,extraheavy_massdep_baseline,550,9,9,536.0743333333334,467.1872962962964,3
extraheavy_massdep_baseline_MX1,extraheavy_massdep_baseline,MX1,12,12,689.7068888888891,495.6050000000001,1
extraheavy_massdep_baseline_MX2,extraheavy_massdep_baseline,MX2,11,11,620.4495925925927,485.53859259259264,1
extraheavy_massdep_tight_270,extraheavy_massdep_tight,270,15,15,758.6782592592593,497.6472222222222,1
extraheavy_massdep_tight_300,extraheavy_massdep_tight,300,13,13,670.1602962962965,483.66422222222224,1
extraheavy_massdep_tight_325,extraheavy_massdep_tight,325,12,12,652.0421111111111,483.5070370370371,2
extraheavy_massdep_tight_380,extraheavy_massdep_tight,380,11,11,601.6935925925928,479.97188888888894,2
extraheavy_massdep_tight_425,extraheavy_massdep_tight,425,11,11,575.3775925925927,473.5172222222223,2
extraheavy_massdep_tight_500,extraheavy_massdep_tight,500,10,10,550.7559999999999,470.98951851851854,2
extraheavy_massdep_tight_550,extraheavy_massdep_tight,550,10,10,536.0133703703704,467.1263333333333,4
extraheavy_massdep_tight_MX1,extraheavy_massdep_tight,MX1,13,13,700.8158888888888,496.85529629629633,1
extraheavy_massdep_tight_MX2,extraheavy_massdep_tight,MX2,12,12,640.7217777777779,488.276074074074,1
extraheavy_long_baseline_270,extraheavy_long_baseline,270,13,13,782.7461851851851,560.925,1
extraheavy_long_baseline_300,extraheavy_long_baseline,300,12,12,686.1859999999998,540.5217777777776,1
extraheavy_long_baseline_325,extraheavy_long_baseline,325,11,11,672.7774444444443,542.2604444444445,2
extraheavy_long_baseline_380,extraheavy_long_baseline,380,10,10,632.9222592592595,539.4137777777779,1
extraheavy_long_baseline_425,extraheavy_long_baseline,425,10,10,610.1094074074075,532.2928518518519,2
extraheavy_long_baseline_500,extraheavy_long_baseline,500,10,10,581.6671481481482,523.2932962962963,2
extraheavy_long_baseline_550,extraheavy_long_baseline,550,9,9,577.508,528.2637777777778,3
extraheavy_long_baseline_MX1,extraheavy_long_baseline,MX1,12,12,707.9765925925926,552.291851851852,1
extraheavy_long_baseline_MX2,extraheavy_long_baseline,MX2,11,11,642.1577777777778,544.1970740740742,1
extraheavy_long_tight_270,extraheavy_long_tight,270,15,15,783.8380370370372,562.0168518518518,1
extraheavy_long_tight_300,extraheavy_long_tight,300,13,13,693.9223333333334,548.258111111111,1
extraheavy_long_tight_325,extraheavy_long_tight,325,13,13,671.9177777777775,541.4007777777778,2
extraheavy_long_tight_380,extraheavy_long_tight,380,12,12,630.8483333333334,537.3398518518518,3
extraheavy_long_tight_425,extraheavy_long_tight,425,12,12,610.1177777777777,532.3012222222222,3
extraheavy_long_tight_500,extraheavy_long_tight,500,11,11,587.9616666666667,529.5878148148148,3
extraheavy_long_tight_550,extraheavy_long_tight,550,11,11,575.431111111111,526.1868888888889,4
extraheavy_long_tight_MX1,extraheavy_long_tight,MX1,14,14,713.180111111111,552.563074074074,1
extraheavy_long_tight_MX2,extraheavy_long_tight,MX2,13,13,653.2151481481483,543.6501481481481,1
rohcha_short_baseline_200,rohcha_short_baseline,200,15,15,901.5313703703702,421.4731851851852,1
rohcha_short_baseline_250,rohcha_short_baseline,250,13,13,795.591740740741,408.4793703703704,1
rohcha_short_baseline_270,rohcha_short_baseline,270,12,12,709.7270370370371,387.995962962963,1
rohcha_short_baseline_300,rohcha_short_baseline,300,9,9,551.4120740740741,358.0927407407408,1
rohcha_short_baseline_325,rohcha_short_baseline,325,9,9,551.4120740740741,358.0927407407408,1
rohcha_short_baseline_380,rohcha_short_baseline,380,8,8,515.6077777777778,352.998962962963,2
rohcha_short_baseline_425,rohcha_short_baseline,425,8,8,515.6077777777778,352.998962962963,2
rohcha_short_baseline_500,rohcha_short_baseline,500,6,6,381.8103703703702,312.1473703703703,1
rohcha_short_baseline_550,rohcha_short_baseline,550,5,5,275.1708888888889,275.1708888888889,1
rohcha_short_baseline_MX1,rohcha_short_baseline,MX1,10,10,589.637962962963,370.2121851851852,1
rohcha_short_baseline_MX2,rohcha_short_baseline,MX2,8,8,471.61537037037033,337.94085185185196,1
rohcha_short_tight_200,rohcha_short_tight,200,16,16,899.6523703703707,419.5941851851851,1
rohcha_short_tight_250,rohcha_short_tight,250,14,14,793.1575185185188,406.04514814814826,1
rohcha_short_tight_270,rohcha_short_tight,270,12,12,723.9217037037038,402.1906296296296,1
rohcha_short_tight_300,rohcha_short_tight,300,10,10,546.6708518518518,353.3515185185185,1
rohcha_short_tight_325,rohcha_short_tight,325,10,10,546.6708518518518,353.3515185185185,1
rohcha_short_tight_380,rohcha_short_tight,380,9,9,508.0885185185186,345.4797037037038,1
rohcha_short_tight_425,rohcha_short_tight,425,9,9,508.0885185185186,345.4797037037038,1
rohcha_short_tight_500,rohcha_short_tight,500,7,7,377.60559259259264,307.94259259259246,1
rohcha_short_tight_550,rohcha_short_tight,550,5,5,277.62481481481484,277.62481481481484,1
rohcha_short_tight_MX1,rohcha_short_tight,MX1,11,11,590.9959259259259,365.53525925925925,1
rohcha_short_tight_MX2,rohcha_short_tight,MX2,8,8,481.53355555555555,339.74914814814815,1
rohcha_massdep_baseline_200,rohcha_massdep_baseline,200,26,26,1585.4544074074076,682.0142962962963,1
rohcha_massdep_baseline_250,rohcha_massdep_baseline,250,23,23,1380.8025185185184,660.2696296296297,1
rohcha_massdep_baseline_270,rohcha_massdep_baseline,270,21,21,1249.9388518518522,646.7369629629629,1
rohcha_massdep_baseline_300,rohcha_massdep_baseline,300,17,17,996.067037037037,614.9238148148148,1
rohcha_massdep_baseline_325,rohcha_massdep_baseline,325,17,17,996.067037037037,614.9238148148148,1
rohcha_massdep_baseline_380,rohcha_massdep_baseline,380,16,16,930.9565555555556,603.1314074074073,2
rohcha_massdep_baseline_425,rohcha_massdep_baseline,425,16,16,930.9565555555556,603.1314074074073,2
rohcha_massdep_baseline_500,rohcha_massdep_baseline,500,12,12,717.4244074074074,572.5064814814815,1
rohcha_massdep_baseline_550,rohcha_massdep_baseline,550,9,9,540.2715185185186,540.2715185185186,1
rohcha_massdep_baseline_MX1,rohcha_massdep_baseline,MX1,19,19,1148.8438888888886,643.6433333333334,1
rohcha_massdep_baseline_MX2,rohcha_massdep_baseline,MX2,17,17,1050.982185185185,634.8100370370371,1
rohcha_massdep_tight_200,rohcha_massdep_tight,200,30,30,1572.8399259259265,669.3998148148148,1
rohcha_massdep_tight_250,rohcha_massdep_tight,250,26,26,1383.0155555555552,662.4826666666667,1
rohcha_massdep_tight_270,rohcha_massdep_tight,270,24,24,1246.5662962962963,643.3644074074075,1
rohcha_massdep_tight_300,rohcha_massdep_tight,300,19,19,993.4776666666668,612.3344444444444,1
rohcha_massdep_tight_325,rohcha_massdep_tight,325,19,19,993.4776666666668,612.3344444444444,1
rohcha_massdep_tight_380,rohcha_massdep_tight,380,18,18,926.5933703703705,598.7682222222223,2
rohcha_massdep_tight_425,rohcha_massdep_tight,425,18,18,926.5933703703705,598.7682222222223,2
rohcha_massdep_tight_500,rohcha_massdep_tight,500,14,14,713.8345925925927,568.9166666666666,1
rohcha_massdep_tight_550,rohcha_massdep_tight,550,10,10,546.8991481481482,546.8991481481482,1
rohcha_massdep_tight_MX1,rohcha_massdep_tight,MX1,22,22,1157.5595555555556,646.3953333333335,1
rohcha_massdep_tight_MX2,rohcha_massdep_tight,MX2,20,20,1061.506,634.7548518518519,1
rohcha_long_baseline_200,rohcha_long_baseline,200,24,24,1471.9092592592597,649.1281851851853,1
rohcha_long_baseline_250,rohcha_long_baseline,250,21,21,1302.1608148148148,638.4543333333332,1
rohcha_long_baseline_270,rohcha_long_baseline,270,19,19,1175.2810370370373,623.2928148148148,1
rohcha_long_baseline_300,rohcha_long_baseline,300,15,15,917.1688518518517,585.3055555555554,1
rohcha_long_baseline_325,rohcha_long_baseline,325,15,15,917.1688518518517,585.3055555555554,1
rohcha_long_baseline_380,rohcha_long_baseline,380,14,14,854.1113333333334,575.6015555555555,2
rohcha_long_baseline_425,rohcha_long_baseline,425,14,14,854.1113333333334,575.6015555555555,2
rohcha_long_baseline_500,rohcha_long_baseline,500,11,11,660.4022962962962,540.9671111111112,1
rohcha_long_baseline_550,rohcha_long_baseline,550,8,8,512.6866666666667,512.6866666666667,1
rohcha_long_baseline_MX1,rohcha_long_baseline,MX1,17,17,1069.2832592592592,615.0697777777779,1
rohcha_long_baseline_MX2,rohcha_long_baseline,MX2,16,16,967.1081481481481,599.6383333333334,1
rohcha_long_tight_200,rohcha_long_tight,200,29,29,1464.272444444445,641.4913703703703,1
rohcha_long_tight_250,rohcha_long_tight,250,25,25,1302.416962962963,638.7104814814815,1
rohcha_long_tight_270,rohcha_long_tight,270,23,23,1169.1131851851856,617.1249629629627,1
rohcha_long_tight_300,rohcha_long_tight,300,18,18,917.8854074074073,586.0221111111111,1
rohcha_long_tight_325,rohcha_long_tight,325,18,18,917.8854074074073,586.0221111111111,1
rohcha_long_tight_380,rohcha_long_tight,380,17,17,849.8289259259259,571.3191481481482,2
rohcha_long_tight_425,rohcha_long_tight,425,17,17,849.8289259259259,571.3191481481482,2
rohcha_long_tight_500,rohcha_long_tight,500,13,13,660.8935555555555,541.4583703703703,1
rohcha_long_tight_550,rohcha_long_tight,550,9,9,518.5846666666666,518.5846666666666,1
rohcha_long_tight_MX1,rohcha_long_tight,MX1,21,21,1071.3485925925927,614.3296666666665,1
rohcha_long_tight_MX2,rohcha_long_tight,MX2,19,19,978.1543333333332,601.1563703703704,1
liu_short_baseline_200,liu_short_baseline,200,12,12,689.6311481481482,372.18177777777777,1
liu_short_baseline_250,liu_short_baseline,250,9,9,582.3787777777778,369.55525925925934,1
liu_short_baseline_270,liu_short_baseline,270,9,9,564.9924814814815,362.79037037037034,2
liu_short_baseline_300,liu_short_baseline,300,8,8,478.524074074074,337.4828148148148,1
liu_short_baseline_325,liu_short_baseline,325,8,8,455.69274074074076,328.42722222222227,2
liu_short_baseline_380,liu_short_baseline,380,6,6,372.41603703703703,309.8285555555555,1
liu_short_baseline_425,liu_short_baseline,425,5,5,275.1708888888889,275.1708888888889,1
liu_short_baseline_500,liu_short_baseline,500,5,5,275.1708888888889,275.1708888888889,1
liu_short_baseline_550,liu_short_baseline,550,5,5,275.1708888888889,275.1708888888889,1
liu_short_baseline_MX1,liu_short_baseline,MX1,8,8,458.17059259259264,332.85992592592595,1
liu_short_baseline_MX2,liu_short_baseline,MX2,6,6,362.4602222222223,310.5932222222221,1
liu_short_tight_200,liu_short_tight,200,12,12,696.8130740740739,379.36370370370366,1
liu_short_tight_250,liu_short_tight,250,10,10,576.6474074074074,363.82388888888886,1
liu_short_tight_270,liu_short_tight,270,10,10,558.7969259259258,356.59481481481487,2
liu_short_tight_300,liu_short_tight,300,8,8,484.687962962963,343.64670370370374,1
liu_short_tight_325,liu_short_tight,325,8,8,460.8317777777778,333.56625925925925,2
liu_short_tight_380,liu_short_tight,380,7,7,366.84940740740734,304.26192592592605,1
liu_short_tight_425,liu_short_tight,425,5,5,277.62481481481484,277.62481481481484,1
liu_short_tight_500,liu_short_tight,500,5,5,277.62481481481484,277.62481481481484,1
liu_short_tight_550,liu_short_tight,550,5,5,277.62481481481484,277.62481481481484,1
liu_short_tight_MX1,liu_short_tight,MX1,8,8,469.7354814814815,339.15544444444447,1
liu_short_tight_MX2,liu_short_tight,MX2,7,7,371.1386666666666,310.4473333333333,1
liu_massdep_baseline_200,liu_massdep_baseline,200,18,18,1085.5865555555554,573.9047037037037,1
liu_massdep_baseline_250,liu_massdep_baseline,250,15,15,919.6262222222223,559.752962962963,1
liu_massdep_baseline_270,liu_massdep_baseline,270,15,15,895.7034814814814,551.9415925925927,2
liu_massdep_baseline_300,liu_massdep_baseline,300,13,13,780.8056666666665,534.6060000000001,1
liu_massdep_baseline_325,liu_massdep_baseline,325,12,12,757.1628518518519,533.4797037037035,2
liu_massdep_baseline_380,liu_massdep_baseline,380,10,10,621.5288518518518,509.21611111111105,1
liu_massdep_baseline_425,liu_massdep_baseline,425,8,8,473.21166666666664,473.21166666666664,1
liu_massdep_baseline_500,liu_massdep_baseline,500,8,8,473.21166666666664,473.21166666666664,1
liu_massdep_baseline_550,liu_massdep_baseline,550,8,8,473.21166666666664,473.21166666666664,1
liu_massdep_baseline_MX1,liu_massdep_baseline,MX1,14,14,814.8704074074077,542.3772592592594,1
liu_massdep_baseline_MX2,liu_massdep_baseline,MX2,12,12,741.1065555555556,536.2564814814815,1
liu_massdep_tight_200,liu_massdep_tight,200,20,20,1102.2158518518518,590.5340000000001,1
liu_massdep_tight_250,liu_massdep_tight,250,18,18,916.944962962963,557.0717037037036,2
liu_massdep_tight_270,liu_massdep_tight,270,17,17,903.2961111111113,559.5342222222222,2
liu_massdep_tight_300,liu_massdep_tight,300,15,15,782.9835185185186,536.7838518518519,1
liu_massdep_tight_325,liu_massdep_tight,325,14,14,758.9718148148148,535.2886666666667,2
liu_massdep_tight_380,liu_massdep_tight,380,12,12,617.4380740740739,505.12533333333346,1
liu_massdep_tight_425,liu_massdep_tight,425,8,8,483.8601851851852,483.8601851851852,1
liu_massdep_tight_500,liu_massdep_tight,500,8,8,483.8601851851852,483.8601851851852,1
liu_massdep_tight_550,liu_massdep_tight,550,8,8,483.8601851851852,483.8601851851852,1
liu_massdep_tight_MX1,liu_massdep_tight,MX1,16,16,827.5896296296297,547.6154074074075,1
liu_massdep_tight_MX2,liu_massdep_tight,MX2,14,14,757.7630000000001,539.1682222222221,1
liu_long_baseline_200,liu_long_baseline,200,18,18,1161.7628888888892,617.4915925925925,1
liu_long_baseline_250,liu_long_baseline,250,16,16,952.4644814814815,587.8828518518518,1
liu_long_baseline_270,liu_long_baseline,270,15,15,936.7898148148149,589.8199999999998,2
liu_long_baseline_300,liu_long_baseline,300,13,13,814.4003703703703,573.0304444444446,1
liu_long_baseline_325,liu_long_baseline,325,13,13,779.8919259259258,561.9607037037038,2
liu_long_baseline_380,liu_long_baseline,380,11,11,644.1016666666667,536.4540740740742,1
liu_long_baseline_425,liu_long_baseline,425,8,8,512.6866666666667,512.6866666666667,1
liu_long_baseline_500,liu_long_baseline,500,8,8,512.6866666666667,512.6866666666667,1
liu_long_baseline_550,liu_long_baseline,550,8,8,512.6866666666667,512.6866666666667,1
liu_long_baseline_MX1,liu_long_baseline,MX1,14,14,855.6086666666667,579.5112222222222,1
liu_long_baseline_MX2,liu_long_baseline,MX2,13,13,770.5672592592595,565.9444074074075,1
liu_long_tight_200,liu_long_tight,200,22,22,1167.7098148148148,623.4385185185187,1
liu_long_tight_250,liu_long_tight,250,19,19,950.4642222222221,585.8825925925925,1
liu_long_tight_270,liu_long_tight,270,18,18,937.075666666667,590.1058518518518,2
liu_long_tight_300,liu_long_tight,300,16,16,808.2524814814816,566.8825555555555,1
liu_long_tight_325,liu_long_tight,325,15,15,783.2026666666665,565.2714444444445,2
liu_long_tight_380,liu_long_tight,380,12,12,651.4047777777778,543.7571851851852,1
liu_long_tight_425,liu_long_tight,425,9,9,518.5846666666666,518.5846666666666,1
liu_long_tight_500,liu_long_tight,500,9,9,518.5846666666666,518.5846666666666,1
liu_long_tight_550,liu_long_tight,550,9,9,518.5846666666666,518.5846666666666,1
liu_long_tight_MX1,liu_long_tight,MX1,17,17,860.5375185185185,577.2981111111112,1
liu_long_tight_MX2,liu_long_tight,MX2,15,15,791.099222222222,570.8834814814815,1
