series,cell,family,K_star,ON,g,c,delta,ON_corr,g_corr,grade
jiang_short_baseline_200,jiang_short_baseline,200,9,2317,448,1,34,2365,400,strong
jiang_short_baseline_250,jiang_short_baseline,250,7,1355,1410,13,45,2090,675,strong
jiang_short_baseline_270,jiang_short_baseline,270,7,2338,427,3,37,2518,247,strong
jiang_short_baseline_300,jiang_short_baseline,300,6,2301,464,3,24,2494,271,strong
jiang_short_baseline_325,jiang_short_baseline,325,6,2718,47,0,28,2718,47,weak
jiang_short_baseline_380,jiang_short_baseline,380,5,437,2328,24,7,1862,903,strong
jiang_short_baseline_425,jiang_short_baseline,425,5,1822,943,7,42,2255,510,strong
jiang_short_baseline_500,jiang_short_baseline,500,5,2365,400,1,48,2424,341,strong
jiang_short_baseline_550,jiang_short_baseline,550,5,2365,400,1,48,2424,341,strong
jiang_short_baseline_MX1,jiang_short_baseline,MX1,5,728,2037,21,12,2185,580,strong
jiang_short_baseline_MX2,jiang_short_baseline,MX2,5,2193,572,2,39,2327,438,strong
jiang_short_tight_200,jiang_short_tight,200,10,2720,45,0,25,2720,45,weak
jiang_short_tight_250,jiang_short_tight,250,8,2608,157,0,23,2608,157,strong
jiang_short_tight_270,jiang_short_tight,270,7,1698,1067,7,31,2051,714,strong
jiang_short_tight_300,jiang_short_tight,300,6,1650,1115,9,40,2077,688,strong
jiang_short_tight_325,jiang_short_tight,325,6,2231,534,3,32,2354,411,strong
jiang_short_tight_380,jiang_short_tight,380,6,2763,2,0,14,2763,2,weak
jiang_short_tight_425,jiang_short_tight,425,5,841,1924,17,12,1708,1057,strong
jiang_short_tight_500,jiang_short_tight,500,5,1393,1372,8,30,1764,1001,strong
jiang_short_tight_550,jiang_short_tight,550,5,1393,1372,8,30,1764,1001,strong
jiang_short_tight_MX1,jiang_short_tight,MX1,6,2578,187,0,46,2578,187,strong
jiang_short_tight_MX2,jiang_short_tight,MX2,5,1168,1597,11,28,1749,1016,strong
jiang_massdep_baseline_200,jiang_massdep_baseline,200,13,2570,195,0,32,2570,195,strong
jiang_massdep_baseline_250,jiang_massdep_baseline,250,11,2713,52,0,27,2713,52,weak
jiang_massdep_baseline_270,jiang_massdep_baseline,270,10,2407,358,2,19,2536,229,strong
jiang_massdep_baseline_300,jiang_massdep_baseline,300,9,2705,60,1,13,2776,-11,weak
jiang_massdep_baseline_325,jiang_massdep_baseline,325,8,2154,611,4,31,2366,399,strong
jiang_massdep_baseline_380,jiang_massdep_baseline,380,8,2668,97,1,19,2741,24,weak
jiang_massdep_baseline_425,jiang_massdep_baseline,425,7,1991,774,5,22,2330,435,strong
jiang_massdep_baseline_500,jiang_massdep_baseline,500,7,2513,252,0,44,2513,252,strong
jiang_massdep_baseline_550,jiang_massdep_baseline,550,7,2513,252,0,44,2513,252,strong
jiang_massdep_baseline_MX1,jiang_massdep_baseline,MX1,9,2611,154,1,30,2680,85,medium
jiang_massdep_baseline_MX2,jiang_massdep_baseline,MX2,8,2690,75,1,17,2761,4,weak
jiang_massdep_tight_200,jiang_massdep_tight,200,15,2734,31,0,13,2734,31,weak
jiang_massdep_tight_250,jiang_massdep_tight,250,12,2694,71,0,17,2694,71,medium
jiang_massdep_tight_270,jiang_massdep_tight,270,11,2557,208,1,10,2617,148,strong
jiang_massdep_tight_300,jiang_massdep_tight,300,9,2407,358,1,30,2475,290,strong
jiang_massdep_tight_325,jiang_massdep_tight,325,9,2600,165,1,19,2672,93,strong
jiang_massdep_tight_380,jiang_massdep_tight,380,8,2268,497,2,30,2378,387,strong
jiang_massdep_tight_425,jiang_massdep_tight,425,7,1081,1684,13,38,1757,1008,strong
jiang_massdep_tight_500,jiang_massdep_tight,500,7,1715,1050,2,53,1793,972,strong
jiang_massdep_tight_550,jiang_massdep_tight,550,7,1715,1050,2,53,1793,972,strong
jiang_massdep_tight_MX1,jiang_massdep_tight,MX1,10,2702,63,0,17,2702,63,medium
jiang_massdep_tight_MX2,jiang_massdep_tight,MX2,8,2337,428,1,49,2388,377,strong
jiang_long_baseline_200,jiang_long_baseline,200,15,2580,185,0,30,2580,185,strong
jiang_long_baseline_250,jiang_long_baseline,250,12,2221,544,3,26,2376,389,strong
jiang_long_baseline_270,jiang_long_baseline,270,12,2715,50,0,22,2715,50,weak
jiang_long_baseline_300,jiang_long_baseline,300,10,2404,361,2,23,2524,241,strong
jiang_long_baseline_325,jiang_long_baseline,325,10,2725,40,0,22,2725,40,weak
jiang_long_baseline_380,jiang_long_baseline,380,9,2329,436,2,35,2449,316,strong
jiang_long_baseline_425,jiang_long_baseline,425,8,873,1892,16,26,1741,1024,strong
jiang_long_baseline_500,jiang_long_baseline,500,8,1460,1305,6,63,1768,997,strong
jiang_long_baseline_550,jiang_long_baseline,550,8,1460,1305,6,63,1768,997,strong
jiang_long_baseline_MX1,jiang_long_baseline,MX1,10,2082,683,4,32,2327,438,strong
jiang_long_baseline_MX2,jiang_long_baseline,MX2,9,2240,525,3,64,2437,328,strong
jiang_long_tight_200,jiang_long_tight,200,18,2718,47,0,11,2718,47,weak
jiang_long_tight_250,jiang_long_tight,250,15,2754,11,0,8,2754,11,weak
jiang_long_tight_270,jiang_long_tight,270,14,2747,18,0,8,2747,18,weak
jiang_long_tight_300,jiang_long_tight,300,11,2541,224,0,24,2541,224,strong
jiang_long_tight_325,jiang_long_tight,325,11,2673,92,0,26,2673,92,medium
jiang_long_tight_380,jiang_long_tight,380,10,2520,245,0,21,2520,245,strong
jiang_long_tight_425,jiang_long_tight,425,10,2750,15,0,11,2750,15,weak
jiang_long_tight_500,jiang_long_tight,500,9,2300,465,0,43,2300,465,strong
jiang_long_tight_550,jiang_long_tight,550,9,2300,465,0,43,2300,465,strong
jiang_long_tight_MX1,jiang_long_tight,MX1,12,2659,106,0,29,2659,106,strong
jiang_long_tight_MX2,jiang_long_tight,MX2,11,2698,67,0,17,2698,67,medium
lightskew_short_baseline_200,lightskew_short_baseline,200,9,2327,438,3,53,2501,264,strong
lightskew_short_baseline_250,lightskew_short_baseline,250,7,1706,1059,9,39,2189,576,strong
lightskew_short_baseline_270,lightskew_short_baseline,270,6,504,2261,24,6,1801,964,strong
lightskew_short_baseline_300,lightskew_short_baseline,300,6,2741,24,1,12,2799,-34,weak
lightskew_short_baseline_325,lightskew_short_baseline,325,5,336,2429,26,8,1780,985,strong
lightskew_short_baseline_380,lightskew_short_baseline,380,5,624,2141,22,3,1907,858,strong
lightskew_short_baseline_425,lightskew_short_baseline,425,5,1023,1742,17,12,2028,737,strong
lightskew_short_baseline_500,lightskew_short_baseline,500,5,2365,400,1,48,2424,341,strong
lightskew_short_baseline_550,lightskew_short_baseline,550,5,2365,400,1,48,2424,341,strong
lightskew_short_baseline_MX1,lightskew_short_baseline,MX1,5,1368,1397,12,48,2230,535,strong
lightskew_short_baseline_MX2,lightskew_short_baseline,MX2,5,2297,468,1,41,2363,402,strong
lightskew_short_tight_200,lightskew_short_tight,200,10,2760,5,0,25,2760,5,weak
lightskew_short_tight_250,lightskew_short_tight,250,8,2732,33,0,23,2732,33,weak
lightskew_short_tight_270,lightskew_short_tight,270,7,2400,365,1,58,2448,317,strong
lightskew_short_tight_300,lightskew_short_tight,300,6,2454,311,1,27,2500,265,strong
lightskew_short_tight_325,lightskew_short_tight,325,6,2564,201,1,29,2602,163,strong
lightskew_short_tight_380,lightskew_short_tight,380,5,198,2567,27,21,1546,1219,strong
lightskew_short_tight_425,lightskew_short_tight,425,5,491,2274,22,33,1607,1158,strong
lightskew_short_tight_500,lightskew_short_tight,500,5,1393,1372,8,30,1764,1001,strong
lightskew_short_tight_550,lightskew_short_tight,550,5,1393,1372,8,30,1764,1001,strong
lightskew_short_tight_MX1,lightskew_short_tight,MX1,5,386,2379,24,2,1778,987,strong
lightskew_short_tight_MX2,lightskew_short_tight,MX2,5,1291,1474,9,34,1747,1018,strong
lightskew_massdep_baseline_200,lightskew_massdep_baseline,200,13,2338,427,3,26,2527,238,strong
lightskew_massdep_baseline_250,lightskew_massdep_baseline,250,11,2745,20,0,25,2745,20,weak
lightskew_massdep_baseline_270,lightskew_massdep_baseline,270,10,2641,124,1,20,2710,55,weak
lightskew_massdep_baseline_300,lightskew_massdep_baseline,300,9,2784,-19,1,8,2852,-87,weak
lightskew_massdep_baseline_325,lightskew_massdep_baseline,325,8,2243,522,3,17,2456,309,strong
lightskew_massdep_baseline_380,lightskew_massdep_baseline,380,8,2583,182,1,15,2647,118,strong
lightskew_massdep_baseline_425,lightskew_massdep_baseline,425,7,926,1839,17,21,2035,730,strong
lightskew_massdep_baseline_500,lightskew_massdep_baseline,500,7,2289,476,0,47,2289,476,strong
lightskew_massdep_baseline_550,lightskew_massdep_baseline,550,7,2289,476,0,47,2289,476,strong
lightskew_massdep_baseline_MX1,lightskew_massdep_baseline,MX1,8,1795,970,7,44,2247,518,strong
lightskew_massdep_baseline_MX2,lightskew_massdep_baseline,MX2,7,1477,1288,10,24,2153,612,strong
lightskew_massdep_tight_200,lightskew_massdep_tight,200,15,2713,52,0,13,2713,52,weak
lightskew_massdep_tight_250,lightskew_massdep_tight,250,12,2730,35,0,18,2730,35,weak
lightskew_massdep_tight_270,lightskew_massdep_tight,270,11,2743,22,0,12,2743,22,weak
lightskew_massdep_tight_300,lightskew_massdep_tight,300,9,2576,189,1,24,2640,125,strong
lightskew_massdep_tight_325,lightskew_massdep_tight,325,9,2696,69,0,33,2696,69,medium
lightskew_massdep_tight_380,lightskew_massdep_tight,380,8,1999,766,4,28,2246,519,strong
lightskew_massdep_tight_425,lightskew_massdep_tight,425,8,2441,324,1,39,2498,267,strong
lightskew_massdep_tight_500,lightskew_massdep_tight,500,7,1261,1504,6,23,1495,1270,strong
lightskew_massdep_tight_550,lightskew_massdep_tight,550,7,1261,1504,6,23,1495,1270,strong
lightskew_massdep_tight_MX1,lightskew_massdep_tight,MX1,9,2420,345,1,50,2481,284,strong
lightskew_massdep_tight_MX2,lightskew_massdep_tight,MX2,8,2502,263,1,32,2561,204,strong
lightskew_long_baseline_200,lightskew_long_baseline,200,15,2650,115,0,23,2650,115,strong
lightskew_long_baseline_250,lightskew_long_baseline,250,12,2528,237,0,23,2528,237,strong
lightskew_long_baseline_270,lightskew_long_baseline,270,11,2417,348,1,35,2472,293,strong
lightskew_long_baseline_300,lightskew_long_baseline,300,10,2717,48,1,9,2783,-18,weak
lightskew_long_baseline_325,lightskew_long_baseline,325,9,1909,856,5,36,2192,573,strong
lightskew_long_baseline_380,lightskew_long_baseline,380,9,2371,394,1,28,2430,335,strong
lightskew_long_baseline_425,lightskew_long_baseline,425,9,2607,158,1,25,2677,88,medium
lightskew_long_baseline_500,lightskew_long_baseline,500,8,1460,1305,6,63,1768,997,strong
lightskew_long_baseline_550,lightskew_long_baseline,550,8,1460,1305,6,63,1768,997,strong
lightskew_long_baseline_MX1,lightskew_long_baseline,MX1,10,2603,162,0,50,2603,162,strong
lightskew_long_baseline_MX2,lightskew_long_baseline,MX2,9,2664,101,0,47,2664,101,strong
lightskew_long_tight_200,lightskew_long_tight,200,18,2752,13,0,12,2752,13,weak
lightskew_long_tight_250,lightskew_long_tight,250,14,2693,72,0,20,2693,72,medium
lightskew_long_tight_270,lightskew_long_tight,270,13,2720,45,0,13,2720,45,weak
lightskew_long_tight_300,lightskew_long_tight,300,11,2687,78,0,6,2687,78,medium
lightskew_long_tight_325,lightskew_long_tight,325,11,2739,26,0,13,2739,26,weak
lightskew_long_tight_380,lightskew_long_tight,380,10,2527,238,0,27,2527,238,strong
lightskew_long_tight_425,lightskew_long_tight,425,10,2665,100,0,16,2665,100,strong
lightskew_long_tight_500,lightskew_long_tight,500,9,2300,465,0,43,2300,465,strong
lightskew_long_tight_550,lightskew_long_tight,550,9,2300,465,0,43,2300,465,strong
lightskew_long_tight_MX1,lightskew_long_tight,MX1,11,2531,234,0,30,2531,234,strong
lightskew_long_tight_MX2,lightskew_long_tight,MX2,10,2570,195,0,25,2570,195,strong
uniform_short_baseline_200,uniform_short_baseline,200,12,2668,97,0,15,2668,97,strong
uniform_short_baseline_250,uniform_short_baseline,250,9,1876,889,7,47,2288,477,strong
uniform_short_baseline_270,uniform_short_baseline,270,9,2597,168,0,51,2597,168,strong
uniform_short_baseline_300,uniform_short_baseline,300,8,1439,1326,11,25,2104,661,strong
uniform_short_baseline_325,uniform_short_baseline,325,8,2202,563,5,45,2468,297,strong
uniform_short_baseline_380,uniform_short_baseline,380,7,1769,996,9,37,2268,497,strong
uniform_short_baseline_425,uniform_short_baseline,425,6,1194,1571,15,23,2040,725,strong
uniform_short_baseline_500,uniform_short_baseline,500,5,2365,400,1,48,2424,341,strong
uniform_short_baseline_550,uniform_short_baseline,550,5,2365,400,1,48,2424,341,strong
uniform_short_baseline_MX1,uniform_short_baseline,MX1,7,1601,1164,10,62,2245,520,strong
uniform_short_baseline_MX2,uniform_short_baseline,MX2,6,2640,125,0,44,2640,125,strong
uniform_short_tight_200,uniform_short_tight,200,12,2269,496,0,33,2269,496,strong
uniform_short_tight_250,uniform_short_tight,250,10,2644,121,0,27,2644,121,strong
uniform_short_tight_270,uniform_short_tight,270,9,1863,902,5,57,2107,658,strong
uniform_short_tight_300,uniform_short_tight,300,9,2574,191,0,59,2574,191,strong
uniform_short_tight_325,uniform_short_tight,325,8,1721,1044,6,62,2008,757,strong
uniform_short_tight_380,uniform_short_tight,380,8,2727,38,0,20,2727,38,weak
uniform_short_tight_425,uniform_short_tight,425,7,2679,86,1,33,2708,57,weak
uniform_short_tight_500,uniform_short_tight,500,5,1393,1372,8,30,1764,1001,strong
uniform_short_tight_550,uniform_short_tight,550,5,1393,1372,8,30,1764,1001,strong
uniform_short_tight_MX1,uniform_short_tight,MX1,8,2563,202,0,61,2563,202,strong
uniform_short_tight_MX2,uniform_short_tight,MX2,6,1928,837,5,53,2230,535,strong
uniform_massdep_baseline_200,uniform_massdep_baseline,200,19,2589,176,0,18,2589,176,strong
uniform_massdep_baseline_250,uniform_massdep_baseline,250,15,2590,175,0,32,2590,175,strong
uniform_massdep_baseline_270,uniform_massdep_baseline,270,15,2734,31,0,18,2734,31,weak
uniform_massdep_baseline_300,uniform_massdep_baseline,300,14,2647,118,0,18,2647,118,strong
uniform_massdep_baseline_325,uniform_massdep_baseline,325,13,2316,449,3,17,2479,286,strong
uniform_massdep_baseline_380,uniform_massdep_baseline,380,12,2570,195,1,24,2619,146,strong
uniform_massdep_baseline_425,uniform_massdep_baseline,425,11,2730,35,1,15,2777,-12,weak
uniform_massdep_baseline_500,uniform_massdep_baseline,500,8,2510,255,0,26,2510,255,strong
uniform_massdep_baseline_550,uniform_massdep_baseline,550,8,2510,255,0,26,2510,255,strong
uniform_massdep_baseline_MX1,uniform_massdep_baseline,MX1,13,2409,356,1,44,2475,290,strong
uniform_massdep_baseline_MX2,uniform_massdep_baseline,MX2,12,2599,166,0,57,2599,166,strong
uniform_massdep_tight_200,uniform_massdep_tight,200,22,2686,79,0,16,2686,79,medium
uniform_massdep_tight_250,uniform_massdep_tight,250,17,2653,112,0,19,2653,112,strong
uniform_massdep_tight_270,uniform_massdep_tight,270,17,2740,25,0,11,2740,25,weak
uniform_massdep_tight_300,uniform_massdep_tight,300,16,2722,43,0,14,2722,43,weak
uniform_massdep_tight_325,uniform_massdep_tight,325,15,2669,96,0,12,2669,96,strong
uniform_massdep_tight_380,uniform_massdep_tight,380,13,2561,204,0,23,2561,204,strong
uniform_massdep_tight_425,uniform_massdep_tight,425,12,2736,29,0,15,2736,29,weak
uniform_massdep_tight_500,uniform_massdep_tight,500,8,1708,1057,1,62,1751,1014,strong
uniform_massdep_tight_550,uniform_massdep_tight,550,8,1708,1057,1,62,1751,1014,strong
uniform_massdep_tight_MX1,uniform_massdep_tight,MX1,15,2641,124,0,21,2641,124,strong
uniform_massdep_tight_MX2,uniform_massdep_tight,MX2,14,2706,59,0,19,2706,59,medium
uniform_long_baseline_200,uniform_long_baseline,200,19,2552,213,0,18,2552,213,strong
uniform_long_baseline_250,uniform_long_baseline,250,15,2477,288,0,40,2477,288,strong
uniform_long_baseline_270,uniform_long_baseline,270,15,2700,65,0,23,2700,65,medium
uniform_long_baseline_300,uniform_long_baseline,300,14,2600,165,0,31,2600,165,strong
uniform_long_baseline_325,uniform_long_baseline,325,13,2274,491,2,16,2369,396,strong
uniform_long_baseline_380,uniform_long_baseline,380,12,2550,215,0,18,2550,215,strong
uniform_long_baseline_425,uniform_long_baseline,425,11,2739,26,0,24,2739,26,weak
uniform_long_baseline_500,uniform_long_baseline,500,8,1460,1305,6,63,1768,997,strong
uniform_long_baseline_550,uniform_long_baseline,550,8,1460,1305,6,63,1768,997,strong
uniform_long_baseline_MX1,uniform_long_baseline,MX1,14,2760,5,0,25,2760,5,weak
uniform_long_baseline_MX2,uniform_long_baseline,MX2,12,2432,333,1,31,2495,270,strong
uniform_long_tight_200,uniform_long_tight,200,23,2732,33,0,9,2732,33,weak
uniform_long_tight_250,uniform_long_tight,250,18,2690,75,0,6,2690,75,medium
uniform_long_tight_270,uniform_long_tight,270,18,2750,15,0,4,2750,15,weak
uniform_long_tight_300,uniform_long_tight,300,17,2760,5,0,3,2760,5,weak
uniform_long_tight_325,uniform_long_tight,325,16,2735,30,0,7,2735,30,weak
uniform_long_tight_380,uniform_long_tight,380,14,2695,70,0,20,2695,70,medium
uniform_long_tight_425,uniform_long_tight,425,12,2632,133,0,24,2632,133,strong
uniform_long_tight_500,uniform_long_tight,500,9,2300,465,0,43,2300,465,strong
uniform_long_tight_550,uniform_long_tight,550,9,2300,465,0,43,2300,465,strong
uniform_long_tight_MX1,uniform_long_tight,MX1,16,2727,38,0,24,2727,38,weak
uniform_long_tight_MX2,uniform_long_tight,MX2,14,2624,141,0,25,2624,141,strong
extraheavy_short_baseline_270,extraheavy_short_baseline,270,8,2501,264,2,35,2615,150,strong
extraheavy_short_baseline_300,extraheavy_short_baseline,300,7,2364,401,4,32,2555,210,strong
extraheavy_short_baseline_325,extraheavy_short_baseline,325,7,2687,78,0,19,2687,78,medium
extraheavy_short_baseline_380,extraheavy_short_baseline,380,6,1306,1459,14,33,2200,565,strong
extraheavy_short_baseline_425,extraheavy_short_baseline,425,6,2057,708,6,32,2393,372,strong
extraheavy_short_baseline_500,extraheavy_short_baseline,500,6,2717,48,0,43,2717,48,weak
extraheavy_short_baseline_550,extraheavy_short_baseline,550,5,0,2765,30,0,1620,1145,strong
extraheavy_short_baseline_MX1,extraheavy_short_baseline,MX1,7,2718,47,1,17,2789,-24,weak
extraheavy_short_baseline_MX2,extraheavy_short_baseline,MX2,6,2684,81,1,26,2762,3,weak
extraheavy_short_tight_270,extraheavy_short_tight,270,8,2024,741,5,36,2240,525,strong
extraheavy_short_tight_300,extraheavy_short_tight,300,7,1731,1034,9,42,2214,551,strong
extraheavy_short_tight_325,extraheavy_short_tight,325,7,2265,500,3,56,2372,393,strong
extraheavy_short_tight_380,extraheavy_short_tight,380,6,776,1989,19,27,1737,1028,strong
extraheavy_short_tight_425,extraheavy_short_tight,425,6,1277,1488,13,29,1926,839,strong
extraheavy_short_tight_500,extraheavy_short_tight,500,6,2136,629,3,51,2282,483,strong
extraheavy_short_tight_550,extraheavy_short_tight,550,6,2497,268,0,47,2497,268,strong
extraheavy_short_tight_MX1,extraheavy_short_tight,MX1,7,2393,372,2,53,2495,270,strong
extraheavy_short_tight_MX2,extraheavy_short_tight,MX2,6,2290,475,1,43,2354,411,strong
extraheavy_massdep_baseline_270,extraheavy_massdep_baseline,270,13,2392,373,3,24,2598,167,strong
extraheavy_massdep_baseline_300,extraheavy_massdep_baseline,300,12,2545,220,2,14,2684,81,medium
extraheavy_massdep_baseline_325,extraheavy_massdep_baseline,325,11,2195,570,5,19,2599,166,strong
extraheavy_massdep_baseline_380,extraheavy_massdep_baseline,380,10,2062,703,6,27,2560,205,strong
extraheavy_massdep_baseline_425,extraheavy_massdep_baseline,425,10,2594,171,1,21,2663,102,strong
extraheavy_massdep_baseline_500,extraheavy_massdep_baseline,500,9,1796,969,9,14,2439,326,strong
extraheavy_massdep_baseline_550,extraheavy_massdep_baseline,550,9,2263,502,3,28,2482,283,strong
extraheavy_massdep_baseline_MX1,extraheavy_massdep_baseline,MX1,12,2429,336,3,15,2637,128,strong
extraheavy_massdep_baseline_MX2,extraheavy_massdep_baseline,MX2,11,2449,316,3,18,2679,86,medium
extraheavy_massdep_tight_270,extraheavy_massdep_tight,270,15,2757,8,0,13,2757,8,weak
extraheavy_massdep_tight_300,extraheavy_massdep_tight,300,13,2695,70,0,23,2695,70,medium
extraheavy_massdep_tight_325,extraheavy_massdep_tight,325,12,2430,335,2,19,2574,191,strong
extraheavy_massdep_tight_380,extraheavy_massdep_tight,380,11,2578,187,0,22,2578,187,strong
extraheavy_massdep_tight_425,extraheavy_massdep_tight,425,11,2718,47,0,15,2718,47,weak
extraheavy_massdep_tight_500,extraheavy_massdep_tight,500,10,2541,224,0,25,2541,224,strong
extraheavy_massdep_tight_550,extraheavy_massdep_tight,550,10,2660,105,0,27,2660,105,strong
extraheavy_massdep_tight_MX1,extraheavy_massdep_tight,MX1,13,2609,156,0,17,2609,156,strong
extraheavy_massdep_tight_MX2,extraheavy_massdep_tight,MX2,12,2635,130,0,24,2635,130,strong
extraheavy_long_baseline_270,extraheavy_long_baseline,270,13,2494,271,1,24,2550,215,strong
extraheavy_long_baseline_300,extraheavy_long_baseline,300,12,2725,40,0,11,2725,40,weak
extraheavy_long_baseline_325,extraheavy_long_baseline,325,11,2170,595,4,31,2421,344,strong
extraheavy_long_baseline_380,extraheavy_long_baseline,380,10,1881,884,5,25,2204,561,strong
extraheavy_long_baseline_425,extraheavy_long_baseline,425,10,2302,463,2,43,2432,333,strong
extraheavy_long_baseline_500,extraheavy_long_baseline,500,10,2715,50,0,12,2715,50,weak
extraheavy_long_baseline_550,extraheavy_long_baseline,550,9,1462,1303,9,36,1987,778,strong
extraheavy_long_baseline_MX1,extraheavy_long_baseline,MX1,12,2553,212,1,26,2621,144,strong
extraheavy_long_baseline_MX2,extraheavy_long_baseline,MX2,11,2573,192,1,41,2640,125,strong
extraheavy_long_tight_270,extraheavy_long_tight,270,15,2694,71,0,24,2694,71,medium
extraheavy_long_tight_300,extraheavy_long_tight,300,13,2630,135,0,16,2630,135,strong
extraheavy_long_tight_325,extraheavy_long_tight,325,13,2709,56,0,13,2709,56,weak
extraheavy_long_tight_380,extraheavy_long_tight,380,12,2697,68,0,19,2697,68,medium
extraheavy_long_tight_425,extraheavy_long_tight,425,12,2758,7,0,12,2758,7,weak
extraheavy_long_tight_500,extraheavy_long_tight,500,11,2663,102,0,27,2663,102,strong
extraheavy_long_tight_550,extraheavy_long_tight,550,11,2720,45,0,10,2720,45,weak
extraheavy_long_tight_MX1,extraheavy_long_tight,MX1,14,2728,37,0,21,2728,37,weak
extraheavy_long_tight_MX2,extraheavy_long_tight,MX2,13,2736,29,0,23,2736,29,weak
rohcha_short_baseline_200,rohcha_short_baseline,200,15,2728,37,0,25,2728,37,weak
rohcha_short_baseline_250,rohcha_short_baseline,250,13,2588,177,0,43,2588,177,strong
rohcha_short_baseline_270,rohcha_short_baseline,270,12,2709,56,0,27,2709,56,weak
rohcha_short_baseline_300,rohcha_short_baseline,300,9,2312,453,2,40,2409,356,strong
rohcha_short_baseline_325,rohcha_short_baseline,325,9,2312,453,2,40,2409,356,strong
rohcha_short_baseline_380,rohcha_short_baseline,380,8,1131,1634,16,7,2044,721,strong
rohcha_short_baseline_425,rohcha_short_baseline,425,8,1131,1634,16,7,2044,721,strong
rohcha_short_baseline_500,rohcha_short_baseline,500,6,636,2129,22,9,1902,863,strong
rohcha_short_baseline_550,rohcha_short_baseline,550,5,2365,400,1,48,2424,341,strong
rohcha_short_baseline_MX1,rohcha_short_baseline,MX1,10,2730,35,0,46,2730,35,weak
rohcha_short_baseline_MX2,rohcha_short_baseline,MX2,8,2112,653,4,47,2339,426,strong
rohcha_short_tight_200,rohcha_short_tight,200,16,2730,35,0,22,2730,35,weak
rohcha_short_tight_250,rohcha_short_tight,250,14,2678,87,0,31,2678,87,medium
rohcha_short_tight_270,rohcha_short_tight,270,12,2270,495,0,32,2270,495,strong
rohcha_short_tight_300,rohcha_short_tight,300,10,2672,93,0,27,2672,93,strong
rohcha_short_tight_325,rohcha_short_tight,325,10,2672,93,0,27,2672,93,strong
rohcha_short_tight_380,rohcha_short_tight,380,9,2453,312,1,36,2487,278,strong
rohcha_short_tight_425,rohcha_short_tight,425,9,2453,312,1,36,2487,278,strong
rohcha_short_tight_500,rohcha_short_tight,500,7,2435,330,1,35,2488,277,strong
rohcha_short_tight_550,rohcha_short_tight,550,5,1393,1372,8,30,1764,1001,strong
rohcha_short_tight_MX1,rohcha_short_tight,MX1,11,2742,23,0,25,2742,23,weak
rohcha_short_tight_MX2,rohcha_short_tight,MX2,8,1208,1557,12,39,1822,943,strong
rohcha_massdep_baseline_200,rohcha_massdep_baseline,200,26,2652,113,0,29,2652,113,strong
rohcha_massdep_baseline_250,rohcha_massdep_baseline,250,23,2704,61,0,29,2704,61,medium
rohcha_massdep_baseline_270,rohcha_massdep_baseline,270,21,2721,44,0,22,2721,44,weak
rohcha_massdep_baseline_300,rohcha_massdep_baseline,300,17,2720,45,0,12,2720,45,weak
rohcha_massdep_baseline_325,rohcha_massdep_baseline,325,17,2720,45,0,12,2720,45,weak
rohcha_massdep_baseline_380,rohcha_massdep_baseline,380,16,2739,26,0,29,2739,26,weak
rohcha_massdep_baseline_425,rohcha_massdep_baseline,425,16,2739,26,0,29,2739,26,weak
rohcha_massdep_baseline_500,rohcha_massdep_baseline,500,12,2547,218,0,19,2547,218,strong
rohcha_massdep_baseline_550,rohcha_massdep_baseline,550,9,2533,232,0,30,2533,232,strong
rohcha_massdep_baseline_MX1,rohcha_massdep_baseline,MX1,19,2650,115,0,32,2650,115,strong
rohcha_massdep_baseline_MX2,rohcha_massdep_baseline,MX2,17,2551,214,0,56,2551,214,strong
rohcha_massdep_tight_200,rohcha_massdep_tight,200,30,2738,27,0,10,2738,27,weak
rohcha_massdep_tight_250,rohcha_massdep_tight,250,26,2693,72,0,8,2693,72,medium
rohcha_massdep_tight_270,rohcha_massdep_tight,270,24,2748,17,0,7,2748,17,weak
rohcha_massdep_tight_300,rohcha_massdep_tight,300,19,2708,57,0,4,2708,57,weak
rohcha_massdep_tight_325,rohcha_massdep_tight,325,19,2708,57,0,4,2708,57,weak
rohcha_massdep_tight_380,rohcha_massdep_tight,380,18,2747,18,0,6,2747,18,weak
rohcha_massdep_tight_425,rohcha_massdep_tight,425,18,2747,18,0,6,2747,18,weak
rohcha_massdep_tight_500,rohcha_massdep_tight,500,14,2739,26,0,18,2739,26,weak
rohcha_massdep_tight_550,rohcha_massdep_tight,550,10,2602,163,0,27,2602,163,strong
rohcha_massdep_tight_MX1,rohcha_massdep_tight,MX1,22,2743,22,0,14,2743,22,weak
rohcha_massdep_tight_MX2,rohcha_massdep_tight,MX2,20,2713,52,0,28,2713,52,weak
rohcha_long_baseline_200,rohcha_long_baseline,200,24,2678,87,0,24,2678,87,medium
rohcha_long_baseline_250,rohcha_long_baseline,250,21,2593,172,0,20,2593,172,strong
rohcha_long_baseline_270,rohcha_long_baseline,270,19,2598,167,0,49,2598,167,strong
rohcha_long_baseline_300,rohcha_long_baseline,300,15,2522,243,1,16,2568,197,strong
rohcha_long_baseline_325,rohcha_long_baseline,325,15,2522,243,1,16,2568,197,strong
rohcha_long_baseline_380,rohcha_long_baseline,380,14,2558,207,0,32,2558,207,strong
rohcha_long_baseline_425,rohcha_long_baseline,425,14,2558,207,0,32,2558,207,strong
rohcha_long_baseline_500,rohcha_long_baseline,500,11,2555,210,0,32,2555,210,strong
rohcha_long_baseline_550,rohcha_long_baseline,550,8,1460,1305,6,63,1768,997,strong
rohcha_long_baseline_MX1,rohcha_long_baseline,MX1,17,2448,317,0,43,2448,317,strong
rohcha_long_baseline_MX2,rohcha_long_baseline,MX2,16,2649,116,0,49,2649,116,strong
rohcha_long_tight_200,rohcha_long_tight,200,29,2755,10,0,8,2755,10,weak
rohcha_long_tight_250,rohcha_long_tight,250,25,2701,64,0,7,2701,64,medium
rohcha_long_tight_270,rohcha_long_tight,270,23,2738,27,0,11,2738,27,weak
rohcha_long_tight_300,rohcha_long_tight,300,18,2714,51,0,11,2714,51,weak
rohcha_long_tight_325,rohcha_long_tight,325,18,2714,51,0,11,2714,51,weak
rohcha_long_tight_380,rohcha_long_tight,380,17,2747,18,0,7,2747,18,weak
rohcha_long_tight_425,rohcha_long_tight,425,17,2747,18,0,7,2747,18,weak
rohcha_long_tight_500,rohcha_long_tight,500,13,2738,27,0,18,2738,27,weak
rohcha_long_tight_550,rohcha_long_tight,550,9,2300,465,0,43,2300,465,strong
rohcha_long_tight_MX1,rohcha_long_tight,MX1,21,2757,8,0,25,2757,8,weak
rohcha_long_tight_MX2,rohcha_long_tight,MX2,19,2748,17,0,18,2748,17,weak
liu_short_baseline_200,liu_short_baseline,200,12,2395,370,0,38,2395,370,strong
liu_short_baseline_250,liu_short_baseline,250,9,1534,1231,9,40,1998,767,strong
liu_short_baseline_270,liu_short_baseline,270,9,2112,653,3,66,2280,485,strong
liu_short_baseline_300,liu_short_baseline,300,8,2268,497,4,51,2495,270,strong
liu_short_baseline_325,liu_short_baseline,325,8,2711,54,0,35,2711,54,weak
liu_short_baseline_380,liu_short_baseline,380,6,798,1967,20,14,1961,804,strong
liu_short_baseline_425,liu_short_baseline,425,5,2365,400,1,48,2424,341,strong
liu_short_baseline_500,liu_short_baseline,500,5,2365,400,1,48,2424,341,strong
liu_short_baseline_550,liu_short_baseline,550,5,2365,400,1,48,2424,341,strong
liu_short_baseline_MX1,liu_short_baseline,MX1,8,2615,150,1,47,2678,87,medium
liu_short_baseline_MX2,liu_short_baseline,MX2,6,2134,631,4,68,2378,387,strong
liu_short_tight_200,liu_short_tight,200,12,1522,1243,4,32,1676,1089,strong
liu_short_tight_250,liu_short_tight,250,10,2476,289,0,42,2476,289,strong
liu_short_tight_270,liu_short_tight,270,10,2616,149,0,32,2616,149,strong
liu_short_tight_300,liu_short_tight,300,8,1784,981,4,56,1953,812,strong
liu_short_tight_325,liu_short_tight,325,8,2200,565,2,52,2302,463,strong
liu_short_tight_380,liu_short_tight,380,7,2653,112,0,17,2653,112,strong
liu_short_tight_425,liu_short_tight,425,5,1393,1372,8,30,1764,1001,strong
liu_short_tight_500,liu_short_tight,500,5,1393,1372,8,30,1764,1001,strong
liu_short_tight_550,liu_short_tight,550,5,1393,1372,8,30,1764,1001,strong
liu_short_tight_MX1,liu_short_tight,MX1,8,2112,653,3,92,2265,500,strong
liu_short_tight_MX2,liu_short_tight,MX2,7,2665,100,0,22,2665,100,strong
liu_massdep_baseline_200,liu_massdep_baseline,200,18,2395,370,0,27,2395,370,strong
liu_massdep_baseline_250,liu_massdep_baseline,250,15,2577,188,0,27,2577,188,strong
liu_massdep_baseline_270,liu_massdep_baseline,270,15,2684,81,0,15,2684,81,medium
liu_massdep_baseline_300,liu_massdep_baseline,300,13,2622,143,0,47,2622,143,strong
liu_massdep_baseline_325,liu_massdep_baseline,325,12,2142,623,3,40,2296,469,strong
liu_massdep_baseline_380,liu_massdep_baseline,380,10,2087,678,4,29,2319,446,strong
liu_massdep_baseline_425,liu_massdep_baseline,425,8,2539,226,0,29,2539,226,strong
liu_massdep_baseline_500,liu_massdep_baseline,500,8,2539,226,0,29,2539,226,strong
liu_massdep_baseline_550,liu_massdep_baseline,550,8,2539,226,0,29,2539,226,strong
liu_massdep_baseline_MX1,liu_massdep_baseline,MX1,14,2745,20,0,22,2745,20,weak
liu_massdep_baseline_MX2,liu_massdep_baseline,MX2,12,2340,425,2,30,2462,303,strong
liu_massdep_tight_200,liu_massdep_tight,200,20,,,,,,,untested
liu_massdep_tight_250,liu_massdep_tight,250,18,2744,21,0,9,2744,21,weak
liu_massdep_tight_270,liu_massdep_tight,270,17,2685,80,0,20,2685,80,medium
liu_massdep_tight_300,liu_massdep_tight,300,15,2722,43,0,13,2722,43,weak
liu_massdep_tight_325,liu_massdep_tight,325,14,2646,119,0,17,2646,119,strong
liu_massdep_tight_380,liu_massdep_tight,380,12,2756,9,0,20,2756,9,weak
liu_massdep_tight_425,liu_massdep_tight,425,8,1700,1065,1,32,1745,1020,strong
liu_massdep_tight_500,liu_massdep_tight,500,8,1700,1065,1,32,1745,1020,strong
liu_massdep_tight_550,liu_massdep_tight,550,8,1700,1065,1,32,1745,1020,strong
liu_massdep_tight_MX1,liu_massdep_tight,MX1,16,2745,20,0,13,2745,20,weak
liu_massdep_tight_MX2,liu_massdep_tight,MX2,14,2649,116,0,38,2649,116,strong
liu_long_baseline_200,liu_long_baseline,200,18,1487,1278,5,26,1719,1046,strong
liu_long_baseline_250,liu_long_baseline,250,16,2726,39,0,15,2726,39,weak
liu_long_baseline_270,liu_long_baseline,270,15,2404,361,1,34,2454,311,strong
liu_long_baseline_300,liu_long_baseline,300,13,2197,568,4,28,2414,351,strong
liu_long_baseline_325,liu_long_baseline,325,13,2648,117,0,29,2648,117,strong
liu_long_baseline_380,liu_long_baseline,380,11,2693,72,0,19,2693,72,medium
liu_long_baseline_425,liu_long_baseline,425,8,1460,1305,6,63,1768,997,strong
liu_long_baseline_500,liu_long_baseline,500,8,1460,1305,6,63,1768,997,strong
liu_long_baseline_550,liu_long_baseline,550,8,1460,1305,6,63,1768,997,strong
liu_long_baseline_MX1,liu_long_baseline,MX1,14,2571,194,0,28,2571,194,strong
liu_long_baseline_MX2,liu_long_baseline,MX2,13,2671,94,0,26,2671,94,strong
liu_long_tight_200,liu_long_tight,200,22,2564,201,0,14,2564,201,strong
liu_long_tight_250,liu_long_tight,250,19,2745,20,0,7,2745,20,weak
liu_long_tight_270,liu_long_tight,270,18,2687,78,0,14,2687,78,medium
liu_long_tight_300,liu_long_tight,300,16,2742,23,0,1,2742,23,weak
liu_long_tight_325,liu_long_tight,325,15,2692,73,0,12,2692,73,medium
liu_long_tight_380,liu_long_tight,380,12,2600,165,0,27,2600,165,strong
liu_long_tight_425,liu_long_tight,425,9,2300,465,0,43,2300,465,strong
liu_long_tight_500,liu_long_tight,500,9,2300,465,0,43,2300,465,strong
liu_long_tight_550,liu_long_tight,550,9,2300,465,0,43,2300,465,strong
liu_long_tight_MX1,liu_long_tight,MX1,17,2757,8,0,12,2757,8,weak
liu_long_tight_MX2,liu_long_tight,MX2,15,2686,79,0,23,2686,79,medium
