cell,r,winner,rank,n_types,winner_pert,best_type,best_pert,gap_pp
extraheavy_long_baseline,5.1,550,9,9,0.7642268041237114,500,0.8540206185567011,8.979381443298973
extraheavy_long_baseline,6.364496630910889,550,9,9,0.7642268041237114,500,0.8540206185567011,8.979381443298973
extraheavy_long_baseline,7.9425132087992285,550,9,9,0.7642268041237114,500,0.8540206185567011,8.979381443298973
extraheavy_long_baseline,9.911784031052534,550,9,9,0.7642268041237114,500,0.8540206185567011,8.979381443298973
extraheavy_long_baseline,12.36931687685298,550,9,9,0.7642268041237114,500,0.8540206185567011,8.979381443298973
extraheavy_long_baseline,15.436171684196077,550,9,9,0.7642268041237114,500,0.8540206185567011,8.979381443298973
extraheavy_long_baseline,19.26342405455451,550,9,9,0.7642268041237114,500,0.8540206185567011,8.979381443298973
extraheavy_long_baseline,24.039607351964708,380,7,9,0.7711855670103093,500,0.8540206185567011,8.283505154639181
extraheavy_long_baseline,30.000000000000004,380,7,9,0.7711855670103093,500,0.8540206185567011,8.283505154639181
extraheavy_long_tight,5.1,500,9,9,0.8272852233676976,425,0.8697766323024055,4.249140893470793
extraheavy_long_tight,6.364496630910889,500,9,9,0.8272852233676976,425,0.8697766323024055,4.249140893470793
extraheavy_long_tight,7.9425132087992285,500,9,9,0.8272852233676976,425,0.8697766323024055,4.249140893470793
extraheavy_long_tight,9.911784031052534,500,9,9,0.8272852233676976,425,0.8697766323024055,4.249140893470793
extraheavy_long_tight,12.36931687685298,500,9,9,0.8272852233676976,425,0.8697766323024055,4.249140893470793
extraheavy_long_tight,15.436171684196077,500,9,9,0.8272852233676976,425,0.8697766323024055,4.249140893470793
extraheavy_long_tight,19.26342405455451,500,9,9,0.8272852233676976,425,0.8697766323024055,4.249140893470793
extraheavy_long_tight,24.039607351964708,500,9,9,0.8272852233676976,425,0.8697766323024055,4.249140893470793
extraheavy_long_tight,30.000000000000004,380,6,9,0.8346563573883161,425,0.8697766323024055,3.512027491408942
extraheavy_massdep_baseline,5.1,500,9,9,0.825893470790378,300,0.865893470790378,4.0000000000000036
extraheavy_massdep_baseline,6.364496630910889,500,9,9,0.825893470790378,300,0.865893470790378,4.0000000000000036
extraheavy_massdep_baseline,7.9425132087992285,500,9,9,0.825893470790378,300,0.865893470790378,4.0000000000000036
extraheavy_massdep_baseline,9.911784031052534,500,9,9,0.825893470790378,300,0.865893470790378,4.0000000000000036
extraheavy_massdep_baseline,12.36931687685298,500,9,9,0.825893470790378,300,0.865893470790378,4.0000000000000036
extraheavy_massdep_baseline,15.436171684196077,500,9,9,0.825893470790378,300,0.865893470790378,4.0000000000000036
extraheavy_massdep_baseline,19.26342405455451,500,9,9,0.825893470790378,300,0.865893470790378,4.0000000000000036
extraheavy_massdep_baseline,24.039607351964708,500,9,9,0.825893470790378,300,0.865893470790378,4.0000000000000036
extraheavy_massdep_baseline,30.000000000000004,500,9,9,0.825893470790378,300,0.865893470790378,4.0000000000000036
extraheavy_massdep_tight,5.1,500,9,9,0.8283676975945017,270,0.8614776632302406,3.310996563573887
extraheavy_massdep_tight,6.364496630910889,500,9,9,0.8283676975945017,270,0.8614776632302406,3.310996563573887
extraheavy_massdep_tight,7.9425132087992285,500,9,9,0.8283676975945017,270,0.8614776632302406,3.310996563573887
extraheavy_massdep_tight,9.911784031052534,500,9,9,0.8283676975945017,270,0.8614776632302406,3.310996563573887
extraheavy_massdep_tight,12.36931687685298,500,9,9,0.8283676975945017,270,0.8614776632302406,3.310996563573887
extraheavy_massdep_tight,15.436171684196077,500,9,9,0.8283676975945017,270,0.8614776632302406,3.310996563573887
extraheavy_massdep_tight,19.26342405455451,500,9,9,0.8283676975945017,270,0.8614776632302406,3.310996563573887
extraheavy_massdep_tight,24.039607351964708,500,9,9,0.8283676975945017,270,0.8614776632302406,3.310996563573887
extraheavy_massdep_tight,30.000000000000004,500,9,9,0.8283676975945017,270,0.8614776632302406,3.310996563573887
extraheavy_short_baseline,5.1,550,9,9,0.889914089347079,500,0.9756013745704467,8.568728522336766
extraheavy_short_baseline,6.364496630910889,550,9,9,0.889914089347079,500,0.9756013745704467,8.568728522336766
extraheavy_short_baseline,7.9425132087992285,550,9,9,0.889914089347079,500,0.9756013745704467,8.568728522336766
extraheavy_short_baseline,9.911784031052534,550,9,9,0.889914089347079,500,0.9756013745704467,8.568728522336766
extraheavy_short_baseline,12.36931687685298,550,9,9,0.889914089347079,500,0.9756013745704467,8.568728522336766
extraheavy_short_baseline,15.436171684196077,550,9,9,0.889914089347079,500,0.9756013745704467,8.568728522336766
extraheavy_short_baseline,19.26342405455451,550,9,9,0.889914089347079,500,0.9756013745704467,8.568728522336766
extraheavy_short_baseline,24.039607351964708,550,9,9,0.889914089347079,500,0.9756013745704467,8.568728522336766
extraheavy_short_baseline,30.000000000000004,550,9,9,0.889914089347079,500,0.9756013745704467,8.568728522336766
extraheavy_short_tight,5.1,MX2,6,9,0.8952577319587629,550,0.9559621993127148,6.070446735395185
extraheavy_short_tight,6.364496630910889,MX2,6,9,0.8952577319587629,550,0.9559621993127148,6.070446735395185
extraheavy_short_tight,7.9425132087992285,MX2,6,9,0.8952577319587629,550,0.9559621993127148,6.070446735395185
extraheavy_short_tight,9.911784031052534,MX2,6,9,0.8952577319587629,550,0.9559621993127148,6.070446735395185
extraheavy_short_tight,12.36931687685298,MX2,6,9,0.8952577319587629,550,0.9559621993127148,6.070446735395185
extraheavy_short_tight,15.436171684196077,MX2,6,9,0.8952577319587629,550,0.9559621993127148,6.070446735395185
extraheavy_short_tight,19.26342405455451,MX2,6,9,0.8952577319587629,550,0.9559621993127148,6.070446735395185
extraheavy_short_tight,24.039607351964708,MX2,6,9,0.8952577319587629,550,0.9559621993127148,6.070446735395185
extraheavy_short_tight,30.000000000000004,MX2,6,9,0.8952577319587629,550,0.9559621993127148,6.070446735395185
jiang_long_baseline,5.1,425,9,11,0.7831615120274914,325,0.855446735395189,7.22852233676976
jiang_long_baseline,6.364496630910889,425,9,11,0.7831615120274914,325,0.855446735395189,7.22852233676976
jiang_long_baseline,7.9425132087992285,425,9,11,0.7831615120274914,325,0.855446735395189,7.22852233676976
jiang_long_baseline,9.911784031052534,425,9,11,0.7831615120274914,325,0.855446735395189,7.22852233676976
jiang_long_baseline,12.36931687685298,425,9,11,0.7831615120274914,325,0.855446735395189,7.22852233676976
jiang_long_baseline,15.436171684196077,425,9,11,0.7831615120274914,325,0.855446735395189,7.22852233676976
jiang_long_baseline,19.26342405455451,425,9,11,0.7831615120274914,325,0.855446735395189,7.22852233676976
jiang_long_baseline,24.039607351964708,425,9,11,0.7831615120274914,325,0.855446735395189,7.22852233676976
jiang_long_baseline,30.000000000000004,425,9,11,0.7831615120274914,325,0.855446735395189,7.22852233676976
jiang_long_tight,5.1,500,10,11,0.8140721649484536,250,0.8763573883161512,6.2285223367697595
jiang_long_tight,6.364496630910889,500,10,11,0.8140721649484536,250,0.8763573883161512,6.2285223367697595
jiang_long_tight,7.9425132087992285,500,10,11,0.8140721649484536,250,0.8763573883161512,6.2285223367697595
jiang_long_tight,9.911784031052534,500,10,11,0.8140721649484536,250,0.8763573883161512,6.2285223367697595
jiang_long_tight,12.36931687685298,500,10,11,0.8140721649484536,250,0.8763573883161512,6.2285223367697595
jiang_long_tight,15.436171684196077,500,10,11,0.8140721649484536,250,0.8763573883161512,6.2285223367697595
jiang_long_tight,19.26342405455451,500,10,11,0.8140721649484536,250,0.8763573883161512,6.2285223367697595
jiang_long_tight,24.039607351964708,500,10,11,0.8140721649484536,250,0.8763573883161512,6.2285223367697595
jiang_long_tight,30.000000000000004,500,10,11,0.8140721649484536,250,0.8763573883161512,6.2285223367697595
jiang_massdep_baseline,5.1,425,4,11,0.9109793814432989,500,0.9311512027491409,2.017182130584194
jiang_massdep_baseline,6.364496630910889,425,4,11,0.9109793814432989,500,0.9311512027491409,2.017182130584194
jiang_massdep_baseline,7.9425132087992285,425,4,11,0.9109793814432989,500,0.9311512027491409,2.017182130584194
jiang_massdep_baseline,9.911784031052534,425,4,11,0.9109793814432989,500,0.9311512027491409,2.017182130584194
jiang_massdep_baseline,12.36931687685298,425,4,11,0.9109793814432989,500,0.9311512027491409,2.017182130584194
jiang_massdep_baseline,15.436171684196077,425,4,11,0.9109793814432989,500,0.9311512027491409,2.017182130584194
jiang_massdep_baseline,19.26342405455451,425,4,11,0.9109793814432989,500,0.9311512027491409,2.017182130584194
jiang_massdep_baseline,24.039607351964708,425,4,11,0.9109793814432989,500,0.9311512027491409,2.017182130584194
jiang_massdep_baseline,30.000000000000004,425,4,11,0.9109793814432989,500,0.9311512027491409,2.017182130584194
jiang_massdep_tight,5.1,425,11,11,0.8207560137457045,325,0.8710309278350515,5.027491408934703
jiang_massdep_tight,6.364496630910889,425,11,11,0.8207560137457045,325,0.8710309278350515,5.027491408934703
jiang_massdep_tight,7.9425132087992285,425,11,11,0.8207560137457045,325,0.8710309278350515,5.027491408934703
jiang_massdep_tight,9.911784031052534,425,11,11,0.8207560137457045,325,0.8710309278350515,5.027491408934703
jiang_massdep_tight,12.36931687685298,425,11,11,0.8207560137457045,325,0.8710309278350515,5.027491408934703
jiang_massdep_tight,15.436171684196077,425,11,11,0.8207560137457045,325,0.8710309278350515,5.027491408934703
jiang_massdep_tight,19.26342405455451,425,11,11,0.8207560137457045,325,0.8710309278350515,5.027491408934703
jiang_massdep_tight,24.039607351964708,425,11,11,0.8207560137457045,325,0.8710309278350515,5.027491408934703
jiang_massdep_tight,30.000000000000004,425,11,11,0.8207560137457045,325,0.8710309278350515,5.027491408934703
jiang_short_baseline,5.1,MX1,11,11,0.8975945017182131,325,0.9735567010309278,7.5962199312714755
jiang_short_baseline,6.364496630910889,MX1,11,11,0.8975945017182131,325,0.9735567010309278,7.5962199312714755
jiang_short_baseline,7.9425132087992285,MX1,11,11,0.8975945017182131,325,0.9735567010309278,7.5962199312714755
jiang_short_baseline,9.911784031052534,MX1,11,11,0.8975945017182131,325,0.9735567010309278,7.5962199312714755
jiang_short_baseline,12.36931687685298,MX1,11,11,0.8975945017182131,325,0.9735567010309278,7.5962199312714755
jiang_short_baseline,15.436171684196077,MX1,11,11,0.8975945017182131,325,0.9735567010309278,7.5962199312714755
jiang_short_baseline,19.26342405455451,MX1,11,11,0.8975945017182131,325,0.9735567010309278,7.5962199312714755
jiang_short_baseline,24.039607351964708,MX1,11,11,0.8975945017182131,325,0.9735567010309278,7.5962199312714755
jiang_short_baseline,30.000000000000004,MX1,11,11,0.8975945017182131,325,0.9735567010309278,7.5962199312714755
jiang_short_tight,5.1,MX2,9,11,0.9126116838487972,380,0.9655670103092784,5.295532646048118
jiang_short_tight,6.364496630910889,MX2,9,11,0.9126116838487972,380,0.9655670103092784,5.295532646048118
jiang_short_tight,7.9425132087992285,MX2,9,11,0.9126116838487972,380,0.9655670103092784,5.295532646048118
jiang_short_tight,9.911784031052534,MX2,9,11,0.9126116838487972,380,0.9655670103092784,5.295532646048118
jiang_short_tight,12.36931687685298,MX2,9,11,0.9126116838487972,380,0.9655670103092784,5.295532646048118
jiang_short_tight,15.436171684196077,MX2,9,11,0.9126116838487972,380,0.9655670103092784,5.295532646048118
jiang_short_tight,19.26342405455451,MX2,9,11,0.9126116838487972,380,0.9655670103092784,5.295532646048118
jiang_short_tight,24.039607351964708,MX2,9,11,0.9126116838487972,380,0.9655670103092784,5.295532646048118
jiang_short_tight,30.000000000000004,MX2,9,11,0.9126116838487972,380,0.9655670103092784,5.295532646048118
lightskew_long_baseline,5.1,500,6,11,0.799639175257732,425,0.8737113402061856,7.407216494845359
lightskew_long_baseline,6.364496630910889,500,6,11,0.799639175257732,425,0.8737113402061856,7.407216494845359
lightskew_long_baseline,7.9425132087992285,500,6,11,0.799639175257732,425,0.8737113402061856,7.407216494845359
lightskew_long_baseline,9.911784031052534,500,6,11,0.799639175257732,425,0.8737113402061856,7.407216494845359
lightskew_long_baseline,12.36931687685298,500,6,11,0.799639175257732,425,0.8737113402061856,7.407216494845359
lightskew_long_baseline,15.436171684196077,500,6,11,0.799639175257732,425,0.8737113402061856,7.407216494845359
lightskew_long_baseline,19.26342405455451,500,6,11,0.799639175257732,425,0.8737113402061856,7.407216494845359
lightskew_long_baseline,24.039607351964708,MX2,3,11,0.8117010309278351,425,0.8737113402061856,6.201030927835049
lightskew_long_baseline,30.000000000000004,MX2,3,11,0.8117010309278351,425,0.8737113402061856,6.201030927835049
lightskew_long_tight,5.1,500,10,11,0.8140721649484536,200,0.8796735395189004,6.560137457044679
lightskew_long_tight,6.364496630910889,500,10,11,0.8140721649484536,200,0.8796735395189004,6.560137457044679
lightskew_long_tight,7.9425132087992285,500,10,11,0.8140721649484536,200,0.8796735395189004,6.560137457044679
lightskew_long_tight,9.911784031052534,500,10,11,0.8140721649484536,200,0.8796735395189004,6.560137457044679
lightskew_long_tight,12.36931687685298,500,10,11,0.8140721649484536,200,0.8796735395189004,6.560137457044679
lightskew_long_tight,15.436171684196077,500,10,11,0.8140721649484536,200,0.8796735395189004,6.560137457044679
lightskew_long_tight,19.26342405455451,MX2,7,11,0.8339862542955326,200,0.8796735395189004,4.568728522336773
lightskew_long_tight,24.039607351964708,MX2,7,11,0.8339862542955326,200,0.8796735395189004,4.568728522336773
lightskew_long_tight,30.000000000000004,MX2,7,11,0.8339862542955326,200,0.8796735395189004,4.568728522336773
lightskew_massdep_baseline,5.1,MX2,8,11,0.8519931271477663,300,0.9253092783505155,7.331615120274915
lightskew_massdep_baseline,6.364496630910889,MX2,8,11,0.8519931271477663,300,0.9253092783505155,7.331615120274915
lightskew_massdep_baseline,7.9425132087992285,MX2,8,11,0.8519931271477663,300,0.9253092783505155,7.331615120274915
lightskew_massdep_baseline,9.911784031052534,MX2,8,11,0.8519931271477663,300,0.9253092783505155,7.331615120274915
lightskew_massdep_baseline,12.36931687685298,MX2,8,11,0.8519931271477663,300,0.9253092783505155,7.331615120274915
lightskew_massdep_baseline,15.436171684196077,MX2,8,11,0.8519931271477663,300,0.9253092783505155,7.331615120274915
lightskew_massdep_baseline,19.26342405455451,MX2,8,11,0.8519931271477663,300,0.9253092783505155,7.331615120274915
lightskew_massdep_baseline,24.039607351964708,MX2,8,11,0.8519931271477663,300,0.9253092783505155,7.331615120274915
lightskew_massdep_baseline,30.000000000000004,MX2,8,11,0.8519931271477663,300,0.9253092783505155,7.331615120274915
lightskew_massdep_tight,5.1,500,10,11,0.8182302405498282,270,0.8612027491408935,4.297250859106527
lightskew_massdep_tight,6.364496630910889,500,10,11,0.8182302405498282,270,0.8612027491408935,4.297250859106527
lightskew_massdep_tight,7.9425132087992285,500,10,11,0.8182302405498282,270,0.8612027491408935,4.297250859106527
lightskew_massdep_tight,9.911784031052534,500,10,11,0.8182302405498282,270,0.8612027491408935,4.297250859106527
lightskew_massdep_tight,12.36931687685298,500,10,11,0.8182302405498282,270,0.8612027491408935,4.297250859106527
lightskew_massdep_tight,15.436171684196077,500,10,11,0.8182302405498282,270,0.8612027491408935,4.297250859106527
lightskew_massdep_tight,19.26342405455451,500,10,11,0.8182302405498282,270,0.8612027491408935,4.297250859106527
lightskew_massdep_tight,24.039607351964708,500,10,11,0.8182302405498282,270,0.8612027491408935,4.297250859106527
lightskew_massdep_tight,30.000000000000004,MX2,8,11,0.8332646048109965,270,0.8612027491408935,2.793814432989694
lightskew_short_baseline,5.1,MX1,8,11,0.9095876288659794,500,0.9725601374570447,6.297250859106529
lightskew_short_baseline,6.364496630910889,MX1,8,11,0.9095876288659794,500,0.9725601374570447,6.297250859106529
lightskew_short_baseline,7.9425132087992285,MX1,8,11,0.9095876288659794,500,0.9725601374570447,6.297250859106529
lightskew_short_baseline,9.911784031052534,MX1,8,11,0.9095876288659794,500,0.9725601374570447,6.297250859106529
lightskew_short_baseline,12.36931687685298,MX1,8,11,0.9095876288659794,500,0.9725601374570447,6.297250859106529
lightskew_short_baseline,15.436171684196077,MX1,8,11,0.9095876288659794,500,0.9725601374570447,6.297250859106529
lightskew_short_baseline,19.26342405455451,MX1,8,11,0.9095876288659794,500,0.9725601374570447,6.297250859106529
lightskew_short_baseline,24.039607351964708,MX1,8,11,0.9095876288659794,500,0.9725601374570447,6.297250859106529
lightskew_short_baseline,30.000000000000004,MX1,8,11,0.9095876288659794,500,0.9725601374570447,6.297250859106529
lightskew_short_tight,5.1,MX1,10,11,0.88840206185567,300,0.9452577319587628,5.685567010309278
lightskew_short_tight,6.364496630910889,MX1,10,11,0.88840206185567,300,0.9452577319587628,5.685567010309278
lightskew_short_tight,7.9425132087992285,MX1,10,11,0.88840206185567,300,0.9452577319587628,5.685567010309278
lightskew_short_tight,9.911784031052534,MX1,10,11,0.88840206185567,300,0.9452577319587628,5.685567010309278
lightskew_short_tight,12.36931687685298,MX1,10,11,0.88840206185567,300,0.9452577319587628,5.685567010309278
lightskew_short_tight,15.436171684196077,MX1,10,11,0.88840206185567,300,0.9452577319587628,5.685567010309278
lightskew_short_tight,19.26342405455451,MX1,10,11,0.88840206185567,300,0.9452577319587628,5.685567010309278
lightskew_short_tight,24.039607351964708,MX1,10,11,0.88840206185567,300,0.9452577319587628,5.685567010309278
lightskew_short_tight,30.000000000000004,MX1,10,11,0.88840206185567,300,0.9452577319587628,5.685567010309278
liu_long_baseline,5.1,425,4,11,0.799639175257732,380,0.8176116838487972,1.797250859106525
liu_long_baseline,6.364496630910889,425,4,11,0.799639175257732,380,0.8176116838487972,1.797250859106525
liu_long_baseline,7.9425132087992285,425,4,11,0.799639175257732,380,0.8176116838487972,1.797250859106525
liu_long_baseline,9.911784031052534,425,4,11,0.799639175257732,380,0.8176116838487972,1.797250859106525
liu_long_baseline,12.36931687685298,425,4,11,0.799639175257732,380,0.8176116838487972,1.797250859106525
liu_long_baseline,15.436171684196077,425,4,11,0.799639175257732,380,0.8176116838487972,1.797250859106525
liu_long_baseline,19.26342405455451,425,4,11,0.799639175257732,380,0.8176116838487972,1.797250859106525
liu_long_baseline,24.039607351964708,425,4,11,0.799639175257732,380,0.8176116838487972,1.797250859106525
liu_long_baseline,30.000000000000004,425,4,11,0.799639175257732,380,0.8176116838487972,1.797250859106525
liu_long_tight,5.1,425,9,11,0.8140721649484536,250,0.8907560137457045,7.668384879725087
liu_long_tight,6.364496630910889,425,9,11,0.8140721649484536,250,0.8907560137457045,7.668384879725087
liu_long_tight,7.9425132087992285,425,9,11,0.8140721649484536,250,0.8907560137457045,7.668384879725087
liu_long_tight,9.911784031052534,425,9,11,0.8140721649484536,250,0.8907560137457045,7.668384879725087
liu_long_tight,12.36931687685298,425,9,11,0.8140721649484536,250,0.8907560137457045,7.668384879725087
liu_long_tight,15.436171684196077,425,9,11,0.8140721649484536,250,0.8907560137457045,7.668384879725087
liu_long_tight,19.26342405455451,425,9,11,0.8140721649484536,250,0.8907560137457045,7.668384879725087
liu_long_tight,24.039607351964708,425,9,11,0.8140721649484536,250,0.8907560137457045,7.668384879725087
liu_long_tight,30.000000000000004,425,9,11,0.8140721649484536,250,0.8907560137457045,7.668384879725087
liu_massdep_baseline,5.1,425,1,11,0.9079725085910653,425,0.9079725085910653,0.0
liu_massdep_baseline,6.364496630910889,425,1,11,0.9079725085910653,425,0.9079725085910653,0.0
liu_massdep_baseline,7.9425132087992285,425,1,11,0.9079725085910653,425,0.9079725085910653,0.0
liu_massdep_baseline,9.911784031052534,425,1,11,0.9079725085910653,425,0.9079725085910653,0.0
liu_massdep_baseline,12.36931687685298,425,1,11,0.9079725085910653,425,0.9079725085910653,0.0
liu_massdep_baseline,15.436171684196077,425,1,11,0.9079725085910653,425,0.9079725085910653,0.0
liu_massdep_baseline,19.26342405455451,425,1,11,0.9079725085910653,425,0.9079725085910653,0.0
liu_massdep_baseline,24.039607351964708,425,1,11,0.9079725085910653,425,0.9079725085910653,0.0
liu_massdep_baseline,30.000000000000004,425,1,11,0.9079725085910653,425,0.9079725085910653,0.0
liu_massdep_tight,5.1,425,9,11,0.7962886597938145,250,0.888487972508591,9.219931271477655
liu_massdep_tight,6.364496630910889,425,9,11,0.7962886597938145,250,0.888487972508591,9.219931271477655
liu_massdep_tight,7.9425132087992285,425,9,11,0.7962886597938145,250,0.888487972508591,9.219931271477655
liu_massdep_tight,9.911784031052534,425,9,11,0.7962886597938145,250,0.888487972508591,9.219931271477655
liu_massdep_tight,12.36931687685298,425,9,11,0.7962886597938145,250,0.888487972508591,9.219931271477655
liu_massdep_tight,15.436171684196077,425,9,11,0.7962886597938145,250,0.888487972508591,9.219931271477655
liu_massdep_tight,19.26342405455451,425,9,11,0.7962886597938145,250,0.888487972508591,9.219931271477655
liu_massdep_tight,24.039607351964708,425,9,11,0.7962886597938145,250,0.888487972508591,9.219931271477655
liu_massdep_tight,30.000000000000004,425,9,11,0.7962886597938145,250,0.888487972508591,9.219931271477655
liu_short_baseline,5.1,425,1,11,0.9725601374570447,425,0.9725601374570447,0.0
liu_short_baseline,6.364496630910889,425,1,11,0.9725601374570447,425,0.9725601374570447,0.0
liu_short_baseline,7.9425132087992285,425,1,11,0.9725601374570447,425,0.9725601374570447,0.0
liu_short_baseline,9.911784031052534,425,1,11,0.9725601374570447,425,0.9725601374570447,0.0
liu_short_baseline,12.36931687685298,425,1,11,0.9725601374570447,425,0.9725601374570447,0.0
liu_short_baseline,15.436171684196077,425,1,11,0.9725601374570447,425,0.9725601374570447,0.0
liu_short_baseline,19.26342405455451,425,1,11,0.9725601374570447,425,0.9725601374570447,0.0
liu_short_baseline,24.039607351964708,425,1,11,0.9725601374570447,425,0.9725601374570447,0.0
liu_short_baseline,30.000000000000004,425,1,11,0.9725601374570447,425,0.9725601374570447,0.0
liu_short_tight,5.1,425,1,11,0.9431958762886598,425,0.9431958762886598,0.0
liu_short_tight,6.364496630910889,425,1,11,0.9431958762886598,425,0.9431958762886598,0.0
liu_short_tight,7.9425132087992285,425,1,11,0.9431958762886598,425,0.9431958762886598,0.0
liu_short_tight,9.911784031052534,425,1,11,0.9431958762886598,425,0.9431958762886598,0.0
liu_short_tight,12.36931687685298,425,1,11,0.9431958762886598,425,0.9431958762886598,0.0
liu_short_tight,15.436171684196077,425,1,11,0.9431958762886598,425,0.9431958762886598,0.0
liu_short_tight,19.26342405455451,425,1,11,0.9431958762886598,425,0.9431958762886598,0.0
liu_short_tight,24.039607351964708,425,1,11,0.9431958762886598,425,0.9431958762886598,0.0
liu_short_tight,30.000000000000004,425,1,11,0.9431958762886598,425,0.9431958762886598,0.0
rohcha_long_baseline,5.1,550,1,11,0.799639175257732,550,0.799639175257732,0.0
rohcha_long_baseline,6.364496630910889,550,1,11,0.799639175257732,550,0.799639175257732,0.0
rohcha_long_baseline,7.9425132087992285,550,1,11,0.799639175257732,550,0.799639175257732,0.0
rohcha_long_baseline,9.911784031052534,550,1,11,0.799639175257732,550,0.799639175257732,0.0
rohcha_long_baseline,12.36931687685298,550,1,11,0.799639175257732,550,0.799639175257732,0.0
rohcha_long_baseline,15.436171684196077,550,1,11,0.799639175257732,550,0.799639175257732,0.0
rohcha_long_baseline,19.26342405455451,550,1,11,0.799639175257732,550,0.799639175257732,0.0
rohcha_long_baseline,24.039607351964708,550,1,11,0.799639175257732,550,0.799639175257732,0.0
rohcha_long_baseline,30.000000000000004,550,1,11,0.799639175257732,550,0.799639175257732,0.0
rohcha_long_tight,5.1,550,11,11,0.8140721649484536,200,0.8919931271477664,7.7920962199312775
rohcha_long_tight,6.364496630910889,550,11,11,0.8140721649484536,200,0.8919931271477664,7.7920962199312775
rohcha_long_tight,7.9425132087992285,550,11,11,0.8140721649484536,200,0.8919931271477664,7.7920962199312775
rohcha_long_tight,9.911784031052534,550,11,11,0.8140721649484536,200,0.8919931271477664,7.7920962199312775
rohcha_long_tight,12.36931687685298,550,11,11,0.8140721649484536,200,0.8919931271477664,7.7920962199312775
rohcha_long_tight,15.436171684196077,550,11,11,0.8140721649484536,200,0.8919931271477664,7.7920962199312775
rohcha_long_tight,19.26342405455451,550,11,11,0.8140721649484536,200,0.8919931271477664,7.7920962199312775
rohcha_long_tight,24.039607351964708,550,11,11,0.8140721649484536,200,0.8919931271477664,7.7920962199312775
rohcha_long_tight,30.000000000000004,550,11,11,0.8140721649484536,200,0.8919931271477664,7.7920962199312775
rohcha_massdep_baseline,5.1,550,1,11,0.8743642611683848,550,0.8743642611683848,0.0
rohcha_massdep_baseline,6.364496630910889,550,1,11,0.8743642611683848,550,0.8743642611683848,0.0
rohcha_massdep_baseline,7.9425132087992285,550,1,11,0.8743642611683848,550,0.8743642611683848,0.0
rohcha_massdep_baseline,9.911784031052534,550,1,11,0.8743642611683848,550,0.8743642611683848,0.0
rohcha_massdep_baseline,12.36931687685298,550,1,11,0.8743642611683848,550,0.8743642611683848,0.0
rohcha_massdep_baseline,15.436171684196077,550,1,11,0.8743642611683848,550,0.8743642611683848,0.0
rohcha_massdep_baseline,19.26342405455451,550,1,11,0.8743642611683848,550,0.8743642611683848,0.0
rohcha_massdep_baseline,24.039607351964708,550,1,11,0.8743642611683848,550,0.8743642611683848,0.0
rohcha_massdep_baseline,30.000000000000004,550,1,11,0.8743642611683848,550,0.8743642611683848,0.0
rohcha_massdep_tight,5.1,550,10,11,0.8531099656357388,270,0.8766666666666667,2.3556701030927885
rohcha_massdep_tight,6.364496630910889,550,10,11,0.8531099656357388,270,0.8766666666666667,2.3556701030927885
rohcha_massdep_tight,7.9425132087992285,550,10,11,0.8531099656357388,270,0.8766666666666667,2.3556701030927885
rohcha_massdep_tight,9.911784031052534,550,10,11,0.8531099656357388,270,0.8766666666666667,2.3556701030927885
rohcha_massdep_tight,12.36931687685298,550,10,11,0.8531099656357388,270,0.8766666666666667,2.3556701030927885
rohcha_massdep_tight,15.436171684196077,550,10,11,0.8531099656357388,270,0.8766666666666667,2.3556701030927885
rohcha_massdep_tight,19.26342405455451,550,10,11,0.8531099656357388,270,0.8766666666666667,2.3556701030927885
rohcha_massdep_tight,24.039607351964708,550,10,11,0.8531099656357388,270,0.8766666666666667,2.3556701030927885
rohcha_massdep_tight,30.000000000000004,550,10,11,0.8531099656357388,270,0.8766666666666667,2.3556701030927885
rohcha_short_baseline,5.1,550,1,11,0.9725601374570447,550,0.9725601374570447,0.0
rohcha_short_baseline,6.364496630910889,550,1,11,0.9725601374570447,550,0.9725601374570447,0.0
rohcha_short_baseline,7.9425132087992285,550,1,11,0.9725601374570447,550,0.9725601374570447,0.0
rohcha_short_baseline,9.911784031052534,550,1,11,0.9725601374570447,550,0.9725601374570447,0.0
rohcha_short_baseline,12.36931687685298,550,1,11,0.9725601374570447,550,0.9725601374570447,0.0
rohcha_short_baseline,15.436171684196077,550,1,11,0.9725601374570447,550,0.9725601374570447,0.0
rohcha_short_baseline,19.26342405455451,550,1,11,0.9725601374570447,550,0.9725601374570447,0.0
rohcha_short_baseline,24.039607351964708,550,1,11,0.9725601374570447,550,0.9725601374570447,0.0
rohcha_short_baseline,30.000000000000004,550,1,11,0.9725601374570447,550,0.9725601374570447,0.0
rohcha_short_tight,5.1,550,1,11,0.9431958762886598,550,0.9431958762886598,0.0
rohcha_short_tight,6.364496630910889,550,1,11,0.9431958762886598,550,0.9431958762886598,0.0
rohcha_short_tight,7.9425132087992285,550,1,11,0.9431958762886598,550,0.9431958762886598,0.0
rohcha_short_tight,9.911784031052534,550,1,11,0.9431958762886598,550,0.9431958762886598,0.0
rohcha_short_tight,12.36931687685298,550,1,11,0.9431958762886598,550,0.9431958762886598,0.0
rohcha_short_tight,15.436171684196077,550,1,11,0.9431958762886598,550,0.9431958762886598,0.0
rohcha_short_tight,19.26342405455451,550,1,11,0.9431958762886598,550,0.9431958762886598,0.0
rohcha_short_tight,24.039607351964708,550,1,11,0.9431958762886598,550,0.9431958762886598,0.0
rohcha_short_tight,30.000000000000004,550,1,11,0.9431958762886598,550,0.9431958762886598,0.0
uniform_long_baseline,5.1,500,3,11,0.799639175257732,MX1,0.8154123711340207,1.577319587628867
uniform_long_baseline,6.364496630910889,500,3,11,0.799639175257732,MX1,0.8154123711340207,1.577319587628867
uniform_long_baseline,7.9425132087992285,500,3,11,0.799639175257732,MX1,0.8154123711340207,1.577319587628867
uniform_long_baseline,9.911784031052534,500,3,11,0.799639175257732,MX1,0.8154123711340207,1.577319587628867
uniform_long_baseline,12.36931687685298,500,3,11,0.799639175257732,MX1,0.8154123711340207,1.577319587628867
uniform_long_baseline,15.436171684196077,500,3,11,0.799639175257732,MX1,0.8154123711340207,1.577319587628867
uniform_long_baseline,19.26342405455451,500,3,11,0.799639175257732,MX1,0.8154123711340207,1.577319587628867
uniform_long_baseline,24.039607351964708,500,3,11,0.799639175257732,MX1,0.8154123711340207,1.577319587628867
uniform_long_baseline,30.000000000000004,500,3,11,0.799639175257732,MX1,0.8154123711340207,1.577319587628867
uniform_long_tight,5.1,500,10,11,0.8140721649484536,270,0.8899484536082474,7.587628865979379
uniform_long_tight,6.364496630910889,500,10,11,0.8140721649484536,270,0.8899484536082474,7.587628865979379
uniform_long_tight,7.9425132087992285,500,10,11,0.8140721649484536,270,0.8899484536082474,7.587628865979379
uniform_long_tight,9.911784031052534,500,10,11,0.8140721649484536,270,0.8899484536082474,7.587628865979379
uniform_long_tight,12.36931687685298,500,10,11,0.8140721649484536,270,0.8899484536082474,7.587628865979379
uniform_long_tight,15.436171684196077,500,10,11,0.8140721649484536,270,0.8899484536082474,7.587628865979379
uniform_long_tight,19.26342405455451,500,10,11,0.8140721649484536,270,0.8899484536082474,7.587628865979379
uniform_long_tight,24.039607351964708,500,10,11,0.8140721649484536,270,0.8899484536082474,7.587628865979379
uniform_long_tight,30.000000000000004,500,10,11,0.8140721649484536,270,0.8899484536082474,7.587628865979379
uniform_massdep_baseline,5.1,500,1,11,0.8951374570446735,500,0.8951374570446735,0.0
uniform_massdep_baseline,6.364496630910889,500,1,11,0.8951374570446735,500,0.8951374570446735,0.0
uniform_massdep_baseline,7.9425132087992285,500,1,11,0.8951374570446735,500,0.8951374570446735,0.0
uniform_massdep_baseline,9.911784031052534,500,1,11,0.8951374570446735,500,0.8951374570446735,0.0
uniform_massdep_baseline,12.36931687685298,500,1,11,0.8951374570446735,500,0.8951374570446735,0.0
uniform_massdep_baseline,15.436171684196077,500,1,11,0.8951374570446735,500,0.8951374570446735,0.0
uniform_massdep_baseline,19.26342405455451,500,1,11,0.8951374570446735,500,0.8951374570446735,0.0
uniform_massdep_baseline,24.039607351964708,500,1,11,0.8951374570446735,500,0.8951374570446735,0.0
uniform_massdep_baseline,30.000000000000004,500,1,11,0.8951374570446735,500,0.8951374570446735,0.0
uniform_massdep_tight,5.1,500,10,11,0.794020618556701,200,0.8742783505154639,8.025773195876285
uniform_massdep_tight,6.364496630910889,500,10,11,0.794020618556701,200,0.8742783505154639,8.025773195876285
uniform_massdep_tight,7.9425132087992285,500,10,11,0.794020618556701,200,0.8742783505154639,8.025773195876285
uniform_massdep_tight,9.911784031052534,500,10,11,0.794020618556701,200,0.8742783505154639,8.025773195876285
uniform_massdep_tight,12.36931687685298,500,10,11,0.794020618556701,200,0.8742783505154639,8.025773195876285
uniform_massdep_tight,15.436171684196077,500,10,11,0.794020618556701,200,0.8742783505154639,8.025773195876285
uniform_massdep_tight,19.26342405455451,500,10,11,0.794020618556701,200,0.8742783505154639,8.025773195876285
uniform_massdep_tight,24.039607351964708,500,10,11,0.794020618556701,200,0.8742783505154639,8.025773195876285
uniform_massdep_tight,30.000000000000004,500,10,11,0.794020618556701,200,0.8742783505154639,8.025773195876285
uniform_short_baseline,5.1,500,1,11,0.9725601374570447,500,0.9725601374570447,0.0
uniform_short_baseline,6.364496630910889,500,1,11,0.9725601374570447,500,0.9725601374570447,0.0
uniform_short_baseline,7.9425132087992285,500,1,11,0.9725601374570447,500,0.9725601374570447,0.0
uniform_short_baseline,9.911784031052534,500,1,11,0.9725601374570447,500,0.9725601374570447,0.0
uniform_short_baseline,12.36931687685298,500,1,11,0.9725601374570447,500,0.9725601374570447,0.0
uniform_short_baseline,15.436171684196077,500,1,11,0.9725601374570447,500,0.9725601374570447,0.0
uniform_short_baseline,19.26342405455451,500,1,11,0.9725601374570447,500,0.9725601374570447,0.0
uniform_short_baseline,24.039607351964708,500,1,11,0.9725601374570447,500,0.9725601374570447,0.0
uniform_short_baseline,30.000000000000004,500,1,11,0.9725601374570447,500,0.9725601374570447,0.0
uniform_short_tight,5.1,500,3,11,0.9431958762886598,380,0.9613917525773196,1.8195876288659818
uniform_short_tight,6.364496630910889,500,3,11,0.9431958762886598,380,0.9613917525773196,1.8195876288659818
uniform_short_tight,7.9425132087992285,500,3,11,0.9431958762886598,380,0.9613917525773196,1.8195876288659818
uniform_short_tight,9.911784031052534,500,3,11,0.9431958762886598,380,0.9613917525773196,1.8195876288659818
uniform_short_tight,12.36931687685298,500,3,11,0.9431958762886598,380,0.9613917525773196,1.8195876288659818
uniform_short_tight,15.436171684196077,500,3,11,0.9431958762886598,380,0.9613917525773196,1.8195876288659818
uniform_short_tight,19.26342405455451,500,3,11,0.9431958762886598,380,0.9613917525773196,1.8195876288659818
uniform_short_tight,24.039607351964708,500,3,11,0.9431958762886598,380,0.9613917525773196,1.8195876288659818
uniform_short_tight,30.000000000000004,500,3,11,0.9431958762886598,380,0.9613917525773196,1.8195876288659818
