series,cell,family,K_start,tested,K_final,K_single,K_cp0,K_cp100,K_cp300,boundary_checked,on_time,crew_veh_h,crew_team_h,after_h,after_days,coop_share,shift_h,runs,time_limit_hits,wall_h
heavy0.00_short_baseline_T270,heavy0.00_short_baseline,270,6,"[5, 6]",6,6,6,6,6,True,0.9993127147766323,346.36648148148146,299.99214814814803,2.2718981481481477,30,0.1463917525773196,384,120,0,1.7743657619166484
heavy0.00_short_baseline_T300,heavy0.00_short_baseline,300,5,"[4, 5]",5,5,5,5,5,True,1.0,277.8076296296297,277.8076296296297,1.5125185185185186,30,0.0,320,120,0,1.048556390944456
heavy0.00_short_baseline_T425,heavy0.00_short_baseline,425,5,"[4, 5]",5,5,5,5,5,True,1.0,277.8076296296297,277.8076296296297,1.5125185185185186,30,0.0,320,120,0,1.0788653249722302
heavy0.00_short_baseline_T550,heavy0.00_short_baseline,550,5,"[4, 5]",5,5,5,5,5,True,1.0,277.8076296296297,277.8076296296297,1.5125185185185186,30,0.0,320,120,0,1.034657088916669
heavy0.00_short_baseline_MX1,heavy0.00_short_baseline,MX1,5,"[4, 5]",5,5,5,5,5,True,0.9810996563573883,283.4151851851852,282.0251481481481,2.4198611111111115,30,0.004123711340206186,320,120,0,1.2198535807222106
heavy0.00_short_baseline_MX2,heavy0.00_short_baseline,MX2,5,"[4, 5]",5,5,5,5,5,True,1.0,278.4036296296297,278.4036296296297,1.6767962962962961,30,0.0,320,120,0,1.0971937362222404
heavy0.00_massdep_baseline_T270,heavy0.00_massdep_baseline,270,8,"[7, 8, 9]",8,8,9,8,8,True,0.9529209621993127,514.8207407407406,441.2011481481482,7.181787037037036,30,0.1463917525773196,512,150,0,2.0191083963055547
heavy0.00_massdep_baseline_T300,heavy0.00_massdep_baseline,300,7,"[6, 7]",7,7,7,7,7,True,1.0,409.2765555555556,409.2765555555556,2.726722222222222,30,0.0,448,120,0,0.9698851716944369
heavy0.00_massdep_baseline_T425,heavy0.00_massdep_baseline,425,7,"[6, 7]",7,7,7,7,7,True,1.0,409.2765555555556,409.2765555555556,2.726722222222222,30,0.0,448,120,0,0.9924807796666695
heavy0.00_massdep_baseline_T550,heavy0.00_massdep_baseline,550,7,"[6, 7]",7,7,7,7,7,True,1.0,409.2765555555556,409.2765555555556,2.726722222222222,30,0.0,448,120,0,0.9748371670277841
heavy0.00_massdep_baseline_MX1,heavy0.00_massdep_baseline,MX1,7,"[6, 7, 8]",7,7,8,7,7,True,0.9501718213058419,441.3394074074074,424.8411481481481,5.830166666666667,30,0.03402061855670103,448,150,0,1.653719075083318
heavy0.00_massdep_baseline_MX2,heavy0.00_massdep_baseline,MX2,7,"[6, 7]",7,7,7,7,7,True,0.9769759450171821,412.8638518518519,412.4943703703704,3.7773888888888867,30,0.0006872852233676976,448,120,0,1.1593404802777705
heavy0.02_short_baseline_T270,heavy0.02_short_baseline,270,6,"[5, 6]",6,6,6,6,6,True,0.9986254295532646,352.8984444444444,302.2019629629629,2.3631759259259253,30,0.15979381443298968,384,120,0,1.790014202583343
heavy0.02_short_baseline_T300,heavy0.02_short_baseline,300,5,"[4, 5]",5,5,5,5,5,True,1.0,285.21088888888886,280.5107777777778,1.5212962962962964,30,0.014776632302405498,320,120,0,1.0126425702500093
heavy0.02_short_baseline_T425,heavy0.02_short_baseline,425,5,"[4, 5]",5,5,5,5,5,True,1.0,282.7417777777777,279.7164074074074,1.5666851851851853,30,0.009278350515463918,320,120,0,0.9987573844444483
heavy0.02_short_baseline_T550,heavy0.02_short_baseline,550,5,"[4, 5]",5,5,5,5,5,True,1.0,277.8076296296297,277.8076296296297,1.5125185185185186,30,0.0,320,120,0,1.0258557120000114
heavy0.02_short_baseline_MX1,heavy0.02_short_baseline,MX1,5,"[4, 5]",5,5,5,5,5,True,0.9697594501718213,285.13411111111117,283.3111111111112,2.8016018518518515,30,0.005498281786941581,320,120,0,1.186380479833325
heavy0.02_short_baseline_MX2,heavy0.02_short_baseline,MX2,5,"[4, 5]",5,5,5,5,5,True,1.0,278.80874074074075,278.80874074074075,1.6820185185185186,30,0.0,320,120,0,1.0955554112777766
heavy0.02_massdep_baseline_T270,heavy0.02_massdep_baseline,270,9,"[8, 9]",9,9,9,9,9,True,0.9735395189003436,517.6564814814814,435.69214814814796,4.1246018518518515,30,0.15979381443298968,576,120,0,1.8089843889999975
heavy0.02_massdep_baseline_T300,heavy0.02_massdep_baseline,300,7,"[6, 7]",7,7,7,7,7,True,0.9989690721649485,425.52222222222224,416.50077777777784,3.100314814814814,30,0.014776632302405498,448,120,0,1.1205212594444431
heavy0.02_massdep_baseline_T425,heavy0.02_massdep_baseline,425,7,"[6, 7]",7,7,7,7,7,True,0.9996563573883162,421.2182592592592,415.2856296296296,2.9559074074074068,30,0.009278350515463918,448,120,0,1.0340930214722235
heavy0.02_massdep_baseline_T550,heavy0.02_massdep_baseline,550,7,"[6, 7]",7,7,7,7,7,True,1.0,412.27244444444443,412.27244444444443,2.785611111111111,30,0.0,448,120,0,0.9662209900833235
heavy0.02_massdep_baseline_MX1,heavy0.02_massdep_baseline,MX1,7,"[6, 7, 8]",7,7,8,8,8,True,0.9501718213058419,453.56700000000006,430.30096296296296,6.221842592592592,30,0.0443298969072165,448,150,0,1.733432968638879
heavy0.02_massdep_baseline_MX2,heavy0.02_massdep_baseline,MX2,7,"[6, 7]",7,7,7,7,7,True,0.9642611683848797,417.59255555555563,416.65040740740744,4.117953703703703,30,0.001718213058419244,448,120,0,1.156384320777779
heavy0.05_short_baseline_T270,heavy0.05_short_baseline,270,6,"[5, 6]",6,6,6,6,6,True,0.9927835051546392,368.4283333333334,309.5604814814815,2.9848148148148144,30,0.1852233676975945,384,120,0,2.0025780531111055
heavy0.05_short_baseline_T300,heavy0.05_short_baseline,300,5,"[4, 5]",5,5,5,5,5,True,0.9982817869415808,300.67251851851853,286.70681481481483,2.160537037037037,30,0.04398625429553265,320,120,0,1.1984576188333145
heavy0.05_short_baseline_T425,heavy0.05_short_baseline,425,5,"[4, 5]",5,5,5,5,5,True,0.9989690721649485,293.50807407407405,284.00525925925933,1.914166666666666,30,0.029896907216494847,320,120,0,1.1182524594999954
heavy0.05_short_baseline_T550,heavy0.05_short_baseline,550,5,"[4, 5]",5,5,5,5,5,True,1.0,277.8076296296297,277.8076296296297,1.5125185185185186,30,0.0,320,120,0,1.0352736524722261
heavy0.05_short_baseline_MX1,heavy0.05_short_baseline,MX1,5,"[4, 5]",5,5,5,5,5,True,0.9505154639175257,289.9885555555556,286.28,3.497092592592593,30,0.01168384879725086,320,120,0,1.2674399415277893
heavy0.05_short_baseline_MX2,heavy0.05_short_baseline,MX2,5,"[4, 5]",5,5,5,5,5,True,1.0,278.8261851851851,278.8261851851851,1.693611111111111,30,0.0,320,120,0,1.0203155431388868
heavy0.05_massdep_baseline_T270,heavy0.05_massdep_baseline,270,9,"[8, 9]",9,9,9,9,9,True,0.9584192439862543,546.1071111111111,448.1517407407408,5.84100925925926,30,0.1852233676975945,576,120,0,1.8735083926944516
heavy0.05_massdep_baseline_T300,heavy0.05_massdep_baseline,300,8,"[6, 7, 8]",7,8,8,8,8,True,0.9505154639175257,456.65611111111116,429.8344814814815,6.100138888888889,30,0.04398625429553265,448,210,0,2.064813839805553
heavy0.05_massdep_baseline_T425,heavy0.05_massdep_baseline,425,7,"[6, 7, 8]",7,7,8,7,7,True,0.9632302405498282,446.62592592592614,427.7951111111112,4.672657407407407,30,0.029896907216494847,448,150,0,1.5654139319166633
heavy0.05_massdep_baseline_T550,heavy0.05_massdep_baseline,550,7,"[6, 7]",7,7,7,7,7,True,1.0,417.0893703703705,417.0893703703705,2.7395462962962966,30,0.0,448,120,0,0.9530863671944543
heavy0.05_massdep_baseline_MX1,heavy0.05_massdep_baseline,MX1,8,"[7, 8]",8,8,8,8,8,True,0.9512027491408934,469.10803703703704,435.1561851851851,5.979796296296296,30,0.06460481099656358,512,120,0,1.5695579964999917
heavy0.05_massdep_baseline_MX2,heavy0.05_massdep_baseline,MX2,7,"[6, 7]",7,7,7,7,7,True,0.9505154639175257,428.1974074074076,424.17422222222217,4.799481481481482,30,0.007216494845360825,448,120,0,1.08209026930556
heavy0.10_short_baseline_T270,heavy0.10_short_baseline,270,7,"[6, 7]",7,7,7,7,7,True,0.9996563573883162,380.69159259259254,307.63314814814805,2.264935185185185,30,0.22989690721649483,448,120,0,2.431116211000019
heavy0.10_short_baseline_T300,heavy0.10_short_baseline,300,6,"[5, 6]",6,6,6,6,6,True,1.0,319.85585185185187,289.6428888888889,1.6040740740740735,30,0.09484536082474226,384,120,0,1.5196178015000028
heavy0.10_short_baseline_T425,heavy0.10_short_baseline,425,5,"[4, 5]",5,5,5,5,5,True,0.9766323024054983,314.1886666666667,293.39714814814823,3.0980833333333337,30,0.06494845360824743,320,120,0,1.2294531129721993
heavy0.10_short_baseline_T550,heavy0.10_short_baseline,550,5,"[4, 5]",5,5,5,5,5,True,1.0,277.8076296296297,277.8076296296297,1.5125185185185186,30,0.0,320,120,0,0.961921858250001
heavy0.10_short_baseline_MX1,heavy0.10_short_baseline,MX1,5,"[4, 5]",5,5,5,5,5,True,0.9501718213058419,302.2384814814815,291.91492592592596,4.039083333333333,30,0.030927835051546393,320,120,0,1.2951174362499962
heavy0.10_short_baseline_MX2,heavy0.10_short_baseline,MX2,5,"[4, 5]",5,5,5,5,5,True,1.0,280.0126296296296,279.87777777777774,1.6160277777777774,30,0.0003436426116838488,320,120,0,1.0522005788888924
heavy0.10_massdep_baseline_T270,heavy0.10_massdep_baseline,270,10,"[9, 10]",10,10,10,10,10,True,0.9594501718213059,587.3306296296297,461.22585185185187,6.456305555555555,30,0.22989690721649483,640,120,0,2.077267194388885
heavy0.10_massdep_baseline_T300,heavy0.10_massdep_baseline,300,9,"[7, 8, 9]",8,8,9,8,8,True,0.9580756013745705,505.27129629629616,447.1181481481482,6.325175925925927,30,0.09484536082474226,512,150,0,1.8613270995000009
heavy0.10_massdep_baseline_T425,heavy0.10_massdep_baseline,425,8,"[7, 8]",8,8,8,8,8,True,0.9563573883161512,479.8624444444444,438.6990740740742,4.958935185185186,30,0.06494845360824743,512,120,0,1.2411970037222262
heavy0.10_massdep_baseline_T550,heavy0.10_massdep_baseline,550,7,"[6, 7]",7,7,7,7,7,True,0.9996563573883162,428.14651851851846,428.14651851851846,2.9407870370370364,30,0.0,448,120,0,0.9165367398333345
heavy0.10_massdep_baseline_MX1,heavy0.10_massdep_baseline,MX1,9,"[7, 8, 9]",8,9,9,9,9,True,0.9501718213058419,514.4044074074075,453.508074074074,7.3091388888888895,30,0.10927835051546392,512,210,0,2.6403458352777722
heavy0.10_massdep_baseline_MX2,heavy0.10_massdep_baseline,MX2,8,"[6, 7, 8]",7,7,8,8,8,True,0.9536082474226805,454.6748518518518,441.56107407407393,5.68134259259259,30,0.024054982817869417,448,150,0,1.5615382004722318
heavy0.20_short_baseline_T270,heavy0.20_short_baseline,270,7,"[6, 7]",7,7,7,7,7,True,0.9714776632302405,425.26359259259266,325.74362962962954,4.682092592592593,30,0.31443298969072164,448,120,0,2.6567225369444523
heavy0.20_short_baseline_T300,heavy0.20_short_baseline,300,6,"[5, 6]",6,6,6,6,6,True,0.9742268041237113,372.61118518518526,311.2340740740741,4.269407407407406,30,0.19381443298969073,384,120,0,1.9193799627777792
heavy0.20_short_baseline_T425,heavy0.20_short_baseline,425,6,"[5, 6]",6,6,6,6,6,True,0.9965635738831615,334.91292592592606,295.6565555555556,1.9457314814814815,30,0.12371134020618557,384,120,0,1.6020881281944326
heavy0.20_short_baseline_T550,heavy0.20_short_baseline,550,5,"[4, 5]",5,5,5,5,5,True,1.0,277.8076296296297,277.8076296296297,1.5125185185185186,30,0.0,320,120,0,0.9868600048055547
heavy0.20_short_baseline_MX1,heavy0.20_short_baseline,MX1,6,"[5, 6]",6,6,6,6,6,True,0.9536082474226805,325.8459259259259,297.5888888888889,4.0198333333333345,30,0.0852233676975945,384,120,0,1.69588543166669
heavy0.20_short_baseline_MX2,heavy0.20_short_baseline,MX2,5,"[4, 5]",5,5,5,5,5,True,0.9608247422680413,282.94477777777774,282.4085925925926,3.0432407407407407,30,0.0013745704467353953,320,120,0,1.0760079519444339
heavy0.20_massdep_baseline_T270,heavy0.20_massdep_baseline,270,12,"[10, 11, 12]",11,11,11,11,11,True,0.9501718213058419,667.1095925925927,488.80348148148147,8.229444444444445,30,0.31443298969072164,704,150,0,2.6629319390555675
heavy0.20_massdep_baseline_T300,heavy0.20_massdep_baseline,300,10,"[9, 10]",10,10,10,10,10,True,0.9690721649484536,588.444185185185,470.73459259259266,5.884972222222222,30,0.19381443298969073,640,120,0,1.893661114388877
heavy0.20_massdep_baseline_T425,heavy0.20_massdep_baseline,425,9,"[8, 9, 10]",10,10,10,10,10,True,0.98659793814433,534.3885185185185,456.46103703703704,3.418398148148149,30,0.12371134020618557,640,150,0,1.8848384230555302
heavy0.20_massdep_baseline_T550,heavy0.20_massdep_baseline,550,7,"[6, 7]",7,7,7,7,7,True,0.9893470790378007,446.09574074074067,446.09574074074067,4.151472222222223,30,0.0,448,120,0,0.890429599472226
heavy0.20_massdep_baseline_MX1,heavy0.20_massdep_baseline,MX1,10,"[9, 10]",10,10,10,10,10,True,0.9518900343642611,585.9383333333334,476.4827777777778,7.102175925925925,30,0.19072164948453607,640,120,0,1.9302932644444446
heavy0.20_massdep_baseline_MX2,heavy0.20_massdep_baseline,MX2,9,"[8, 9]",9,9,9,9,9,True,0.9501718213058419,513.3476296296296,463.1393703703703,6.258777777777778,30,0.08762886597938144,576,120,0,1.6409079992499978
heavy0.35_short_baseline_T270,heavy0.35_short_baseline,270,8,"[7, 8]",8,8,8,8,8,True,0.98659793814433,475.363111111111,337.3678888888889,3.9025740740740744,29,0.4343642611683849,512,120,0,3.2289624831666663
heavy0.35_short_baseline_T300,heavy0.35_short_baseline,300,7,"[6, 7]",7,7,7,7,7,True,0.979381443298969,437.4105555555555,330.3094074074075,4.941740740740742,30,0.336426116838488,448,120,0,2.7746858009722293
heavy0.35_short_baseline_T425,heavy0.35_short_baseline,425,6,"[5, 6, 7]",7,7,7,7,7,True,0.9989690721649485,372.70140740740743,304.47792592592594,1.6749629629629632,30,0.21443298969072164,448,150,0,2.8355804557778073
heavy0.35_short_baseline_T550,heavy0.35_short_baseline,550,5,"[4, 5]",5,5,5,5,5,True,1.0,277.8076296296297,277.8076296296297,1.5125185185185186,30,0.0,320,120,0,1.0166581695833197
heavy0.35_short_baseline_MX1,heavy0.35_short_baseline,MX1,6,"[5, 6, 7]",6,6,7,7,6,True,0.9597938144329897,381.45596296296304,317.9646296296296,5.288777777777777,30,0.19484536082474227,384,150,0,2.487045916472212
heavy0.35_short_baseline_MX2,heavy0.35_short_baseline,MX2,5,"[4, 5, 6]",5,5,6,5,5,True,0.9501718213058419,295.56329629629624,290.71374074074066,3.9950462962962963,30,0.01443298969072165,320,150,0,1.429060108222212
heavy0.35_massdep_baseline_T270,heavy0.35_massdep_baseline,270,13,"[12, 13]",13,13,13,13,13,True,0.952233676975945,778.0759259259258,524.1301111111112,8.507231481481481,30,0.4343642611683849,832,120,0,2.7509712836111064
heavy0.35_massdep_baseline_T300,heavy0.35_massdep_baseline,300,12,"[11, 12]",12,12,12,12,12,True,0.9505154639175257,716.8537037037037,511.9546666666667,7.842425925925925,30,0.336426116838488,768,120,0,2.4245827368888735
heavy0.35_massdep_baseline_T425,heavy0.35_massdep_baseline,425,11,"[10, 11]",11,11,11,11,11,True,0.9608247422680413,629.7468518518519,494.5765555555556,5.495499999999998,30,0.21443298969072164,704,120,0,1.8122125668888913
heavy0.35_massdep_baseline_T550,heavy0.35_massdep_baseline,550,8,"[7, 8]",8,8,8,8,8,True,1.0,464.51937037037044,464.51937037037044,2.978740740740741,30,0.0,512,120,0,1.104610477749998
heavy0.35_massdep_baseline_MX1,heavy0.35_massdep_baseline,MX1,12,"[11, 12]",12,12,12,12,12,True,0.9501718213058419,698.5435925925926,514.4258888888888,7.433537037037036,30,0.3127147766323024,768,120,0,2.2116142387499966
heavy0.35_massdep_baseline_MX2,heavy0.35_massdep_baseline,MX2,11,"[9, 10, 11]",10,11,11,11,11,True,0.9501718213058419,622.248962962963,505.5544444444446,7.023259259259261,30,0.1958762886597938,640,210,0,2.9585536972500113
heavy0.50_short_baseline_T270,heavy0.50_short_baseline,270,9,"[8, 9]",9,9,9,9,9,True,0.9594501718213059,532.8292592592592,350.95892592592594,5.624777777777778,30,0.5707903780068728,576,120,0,3.8877590156111235
heavy0.50_short_baseline_T300,heavy0.50_short_baseline,300,8,"[7, 8]",8,8,8,8,8,True,0.9542955326460482,505.18603703703707,348.7057037037037,6.3040370370370375,30,0.49072164948453606,512,120,0,3.459413937694436
heavy0.50_short_baseline_T425,heavy0.50_short_baseline,425,7,"[6, 7]",7,7,7,7,7,True,0.9855670103092784,421.6764444444444,324.4402592592593,3.5518888888888887,30,0.3048109965635739,448,120,0,2.6620219342222056
heavy0.50_short_baseline_T550,heavy0.50_short_baseline,550,5,"[4, 5]",5,5,5,5,5,True,1.0,277.8076296296297,277.8076296296297,1.5125185185185186,30,0.0,320,120,0,0.995773552749983
heavy0.50_short_baseline_MX1,heavy0.50_short_baseline,MX1,7,"[6, 7, 8]",7,7,8,7,7,True,0.9515463917525773,441.8702592592592,335.4552592592592,6.28612037037037,30,0.32577319587628867,448,150,0,3.4246958580000157
heavy0.50_short_baseline_MX2,heavy0.50_short_baseline,MX2,6,"[5, 6]",6,6,6,6,6,True,0.9501718213058419,336.2884074074073,302.8768148148148,4.457962962962963,30,0.0979381443298969,384,120,0,1.5192907772500135
heavy0.50_massdep_baseline_T270,heavy0.50_massdep_baseline,270,15,"[14, 15]",15,15,15,15,15,True,0.9508591065292096,903.6368888888888,564.9878888888888,9.51226851851852,30,0.5707903780068728,960,120,0,2.9892186651944503
heavy0.50_massdep_baseline_T300,heavy0.50_massdep_baseline,300,15,"[13, 14, 15]",14,14,14,14,14,True,0.9501718213058419,856.9973703703704,558.5884814814815,8.873361111111112,30,0.49072164948453606,896,150,0,3.133224208944447
heavy0.50_massdep_baseline_T425,heavy0.50_massdep_baseline,425,12,"[11, 12]",12,12,12,12,12,True,0.9508591065292096,727.0938518518519,534.8149999999999,7.267157407407408,30,0.3048109965635739,768,120,0,2.1445403063611095
heavy0.50_massdep_baseline_T550,heavy0.50_massdep_baseline,550,8,"[7, 8]",8,8,8,8,8,True,0.9690721649484536,492.74922222222216,492.74922222222216,4.846000000000002,30,0.0,512,120,0,0.9600088509722273
heavy0.50_massdep_baseline_MX1,heavy0.50_massdep_baseline,MX1,14,"[13, 14]",14,14,14,14,14,True,0.9532646048109966,822.6264814814815,553.4093333333333,8.329518518518517,30,0.4498281786941581,896,120,0,2.96787408986112
heavy0.50_massdep_baseline_MX2,heavy0.50_massdep_baseline,MX2,13,"[11, 12, 13]",12,12,13,13,13,True,0.9501718213058419,753.2072962962962,551.1186296296297,8.364324074074075,30,0.3353951890034364,768,150,0,2.7045156650833153
