handling,model,labour,r,p_star
short,affine,shift_h,5.1,0.50
short,affine,shift_h,6.364,0.50
short,affine,shift_h,7.943,0.50
short,affine,shift_h,9.912,0.50
short,affine,shift_h,12.369,0.50
short,affine,shift_h,15.436,0.50
short,affine,shift_h,19.263,0.50
short,affine,shift_h,24.04,0.50
short,affine,shift_h,30.0,0.50
short,affine,crew_veh_h,5.1,0.35
short,affine,crew_veh_h,6.364,0.35
short,affine,crew_veh_h,7.943,0.50
short,affine,crew_veh_h,9.912,0.50
short,affine,crew_veh_h,12.369,0.50
short,affine,crew_veh_h,15.436,0.50
short,affine,crew_veh_h,19.263,0.50
short,affine,crew_veh_h,24.04,0.50
short,affine,crew_veh_h,30.0,0.50
short,affine,crew_team_h,5.1,0.35
short,affine,crew_team_h,6.364,0.50
short,affine,crew_team_h,7.943,0.50
short,affine,crew_team_h,9.912,0.50
short,affine,crew_team_h,12.369,0.50
short,affine,crew_team_h,15.436,0.50
short,affine,crew_team_h,19.263,none in grid
short,affine,crew_team_h,24.04,none in grid
short,affine,crew_team_h,30.0,none in grid
short,affine,shift_ot_h,5.1,0.35
short,affine,shift_ot_h,6.364,0.35
short,affine,shift_ot_h,7.943,0.50
short,affine,shift_ot_h,9.912,0.50
short,affine,shift_ot_h,12.369,0.50
short,affine,shift_ot_h,15.436,0.50
short,affine,shift_ot_h,19.263,0.50
short,affine,shift_ot_h,24.04,0.50
short,affine,shift_ot_h,30.0,0.50
massdep,affine,shift_h,5.1,0.20
massdep,affine,shift_h,6.364,0.20
massdep,affine,shift_h,7.943,0.20
massdep,affine,shift_h,9.912,0.20
massdep,affine,shift_h,12.369,0.20
massdep,affine,shift_h,15.436,0.20
massdep,affine,shift_h,19.263,0.20
massdep,affine,shift_h,24.04,0.20
massdep,affine,shift_h,30.0,0.20
massdep,affine,crew_veh_h,5.1,0.10
massdep,affine,crew_veh_h,6.364,0.10
massdep,affine,crew_veh_h,7.943,0.20
massdep,affine,crew_veh_h,9.912,0.20
massdep,affine,crew_veh_h,12.369,0.20
massdep,affine,crew_veh_h,15.436,0.20
massdep,affine,crew_veh_h,19.263,0.20
massdep,affine,crew_veh_h,24.04,0.20
massdep,affine,crew_veh_h,30.0,0.20
massdep,affine,crew_team_h,5.1,0.20
massdep,affine,crew_team_h,6.364,0.20
massdep,affine,crew_team_h,7.943,0.20
massdep,affine,crew_team_h,9.912,0.35
massdep,affine,crew_team_h,12.369,0.35
massdep,affine,crew_team_h,15.436,0.35
massdep,affine,crew_team_h,19.263,0.50
massdep,affine,crew_team_h,24.04,0.50
massdep,affine,crew_team_h,30.0,0.50
massdep,affine,shift_ot_h,5.1,0.20
massdep,affine,shift_ot_h,6.364,0.20
massdep,affine,shift_ot_h,7.943,0.20
massdep,affine,shift_ot_h,9.912,0.20
massdep,affine,shift_ot_h,12.369,0.20
massdep,affine,shift_ot_h,15.436,0.20
massdep,affine,shift_ot_h,19.263,0.20
massdep,affine,shift_ot_h,24.04,0.20
massdep,affine,shift_ot_h,30.0,0.20
short,piecewise,shift_h,5.1,0.50
short,piecewise,shift_h,6.364,0.50
short,piecewise,shift_h,7.943,0.50
short,piecewise,shift_h,9.912,0.50
short,piecewise,shift_h,12.369,0.50
short,piecewise,shift_h,15.436,0.50
short,piecewise,shift_h,19.263,0.50
short,piecewise,shift_h,24.04,0.50
short,piecewise,shift_h,30.0,0.50
short,piecewise,crew_veh_h,5.1,0.35
short,piecewise,crew_veh_h,6.364,0.35
short,piecewise,crew_veh_h,7.943,0.50
short,piecewise,crew_veh_h,9.912,0.50
short,piecewise,crew_veh_h,12.369,0.50
short,piecewise,crew_veh_h,15.436,0.50
short,piecewise,crew_veh_h,19.263,0.50
short,piecewise,crew_veh_h,24.04,0.50
short,piecewise,crew_veh_h,30.0,0.50
short,piecewise,crew_team_h,5.1,0.35
short,piecewise,crew_team_h,6.364,0.50
short,piecewise,crew_team_h,7.943,0.50
short,piecewise,crew_team_h,9.912,0.50
short,piecewise,crew_team_h,12.369,0.50
short,piecewise,crew_team_h,15.436,0.50
short,piecewise,crew_team_h,19.263,none in grid
short,piecewise,crew_team_h,24.04,none in grid
short,piecewise,crew_team_h,30.0,none in grid
short,piecewise,shift_ot_h,5.1,0.35
short,piecewise,shift_ot_h,6.364,0.50
short,piecewise,shift_ot_h,7.943,0.50
short,piecewise,shift_ot_h,9.912,0.50
short,piecewise,shift_ot_h,12.369,0.50
short,piecewise,shift_ot_h,15.436,0.50
short,piecewise,shift_ot_h,19.263,0.50
short,piecewise,shift_ot_h,24.04,0.50
short,piecewise,shift_ot_h,30.0,0.50
massdep,piecewise,shift_h,5.1,0.20
massdep,piecewise,shift_h,6.364,0.20
massdep,piecewise,shift_h,7.943,0.20
massdep,piecewise,shift_h,9.912,0.20
massdep,piecewise,shift_h,12.369,0.20
massdep,piecewise,shift_h,15.436,0.20
massdep,piecewise,shift_h,19.263,0.20
massdep,piecewise,shift_h,24.04,0.20
massdep,piecewise,shift_h,30.0,0.20
massdep,piecewise,crew_veh_h,5.1,0.10
massdep,piecewise,crew_veh_h,6.364,0.10
massdep,piecewise,crew_veh_h,7.943,0.20
massdep,piecewise,crew_veh_h,9.912,0.20
massdep,piecewise,crew_veh_h,12.369,0.20
massdep,piecewise,crew_veh_h,15.436,0.20
massdep,piecewise,crew_veh_h,19.263,0.20
massdep,piecewise,crew_veh_h,24.04,0.20
massdep,piecewise,crew_veh_h,30.0,0.20
massdep,piecewise,crew_team_h,5.1,0.20
massdep,piecewise,crew_team_h,6.364,0.20
massdep,piecewise,crew_team_h,7.943,0.35
massdep,piecewise,crew_team_h,9.912,0.35
massdep,piecewise,crew_team_h,12.369,0.35
massdep,piecewise,crew_team_h,15.436,0.50
massdep,piecewise,crew_team_h,19.263,0.50
massdep,piecewise,crew_team_h,24.04,0.50
massdep,piecewise,crew_team_h,30.0,0.50
massdep,piecewise,shift_ot_h,5.1,0.20
massdep,piecewise,shift_ot_h,6.364,0.20
massdep,piecewise,shift_ot_h,7.943,0.20
massdep,piecewise,shift_ot_h,9.912,0.20
massdep,piecewise,shift_ot_h,12.369,0.20
massdep,piecewise,shift_ot_h,15.436,0.20
massdep,piecewise,shift_ot_h,19.263,0.20
massdep,piecewise,shift_ot_h,24.04,0.20
massdep,piecewise,shift_ot_h,30.0,0.20
short,power_0.72,shift_h,5.1,0.50
short,power_0.72,shift_h,6.364,0.50
short,power_0.72,shift_h,7.943,0.50
short,power_0.72,shift_h,9.912,0.50
short,power_0.72,shift_h,12.369,0.50
short,power_0.72,shift_h,15.436,0.50
short,power_0.72,shift_h,19.263,0.50
short,power_0.72,shift_h,24.04,0.50
short,power_0.72,shift_h,30.0,0.50
short,power_0.72,crew_veh_h,5.1,0.35
short,power_0.72,crew_veh_h,6.364,0.35
short,power_0.72,crew_veh_h,7.943,0.35
short,power_0.72,crew_veh_h,9.912,0.50
short,power_0.72,crew_veh_h,12.369,0.50
short,power_0.72,crew_veh_h,15.436,0.50
short,power_0.72,crew_veh_h,19.263,0.50
short,power_0.72,crew_veh_h,24.04,0.50
short,power_0.72,crew_veh_h,30.0,0.50
short,power_0.72,crew_team_h,5.1,0.35
short,power_0.72,crew_team_h,6.364,0.35
short,power_0.72,crew_team_h,7.943,0.50
short,power_0.72,crew_team_h,9.912,0.50
short,power_0.72,crew_team_h,12.369,0.50
short,power_0.72,crew_team_h,15.436,0.50
short,power_0.72,crew_team_h,19.263,0.50
short,power_0.72,crew_team_h,24.04,0.50
short,power_0.72,crew_team_h,30.0,none in grid
short,power_0.72,shift_ot_h,5.1,0.35
short,power_0.72,shift_ot_h,6.364,0.35
short,power_0.72,shift_ot_h,7.943,0.50
short,power_0.72,shift_ot_h,9.912,0.50
short,power_0.72,shift_ot_h,12.369,0.50
short,power_0.72,shift_ot_h,15.436,0.50
short,power_0.72,shift_ot_h,19.263,0.50
short,power_0.72,shift_ot_h,24.04,0.50
short,power_0.72,shift_ot_h,30.0,0.50
massdep,power_0.72,shift_h,5.1,0.20
massdep,power_0.72,shift_h,6.364,0.20
massdep,power_0.72,shift_h,7.943,0.20
massdep,power_0.72,shift_h,9.912,0.20
massdep,power_0.72,shift_h,12.369,0.20
massdep,power_0.72,shift_h,15.436,0.20
massdep,power_0.72,shift_h,19.263,0.20
massdep,power_0.72,shift_h,24.04,0.20
massdep,power_0.72,shift_h,30.0,0.20
massdep,power_0.72,crew_veh_h,5.1,0.10
massdep,power_0.72,crew_veh_h,6.364,0.10
massdep,power_0.72,crew_veh_h,7.943,0.20
massdep,power_0.72,crew_veh_h,9.912,0.20
massdep,power_0.72,crew_veh_h,12.369,0.20
massdep,power_0.72,crew_veh_h,15.436,0.20
massdep,power_0.72,crew_veh_h,19.263,0.20
massdep,power_0.72,crew_veh_h,24.04,0.20
massdep,power_0.72,crew_veh_h,30.0,0.20
massdep,power_0.72,crew_team_h,5.1,0.20
massdep,power_0.72,crew_team_h,6.364,0.20
massdep,power_0.72,crew_team_h,7.943,0.20
massdep,power_0.72,crew_team_h,9.912,0.20
massdep,power_0.72,crew_team_h,12.369,0.20
massdep,power_0.72,crew_team_h,15.436,0.35
massdep,power_0.72,crew_team_h,19.263,0.35
massdep,power_0.72,crew_team_h,24.04,0.50
massdep,power_0.72,crew_team_h,30.0,0.50
massdep,power_0.72,shift_ot_h,5.1,0.20
massdep,power_0.72,shift_ot_h,6.364,0.20
massdep,power_0.72,shift_ot_h,7.943,0.20
massdep,power_0.72,shift_ot_h,9.912,0.20
massdep,power_0.72,shift_ot_h,12.369,0.20
massdep,power_0.72,shift_ot_h,15.436,0.20
massdep,power_0.72,shift_ot_h,19.263,0.20
massdep,power_0.72,shift_ot_h,24.04,0.20
massdep,power_0.72,shift_ot_h,30.0,0.20
short,power_0.84,shift_h,5.1,0.50
short,power_0.84,shift_h,6.364,0.50
short,power_0.84,shift_h,7.943,0.50
short,power_0.84,shift_h,9.912,0.50
short,power_0.84,shift_h,12.369,0.50
short,power_0.84,shift_h,15.436,0.50
short,power_0.84,shift_h,19.263,0.50
short,power_0.84,shift_h,24.04,0.50
short,power_0.84,shift_h,30.0,0.50
short,power_0.84,crew_veh_h,5.1,0.35
short,power_0.84,crew_veh_h,6.364,0.35
short,power_0.84,crew_veh_h,7.943,0.50
short,power_0.84,crew_veh_h,9.912,0.50
short,power_0.84,crew_veh_h,12.369,0.50
short,power_0.84,crew_veh_h,15.436,0.50
short,power_0.84,crew_veh_h,19.263,0.50
short,power_0.84,crew_veh_h,24.04,0.50
short,power_0.84,crew_veh_h,30.0,0.50
short,power_0.84,crew_team_h,5.1,0.35
short,power_0.84,crew_team_h,6.364,0.50
short,power_0.84,crew_team_h,7.943,0.50
short,power_0.84,crew_team_h,9.912,0.50
short,power_0.84,crew_team_h,12.369,0.50
short,power_0.84,crew_team_h,15.436,0.50
short,power_0.84,crew_team_h,19.263,none in grid
short,power_0.84,crew_team_h,24.04,none in grid
short,power_0.84,crew_team_h,30.0,none in grid
short,power_0.84,shift_ot_h,5.1,0.35
short,power_0.84,shift_ot_h,6.364,0.50
short,power_0.84,shift_ot_h,7.943,0.50
short,power_0.84,shift_ot_h,9.912,0.50
short,power_0.84,shift_ot_h,12.369,0.50
short,power_0.84,shift_ot_h,15.436,0.50
short,power_0.84,shift_ot_h,19.263,0.50
short,power_0.84,shift_ot_h,24.04,0.50
short,power_0.84,shift_ot_h,30.0,0.50
massdep,power_0.84,shift_h,5.1,0.20
massdep,power_0.84,shift_h,6.364,0.20
massdep,power_0.84,shift_h,7.943,0.20
massdep,power_0.84,shift_h,9.912,0.20
massdep,power_0.84,shift_h,12.369,0.20
massdep,power_0.84,shift_h,15.436,0.20
massdep,power_0.84,shift_h,19.263,0.20
massdep,power_0.84,shift_h,24.04,0.20
massdep,power_0.84,shift_h,30.0,0.20
massdep,power_0.84,crew_veh_h,5.1,0.10
massdep,power_0.84,crew_veh_h,6.364,0.10
massdep,power_0.84,crew_veh_h,7.943,0.20
massdep,power_0.84,crew_veh_h,9.912,0.20
massdep,power_0.84,crew_veh_h,12.369,0.20
massdep,power_0.84,crew_veh_h,15.436,0.20
massdep,power_0.84,crew_veh_h,19.263,0.20
massdep,power_0.84,crew_veh_h,24.04,0.20
massdep,power_0.84,crew_veh_h,30.0,0.20
massdep,power_0.84,crew_team_h,5.1,0.20
massdep,power_0.84,crew_team_h,6.364,0.20
massdep,power_0.84,crew_team_h,7.943,0.20
massdep,power_0.84,crew_team_h,9.912,0.35
massdep,power_0.84,crew_team_h,12.369,0.35
massdep,power_0.84,crew_team_h,15.436,0.50
massdep,power_0.84,crew_team_h,19.263,0.50
massdep,power_0.84,crew_team_h,24.04,0.50
massdep,power_0.84,crew_team_h,30.0,0.50
massdep,power_0.84,shift_ot_h,5.1,0.20
massdep,power_0.84,shift_ot_h,6.364,0.20
massdep,power_0.84,shift_ot_h,7.943,0.20
massdep,power_0.84,shift_ot_h,9.912,0.20
massdep,power_0.84,shift_ot_h,12.369,0.20
massdep,power_0.84,shift_ot_h,15.436,0.20
massdep,power_0.84,shift_ot_h,19.263,0.20
massdep,power_0.84,shift_ot_h,24.04,0.20
massdep,power_0.84,shift_ot_h,30.0,0.20
short,power_0.96,shift_h,5.1,0.50
short,power_0.96,shift_h,6.364,0.50
short,power_0.96,shift_h,7.943,0.50
short,power_0.96,shift_h,9.912,0.50
short,power_0.96,shift_h,12.369,0.50
short,power_0.96,shift_h,15.436,0.50
short,power_0.96,shift_h,19.263,0.50
short,power_0.96,shift_h,24.04,0.50
short,power_0.96,shift_h,30.0,0.50
short,power_0.96,crew_veh_h,5.1,0.35
short,power_0.96,crew_veh_h,6.364,0.50
short,power_0.96,crew_veh_h,7.943,0.50
short,power_0.96,crew_veh_h,9.912,0.50
short,power_0.96,crew_veh_h,12.369,0.50
short,power_0.96,crew_veh_h,15.436,0.50
short,power_0.96,crew_veh_h,19.263,0.50
short,power_0.96,crew_veh_h,24.04,0.50
short,power_0.96,crew_veh_h,30.0,0.50
short,power_0.96,crew_team_h,5.1,0.50
short,power_0.96,crew_team_h,6.364,0.50
short,power_0.96,crew_team_h,7.943,0.50
short,power_0.96,crew_team_h,9.912,0.50
short,power_0.96,crew_team_h,12.369,0.50
short,power_0.96,crew_team_h,15.436,none in grid
short,power_0.96,crew_team_h,19.263,none in grid
short,power_0.96,crew_team_h,24.04,none in grid
short,power_0.96,crew_team_h,30.0,none in grid
short,power_0.96,shift_ot_h,5.1,0.50
short,power_0.96,shift_ot_h,6.364,0.50
short,power_0.96,shift_ot_h,7.943,0.50
short,power_0.96,shift_ot_h,9.912,0.50
short,power_0.96,shift_ot_h,12.369,0.50
short,power_0.96,shift_ot_h,15.436,0.50
short,power_0.96,shift_ot_h,19.263,0.50
short,power_0.96,shift_ot_h,24.04,0.50
short,power_0.96,shift_ot_h,30.0,0.50
massdep,power_0.96,shift_h,5.1,0.20
massdep,power_0.96,shift_h,6.364,0.20
massdep,power_0.96,shift_h,7.943,0.20
massdep,power_0.96,shift_h,9.912,0.20
massdep,power_0.96,shift_h,12.369,0.20
massdep,power_0.96,shift_h,15.436,0.20
massdep,power_0.96,shift_h,19.263,0.20
massdep,power_0.96,shift_h,24.04,0.20
massdep,power_0.96,shift_h,30.0,0.20
massdep,power_0.96,crew_veh_h,5.1,0.10
massdep,power_0.96,crew_veh_h,6.364,0.20
massdep,power_0.96,crew_veh_h,7.943,0.20
massdep,power_0.96,crew_veh_h,9.912,0.20
massdep,power_0.96,crew_veh_h,12.369,0.20
massdep,power_0.96,crew_veh_h,15.436,0.20
massdep,power_0.96,crew_veh_h,19.263,0.20
massdep,power_0.96,crew_veh_h,24.04,0.35
massdep,power_0.96,crew_veh_h,30.0,0.35
massdep,power_0.96,crew_team_h,5.1,0.20
massdep,power_0.96,crew_team_h,6.364,0.35
massdep,power_0.96,crew_team_h,7.943,0.35
massdep,power_0.96,crew_team_h,9.912,0.35
massdep,power_0.96,crew_team_h,12.369,0.50
massdep,power_0.96,crew_team_h,15.436,0.50
massdep,power_0.96,crew_team_h,19.263,0.50
massdep,power_0.96,crew_team_h,24.04,0.50
massdep,power_0.96,crew_team_h,30.0,0.50
massdep,power_0.96,shift_ot_h,5.1,0.20
massdep,power_0.96,shift_ot_h,6.364,0.20
massdep,power_0.96,shift_ot_h,7.943,0.20
massdep,power_0.96,shift_ot_h,9.912,0.20
massdep,power_0.96,shift_ot_h,12.369,0.20
massdep,power_0.96,shift_ot_h,15.436,0.20
massdep,power_0.96,shift_ot_h,19.263,0.20
massdep,power_0.96,shift_ot_h,24.04,0.20
massdep,power_0.96,shift_ot_h,30.0,0.20
