series,cell,family,K_star,K_rho,d
jiang_short_baseline_200,jiang_short_baseline,200,9,10,-1
jiang_short_baseline_250,jiang_short_baseline,250,7,8,-1
jiang_short_baseline_270,jiang_short_baseline,270,7,7,0
jiang_short_baseline_300,jiang_short_baseline,300,6,6,0
jiang_short_baseline_325,jiang_short_baseline,325,6,6,0
jiang_short_baseline_380,jiang_short_baseline,380,5,6,-1
jiang_short_baseline_425,jiang_short_baseline,425,5,5,0
jiang_short_baseline_500,jiang_short_baseline,500,5,5,0
jiang_short_baseline_550,jiang_short_baseline,550,5,5,0
jiang_short_baseline_MX1,jiang_short_baseline,MX1,5,6,-1
jiang_short_baseline_MX2,jiang_short_baseline,MX2,5,5,0
jiang_short_tight_200,jiang_short_tight,200,10,10,0
jiang_short_tight_250,jiang_short_tight,250,8,8,0
jiang_short_tight_270,jiang_short_tight,270,7,7,0
jiang_short_tight_300,jiang_short_tight,300,6,6,0
jiang_short_tight_325,jiang_short_tight,325,6,6,0
jiang_short_tight_380,jiang_short_tight,380,6,6,0
jiang_short_tight_425,jiang_short_tight,425,5,5,0
jiang_short_tight_500,jiang_short_tight,500,5,5,0
jiang_short_tight_550,jiang_short_tight,550,5,5,0
jiang_short_tight_MX1,jiang_short_tight,MX1,6,6,0
jiang_short_tight_MX2,jiang_short_tight,MX2,5,5,0
jiang_massdep_baseline_200,jiang_massdep_baseline,200,13,13,0
jiang_massdep_baseline_250,jiang_massdep_baseline,250,11,11,0
jiang_massdep_baseline_270,jiang_massdep_baseline,270,10,10,0
jiang_massdep_baseline_300,jiang_massdep_baseline,300,9,9,0
jiang_massdep_baseline_325,jiang_massdep_baseline,325,8,8,0
jiang_massdep_baseline_380,jiang_massdep_baseline,380,8,8,0
jiang_massdep_baseline_425,jiang_massdep_baseline,425,7,8,-1
jiang_massdep_baseline_500,jiang_massdep_baseline,500,7,7,0
jiang_massdep_baseline_550,jiang_massdep_baseline,550,7,7,0
jiang_massdep_baseline_MX1,jiang_massdep_baseline,MX1,9,9,0
jiang_massdep_baseline_MX2,jiang_massdep_baseline,MX2,8,8,0
jiang_massdep_tight_200,jiang_massdep_tight,200,15,13,2
jiang_massdep_tight_250,jiang_massdep_tight,250,12,11,1
jiang_massdep_tight_270,jiang_massdep_tight,270,11,10,1
jiang_massdep_tight_300,jiang_massdep_tight,300,9,9,0
jiang_massdep_tight_325,jiang_massdep_tight,325,9,8,1
jiang_massdep_tight_380,jiang_massdep_tight,380,8,8,0
jiang_massdep_tight_425,jiang_massdep_tight,425,7,8,-1
jiang_massdep_tight_500,jiang_massdep_tight,500,7,7,0
jiang_massdep_tight_550,jiang_massdep_tight,550,7,7,0
jiang_massdep_tight_MX1,jiang_massdep_tight,MX1,10,9,1
jiang_massdep_tight_MX2,jiang_massdep_tight,MX2,8,8,0
jiang_long_baseline_200,jiang_long_baseline,200,15,15,0
jiang_long_baseline_250,jiang_long_baseline,250,12,12,0
jiang_long_baseline_270,jiang_long_baseline,270,12,12,0
jiang_long_baseline_300,jiang_long_baseline,300,10,10,0
jiang_long_baseline_325,jiang_long_baseline,325,10,10,0
jiang_long_baseline_380,jiang_long_baseline,380,9,9,0
jiang_long_baseline_425,jiang_long_baseline,425,8,9,-1
jiang_long_baseline_500,jiang_long_baseline,500,8,9,-1
jiang_long_baseline_550,jiang_long_baseline,550,8,9,-1
jiang_long_baseline_MX1,jiang_long_baseline,MX1,10,11,-1
jiang_long_baseline_MX2,jiang_long_baseline,MX2,9,9,0
jiang_long_tight_200,jiang_long_tight,200,18,15,3
jiang_long_tight_250,jiang_long_tight,250,15,12,3
jiang_long_tight_270,jiang_long_tight,270,14,12,2
jiang_long_tight_300,jiang_long_tight,300,11,10,1
jiang_long_tight_325,jiang_long_tight,325,11,10,1
jiang_long_tight_380,jiang_long_tight,380,10,9,1
jiang_long_tight_425,jiang_long_tight,425,10,9,1
jiang_long_tight_500,jiang_long_tight,500,9,9,0
jiang_long_tight_550,jiang_long_tight,550,9,9,0
jiang_long_tight_MX1,jiang_long_tight,MX1,12,11,1
jiang_long_tight_MX2,jiang_long_tight,MX2,11,9,2
lightskew_short_baseline_200,lightskew_short_baseline,200,9,9,0
lightskew_short_baseline_250,lightskew_short_baseline,250,7,8,-1
lightskew_short_baseline_270,lightskew_short_baseline,270,6,7,-1
lightskew_short_baseline_300,lightskew_short_baseline,300,6,6,0
lightskew_short_baseline_325,lightskew_short_baseline,325,5,6,-1
lightskew_short_baseline_380,lightskew_short_baseline,380,5,6,-1
lightskew_short_baseline_425,lightskew_short_baseline,425,5,6,-1
lightskew_short_baseline_500,lightskew_short_baseline,500,5,5,0
lightskew_short_baseline_550,lightskew_short_baseline,550,5,5,0
lightskew_short_baseline_MX1,lightskew_short_baseline,MX1,5,6,-1
lightskew_short_baseline_MX2,lightskew_short_baseline,MX2,5,5,0
lightskew_short_tight_200,lightskew_short_tight,200,10,9,1
lightskew_short_tight_250,lightskew_short_tight,250,8,8,0
lightskew_short_tight_270,lightskew_short_tight,270,7,7,0
lightskew_short_tight_300,lightskew_short_tight,300,6,6,0
lightskew_short_tight_325,lightskew_short_tight,325,6,6,0
lightskew_short_tight_380,lightskew_short_tight,380,5,6,-1
lightskew_short_tight_425,lightskew_short_tight,425,5,6,-1
lightskew_short_tight_500,lightskew_short_tight,500,5,5,0
lightskew_short_tight_550,lightskew_short_tight,550,5,5,0
lightskew_short_tight_MX1,lightskew_short_tight,MX1,5,6,-1
lightskew_short_tight_MX2,lightskew_short_tight,MX2,5,5,0
lightskew_massdep_baseline_200,lightskew_massdep_baseline,200,13,13,0
lightskew_massdep_baseline_250,lightskew_massdep_baseline,250,11,11,0
lightskew_massdep_baseline_270,lightskew_massdep_baseline,270,10,10,0
lightskew_massdep_baseline_300,lightskew_massdep_baseline,300,9,9,0
lightskew_massdep_baseline_325,lightskew_massdep_baseline,325,8,8,0
lightskew_massdep_baseline_380,lightskew_massdep_baseline,380,8,8,0
lightskew_massdep_baseline_425,lightskew_massdep_baseline,425,7,8,-1
lightskew_massdep_baseline_500,lightskew_massdep_baseline,500,7,8,-1
lightskew_massdep_baseline_550,lightskew_massdep_baseline,550,7,8,-1
lightskew_massdep_baseline_MX1,lightskew_massdep_baseline,MX1,8,9,-1
lightskew_massdep_baseline_MX2,lightskew_massdep_baseline,MX2,7,8,-1
lightskew_massdep_tight_200,lightskew_massdep_tight,200,15,13,2
lightskew_massdep_tight_250,lightskew_massdep_tight,250,12,11,1
lightskew_massdep_tight_270,lightskew_massdep_tight,270,11,10,1
lightskew_massdep_tight_300,lightskew_massdep_tight,300,9,9,0
lightskew_massdep_tight_325,lightskew_massdep_tight,325,9,8,1
lightskew_massdep_tight_380,lightskew_massdep_tight,380,8,8,0
lightskew_massdep_tight_425,lightskew_massdep_tight,425,8,8,0
lightskew_massdep_tight_500,lightskew_massdep_tight,500,7,8,-1
lightskew_massdep_tight_550,lightskew_massdep_tight,550,7,8,-1
lightskew_massdep_tight_MX1,lightskew_massdep_tight,MX1,9,9,0
lightskew_massdep_tight_MX2,lightskew_massdep_tight,MX2,8,8,0
lightskew_long_baseline_200,lightskew_long_baseline,200,15,15,0
lightskew_long_baseline_250,lightskew_long_baseline,250,12,12,0
lightskew_long_baseline_270,lightskew_long_baseline,270,11,11,0
lightskew_long_baseline_300,lightskew_long_baseline,300,10,10,0
lightskew_long_baseline_325,lightskew_long_baseline,325,9,10,-1
lightskew_long_baseline_380,lightskew_long_baseline,380,9,9,0
lightskew_long_baseline_425,lightskew_long_baseline,425,9,9,0
lightskew_long_baseline_500,lightskew_long_baseline,500,8,9,-1
lightskew_long_baseline_550,lightskew_long_baseline,550,8,9,-1
lightskew_long_baseline_MX1,lightskew_long_baseline,MX1,10,10,0
lightskew_long_baseline_MX2,lightskew_long_baseline,MX2,9,9,0
lightskew_long_tight_200,lightskew_long_tight,200,18,15,3
lightskew_long_tight_250,lightskew_long_tight,250,14,12,2
lightskew_long_tight_270,lightskew_long_tight,270,13,11,2
lightskew_long_tight_300,lightskew_long_tight,300,11,10,1
lightskew_long_tight_325,lightskew_long_tight,325,11,10,1
lightskew_long_tight_380,lightskew_long_tight,380,10,9,1
lightskew_long_tight_425,lightskew_long_tight,425,10,9,1
lightskew_long_tight_500,lightskew_long_tight,500,9,9,0
lightskew_long_tight_550,lightskew_long_tight,550,9,9,0
lightskew_long_tight_MX1,lightskew_long_tight,MX1,11,10,1
lightskew_long_tight_MX2,lightskew_long_tight,MX2,10,9,1
uniform_short_baseline_200,uniform_short_baseline,200,12,12,0
uniform_short_baseline_250,uniform_short_baseline,250,9,10,-1
uniform_short_baseline_270,uniform_short_baseline,270,9,9,0
uniform_short_baseline_300,uniform_short_baseline,300,8,9,-1
uniform_short_baseline_325,uniform_short_baseline,325,8,8,0
uniform_short_baseline_380,uniform_short_baseline,380,7,8,-1
uniform_short_baseline_425,uniform_short_baseline,425,6,7,-1
uniform_short_baseline_500,uniform_short_baseline,500,5,5,0
uniform_short_baseline_550,uniform_short_baseline,550,5,5,0
uniform_short_baseline_MX1,uniform_short_baseline,MX1,7,8,-1
uniform_short_baseline_MX2,uniform_short_baseline,MX2,6,6,0
uniform_short_tight_200,uniform_short_tight,200,12,12,0
uniform_short_tight_250,uniform_short_tight,250,10,10,0
uniform_short_tight_270,uniform_short_tight,270,9,9,0
uniform_short_tight_300,uniform_short_tight,300,9,9,0
uniform_short_tight_325,uniform_short_tight,325,8,8,0
uniform_short_tight_380,uniform_short_tight,380,8,8,0
uniform_short_tight_425,uniform_short_tight,425,7,7,0
uniform_short_tight_500,uniform_short_tight,500,5,5,0
uniform_short_tight_550,uniform_short_tight,550,5,5,0
uniform_short_tight_MX1,uniform_short_tight,MX1,8,8,0
uniform_short_tight_MX2,uniform_short_tight,MX2,6,6,0
uniform_massdep_baseline_200,uniform_massdep_baseline,200,19,19,0
uniform_massdep_baseline_250,uniform_massdep_baseline,250,15,15,0
uniform_massdep_baseline_270,uniform_massdep_baseline,270,15,15,0
uniform_massdep_baseline_300,uniform_massdep_baseline,300,14,14,0
uniform_massdep_baseline_325,uniform_massdep_baseline,325,13,13,0
uniform_massdep_baseline_380,uniform_massdep_baseline,380,12,12,0
uniform_massdep_baseline_425,uniform_massdep_baseline,425,11,11,0
uniform_massdep_baseline_500,uniform_massdep_baseline,500,8,8,0
uniform_massdep_baseline_550,uniform_massdep_baseline,550,8,8,0
uniform_massdep_baseline_MX1,uniform_massdep_baseline,MX1,13,13,0
uniform_massdep_baseline_MX2,uniform_massdep_baseline,MX2,12,12,0
uniform_massdep_tight_200,uniform_massdep_tight,200,22,19,3
uniform_massdep_tight_250,uniform_massdep_tight,250,17,15,2
uniform_massdep_tight_270,uniform_massdep_tight,270,17,15,2
uniform_massdep_tight_300,uniform_massdep_tight,300,16,14,2
uniform_massdep_tight_325,uniform_massdep_tight,325,15,13,2
uniform_massdep_tight_380,uniform_massdep_tight,380,13,12,1
uniform_massdep_tight_425,uniform_massdep_tight,425,12,11,1
uniform_massdep_tight_500,uniform_massdep_tight,500,8,8,0
uniform_massdep_tight_550,uniform_massdep_tight,550,8,8,0
uniform_massdep_tight_MX1,uniform_massdep_tight,MX1,15,13,2
uniform_massdep_tight_MX2,uniform_massdep_tight,MX2,14,12,2
uniform_long_baseline_200,uniform_long_baseline,200,19,19,0
uniform_long_baseline_250,uniform_long_baseline,250,15,16,-1
uniform_long_baseline_270,uniform_long_baseline,270,15,15,0
uniform_long_baseline_300,uniform_long_baseline,300,14,14,0
uniform_long_baseline_325,uniform_long_baseline,325,13,14,-1
uniform_long_baseline_380,uniform_long_baseline,380,12,12,0
uniform_long_baseline_425,uniform_long_baseline,425,11,11,0
uniform_long_baseline_500,uniform_long_baseline,500,8,9,-1
uniform_long_baseline_550,uniform_long_baseline,550,8,9,-1
uniform_long_baseline_MX1,uniform_long_baseline,MX1,14,14,0
uniform_long_baseline_MX2,uniform_long_baseline,MX2,12,12,0
uniform_long_tight_200,uniform_long_tight,200,23,19,4
uniform_long_tight_250,uniform_long_tight,250,18,16,2
uniform_long_tight_270,uniform_long_tight,270,18,15,3
uniform_long_tight_300,uniform_long_tight,300,17,14,3
uniform_long_tight_325,uniform_long_tight,325,16,14,2
uniform_long_tight_380,uniform_long_tight,380,14,12,2
uniform_long_tight_425,uniform_long_tight,425,12,11,1
uniform_long_tight_500,uniform_long_tight,500,9,9,0
uniform_long_tight_550,uniform_long_tight,550,9,9,0
uniform_long_tight_MX1,uniform_long_tight,MX1,16,14,2
uniform_long_tight_MX2,uniform_long_tight,MX2,14,12,2
extraheavy_short_baseline_270,extraheavy_short_baseline,270,8,8,0
extraheavy_short_baseline_300,extraheavy_short_baseline,300,7,7,0
extraheavy_short_baseline_325,extraheavy_short_baseline,325,7,7,0
extraheavy_short_baseline_380,extraheavy_short_baseline,380,6,7,-1
extraheavy_short_baseline_425,extraheavy_short_baseline,425,6,6,0
extraheavy_short_baseline_500,extraheavy_short_baseline,500,6,6,0
extraheavy_short_baseline_550,extraheavy_short_baseline,550,5,6,-1
extraheavy_short_baseline_MX1,extraheavy_short_baseline,MX1,7,7,0
extraheavy_short_baseline_MX2,extraheavy_short_baseline,MX2,6,6,0
extraheavy_short_tight_270,extraheavy_short_tight,270,8,8,0
extraheavy_short_tight_300,extraheavy_short_tight,300,7,7,0
extraheavy_short_tight_325,extraheavy_short_tight,325,7,7,0
extraheavy_short_tight_380,extraheavy_short_tight,380,6,7,-1
extraheavy_short_tight_425,extraheavy_short_tight,425,6,6,0
extraheavy_short_tight_500,extraheavy_short_tight,500,6,6,0
extraheavy_short_tight_550,extraheavy_short_tight,550,6,6,0
extraheavy_short_tight_MX1,extraheavy_short_tight,MX1,7,7,0
extraheavy_short_tight_MX2,extraheavy_short_tight,MX2,6,6,0
extraheavy_massdep_baseline_270,extraheavy_massdep_baseline,270,13,13,0
extraheavy_massdep_baseline_300,extraheavy_massdep_baseline,300,12,11,1
extraheavy_massdep_baseline_325,extraheavy_massdep_baseline,325,11,11,0
extraheavy_massdep_baseline_380,extraheavy_massdep_baseline,380,10,10,0
extraheavy_massdep_baseline_425,extraheavy_massdep_baseline,425,10,10,0
extraheavy_massdep_baseline_500,extraheavy_massdep_baseline,500,9,10,-1
extraheavy_massdep_baseline_550,extraheavy_massdep_baseline,550,9,9,0
extraheavy_massdep_baseline_MX1,extraheavy_massdep_baseline,MX1,12,12,0
extraheavy_massdep_baseline_MX2,extraheavy_massdep_baseline,MX2,11,10,1
extraheavy_massdep_tight_270,extraheavy_massdep_tight,270,15,13,2
extraheavy_massdep_tight_300,extraheavy_massdep_tight,300,13,11,2
extraheavy_massdep_tight_325,extraheavy_massdep_tight,325,12,11,1
extraheavy_massdep_tight_380,extraheavy_massdep_tight,380,11,10,1
extraheavy_massdep_tight_425,extraheavy_massdep_tight,425,11,10,1
extraheavy_massdep_tight_500,extraheavy_massdep_tight,500,10,10,0
extraheavy_massdep_tight_550,extraheavy_massdep_tight,550,10,9,1
extraheavy_massdep_tight_MX1,extraheavy_massdep_tight,MX1,13,12,1
extraheavy_massdep_tight_MX2,extraheavy_massdep_tight,MX2,12,10,2
extraheavy_long_baseline_270,extraheavy_long_baseline,270,13,13,0
extraheavy_long_baseline_300,extraheavy_long_baseline,300,12,12,0
extraheavy_long_baseline_325,extraheavy_long_baseline,325,11,11,0
extraheavy_long_baseline_380,extraheavy_long_baseline,380,10,11,-1
extraheavy_long_baseline_425,extraheavy_long_baseline,425,10,10,0
extraheavy_long_baseline_500,extraheavy_long_baseline,500,10,10,0
extraheavy_long_baseline_550,extraheavy_long_baseline,550,9,10,-1
extraheavy_long_baseline_MX1,extraheavy_long_baseline,MX1,12,12,0
extraheavy_long_baseline_MX2,extraheavy_long_baseline,MX2,11,11,0
extraheavy_long_tight_270,extraheavy_long_tight,270,15,13,2
extraheavy_long_tight_300,extraheavy_long_tight,300,13,12,1
extraheavy_long_tight_325,extraheavy_long_tight,325,13,11,2
extraheavy_long_tight_380,extraheavy_long_tight,380,12,11,1
extraheavy_long_tight_425,extraheavy_long_tight,425,12,10,2
extraheavy_long_tight_500,extraheavy_long_tight,500,11,10,1
extraheavy_long_tight_550,extraheavy_long_tight,550,11,10,1
extraheavy_long_tight_MX1,extraheavy_long_tight,MX1,14,12,2
extraheavy_long_tight_MX2,extraheavy_long_tight,MX2,13,11,2
rohcha_short_baseline_200,rohcha_short_baseline,200,15,15,0
rohcha_short_baseline_250,rohcha_short_baseline,250,13,14,-1
rohcha_short_baseline_270,rohcha_short_baseline,270,12,12,0
rohcha_short_baseline_300,rohcha_short_baseline,300,9,10,-1
rohcha_short_baseline_325,rohcha_short_baseline,325,9,10,-1
rohcha_short_baseline_380,rohcha_short_baseline,380,8,9,-1
rohcha_short_baseline_425,rohcha_short_baseline,425,8,9,-1
rohcha_short_baseline_500,rohcha_short_baseline,500,6,7,-1
rohcha_short_baseline_550,rohcha_short_baseline,550,5,5,0
rohcha_short_baseline_MX1,rohcha_short_baseline,MX1,10,10,0
rohcha_short_baseline_MX2,rohcha_short_baseline,MX2,8,9,-1
rohcha_short_tight_200,rohcha_short_tight,200,16,15,1
rohcha_short_tight_250,rohcha_short_tight,250,14,14,0
rohcha_short_tight_270,rohcha_short_tight,270,12,12,0
rohcha_short_tight_300,rohcha_short_tight,300,10,10,0
rohcha_short_tight_325,rohcha_short_tight,325,10,10,0
rohcha_short_tight_380,rohcha_short_tight,380,9,9,0
rohcha_short_tight_425,rohcha_short_tight,425,9,9,0
rohcha_short_tight_500,rohcha_short_tight,500,7,7,0
rohcha_short_tight_550,rohcha_short_tight,550,5,5,0
rohcha_short_tight_MX1,rohcha_short_tight,MX1,11,10,1
rohcha_short_tight_MX2,rohcha_short_tight,MX2,8,9,-1
rohcha_massdep_baseline_200,rohcha_massdep_baseline,200,26,26,0
rohcha_massdep_baseline_250,rohcha_massdep_baseline,250,23,23,0
rohcha_massdep_baseline_270,rohcha_massdep_baseline,270,21,21,0
rohcha_massdep_baseline_300,rohcha_massdep_baseline,300,17,17,0
rohcha_massdep_baseline_325,rohcha_massdep_baseline,325,17,17,0
rohcha_massdep_baseline_380,rohcha_massdep_baseline,380,16,16,0
rohcha_massdep_baseline_425,rohcha_massdep_baseline,425,16,16,0
rohcha_massdep_baseline_500,rohcha_massdep_baseline,500,12,12,0
rohcha_massdep_baseline_550,rohcha_massdep_baseline,550,9,9,0
rohcha_massdep_baseline_MX1,rohcha_massdep_baseline,MX1,19,18,1
rohcha_massdep_baseline_MX2,rohcha_massdep_baseline,MX2,17,17,0
rohcha_massdep_tight_200,rohcha_massdep_tight,200,30,26,4
rohcha_massdep_tight_250,rohcha_massdep_tight,250,26,23,3
rohcha_massdep_tight_270,rohcha_massdep_tight,270,24,21,3
rohcha_massdep_tight_300,rohcha_massdep_tight,300,19,17,2
rohcha_massdep_tight_325,rohcha_massdep_tight,325,19,17,2
rohcha_massdep_tight_380,rohcha_massdep_tight,380,18,16,2
rohcha_massdep_tight_425,rohcha_massdep_tight,425,18,16,2
rohcha_massdep_tight_500,rohcha_massdep_tight,500,14,12,2
rohcha_massdep_tight_550,rohcha_massdep_tight,550,10,9,1
rohcha_massdep_tight_MX1,rohcha_massdep_tight,MX1,22,18,4
rohcha_massdep_tight_MX2,rohcha_massdep_tight,MX2,20,17,3
rohcha_long_baseline_200,rohcha_long_baseline,200,24,24,0
rohcha_long_baseline_250,rohcha_long_baseline,250,21,21,0
rohcha_long_baseline_270,rohcha_long_baseline,270,19,19,0
rohcha_long_baseline_300,rohcha_long_baseline,300,15,15,0
rohcha_long_baseline_325,rohcha_long_baseline,325,15,15,0
rohcha_long_baseline_380,rohcha_long_baseline,380,14,14,0
rohcha_long_baseline_425,rohcha_long_baseline,425,14,14,0
rohcha_long_baseline_500,rohcha_long_baseline,500,11,11,0
rohcha_long_baseline_550,rohcha_long_baseline,550,8,9,-1
rohcha_long_baseline_MX1,rohcha_long_baseline,MX1,17,17,0
rohcha_long_baseline_MX2,rohcha_long_baseline,MX2,16,16,0
rohcha_long_tight_200,rohcha_long_tight,200,29,24,5
rohcha_long_tight_250,rohcha_long_tight,250,25,21,4
rohcha_long_tight_270,rohcha_long_tight,270,23,19,4
rohcha_long_tight_300,rohcha_long_tight,300,18,15,3
rohcha_long_tight_325,rohcha_long_tight,325,18,15,3
rohcha_long_tight_380,rohcha_long_tight,380,17,14,3
rohcha_long_tight_425,rohcha_long_tight,425,17,14,3
rohcha_long_tight_500,rohcha_long_tight,500,13,11,2
rohcha_long_tight_550,rohcha_long_tight,550,9,9,0
rohcha_long_tight_MX1,rohcha_long_tight,MX1,21,17,4
rohcha_long_tight_MX2,rohcha_long_tight,MX2,19,16,3
liu_short_baseline_200,liu_short_baseline,200,12,12,0
liu_short_baseline_250,liu_short_baseline,250,9,10,-1
liu_short_baseline_270,liu_short_baseline,270,9,10,-1
liu_short_baseline_300,liu_short_baseline,300,8,8,0
liu_short_baseline_325,liu_short_baseline,325,8,8,0
liu_short_baseline_380,liu_short_baseline,380,6,7,-1
liu_short_baseline_425,liu_short_baseline,425,5,5,0
liu_short_baseline_500,liu_short_baseline,500,5,5,0
liu_short_baseline_550,liu_short_baseline,550,5,5,0
liu_short_baseline_MX1,liu_short_baseline,MX1,8,8,0
liu_short_baseline_MX2,liu_short_baseline,MX2,6,7,-1
liu_short_tight_200,liu_short_tight,200,12,12,0
liu_short_tight_250,liu_short_tight,250,10,10,0
liu_short_tight_270,liu_short_tight,270,10,10,0
liu_short_tight_300,liu_short_tight,300,8,8,0
liu_short_tight_325,liu_short_tight,325,8,8,0
liu_short_tight_380,liu_short_tight,380,7,7,0
liu_short_tight_425,liu_short_tight,425,5,5,0
liu_short_tight_500,liu_short_tight,500,5,5,0
liu_short_tight_550,liu_short_tight,550,5,5,0
liu_short_tight_MX1,liu_short_tight,MX1,8,8,0
liu_short_tight_MX2,liu_short_tight,MX2,7,7,0
liu_massdep_baseline_200,liu_massdep_baseline,200,18,18,0
liu_massdep_baseline_250,liu_massdep_baseline,250,15,15,0
liu_massdep_baseline_270,liu_massdep_baseline,270,15,15,0
liu_massdep_baseline_300,liu_massdep_baseline,300,13,13,0
liu_massdep_baseline_325,liu_massdep_baseline,325,12,13,-1
liu_massdep_baseline_380,liu_massdep_baseline,380,10,11,-1
liu_massdep_baseline_425,liu_massdep_baseline,425,8,8,0
liu_massdep_baseline_500,liu_massdep_baseline,500,8,8,0
liu_massdep_baseline_550,liu_massdep_baseline,550,8,8,0
liu_massdep_baseline_MX1,liu_massdep_baseline,MX1,14,14,0
liu_massdep_baseline_MX2,liu_massdep_baseline,MX2,12,12,0
liu_massdep_tight_200,liu_massdep_tight,200,20,18,2
liu_massdep_tight_250,liu_massdep_tight,250,18,15,3
liu_massdep_tight_270,liu_massdep_tight,270,17,15,2
liu_massdep_tight_300,liu_massdep_tight,300,15,13,2
liu_massdep_tight_325,liu_massdep_tight,325,14,13,1
liu_massdep_tight_380,liu_massdep_tight,380,12,11,1
liu_massdep_tight_425,liu_massdep_tight,425,8,8,0
liu_massdep_tight_500,liu_massdep_tight,500,8,8,0
liu_massdep_tight_550,liu_massdep_tight,550,8,8,0
liu_massdep_tight_MX1,liu_massdep_tight,MX1,16,14,2
liu_massdep_tight_MX2,liu_massdep_tight,MX2,14,12,2
liu_long_baseline_200,liu_long_baseline,200,18,19,-1
liu_long_baseline_250,liu_long_baseline,250,16,16,0
liu_long_baseline_270,liu_long_baseline,270,15,16,-1
liu_long_baseline_300,liu_long_baseline,300,13,14,-1
liu_long_baseline_325,liu_long_baseline,325,13,13,0
liu_long_baseline_380,liu_long_baseline,380,11,11,0
liu_long_baseline_425,liu_long_baseline,425,8,9,-1
liu_long_baseline_500,liu_long_baseline,500,8,9,-1
liu_long_baseline_550,liu_long_baseline,550,8,9,-1
liu_long_baseline_MX1,liu_long_baseline,MX1,14,14,0
liu_long_baseline_MX2,liu_long_baseline,MX2,13,13,0
liu_long_tight_200,liu_long_tight,200,22,19,3
liu_long_tight_250,liu_long_tight,250,19,16,3
liu_long_tight_270,liu_long_tight,270,18,16,2
liu_long_tight_300,liu_long_tight,300,16,14,2
liu_long_tight_325,liu_long_tight,325,15,13,2
liu_long_tight_380,liu_long_tight,380,12,11,1
liu_long_tight_425,liu_long_tight,425,9,9,0
liu_long_tight_500,liu_long_tight,500,9,9,0
liu_long_tight_550,liu_long_tight,550,9,9,0
liu_long_tight_MX1,liu_long_tight,MX1,17,14,3
liu_long_tight_MX2,liu_long_tight,MX2,15,13,2
