cell,family,K_star,heavy_units,nominal_on,any_family,any_K,any_on,any_uncapped_days,any_complete,any_coop,complete,worst,outage_on,outage_uncapped_days,loss,rel_loss,outage_coop,meets_spec_every_day_outage,P_meet_q0.05,mean_on_q0.05,P_meet_q0.10,mean_on_q0.10,P_meet_q0.20,mean_on_q0.20,light_family,light_K,light_on,light_uncapped_days,light_complete,light_coop,heavy_family,heavy_K,heavy_on,heavy_uncapped_days,heavy_complete,heavy_coop
jiang_short_baseline,300,6,0,0.9993127147766323,300,5,0.8570446735395189,3,True,0.12508591065292096,True,any,0.8570446735395189,3,0.14226804123711345,0.14236588720770293,0.12508591065292096,False,0.8543,0.9921756357388316,0.72805,0.9851707216494845,0.49245,0.9709110652920963,,,,,,,,,,,,
jiang_short_baseline,380,5,0,0.9924398625429554,380,4,0.6398625429553264,24,True,0.053951890034364264,True,any,0.6398625429553264,24,0.35257731958762895,0.3552631578947369,0.053951890034364264,False,0.29,0.9748601718213059,0.08345,0.9573966323024055,0.005,0.9220148797250859,,,,,,,,,,,,
jiang_short_baseline,425,5,0,1.0,425,4,0.7749140893470791,7,True,0.012714776632302405,True,any,0.7749140893470791,7,0.22508591065292094,0.22508591065292094,0.012714776632302405,False,0.69575,0.9887310481099657,0.47625,0.9773106701030927,0.19395,0.9547936426116839,,,,,,,,,,,,
jiang_short_baseline,500,5,0,1.0,500,4,0.8329896907216495,1,True,0.0,True,any,0.8329896907216495,1,0.16701030927835048,0.16701030927835048,0.0,False,0.9482,0.9916370103092784,0.8946,0.9832500515463918,0.71545,0.966468058419244,,,,,,,,,,,,
jiang_short_baseline,550,5,0,1.0,550,4,0.8329896907216495,1,True,0.0,True,any,0.8329896907216495,1,0.16701030927835048,0.16701030927835048,0.0,False,0.9472,0.9916262199312715,0.8972,0.9832240206185567,0.7162,0.9665845189003436,,,,,,,,,,,,
jiang_short_baseline,L300_H500x1,5,1,0.9996563573883162,,,,,,,True,heavy,0.5312714776632302,29,0.4683848797250859,0.46854589205912683,0.12508591065292096,False,0.22745,0.976281735395189,0.04705,0.9526766323024056,0.00125,0.9061586426116839,L300_H500x1,4,0.8041237113402062,4,True,0.0013745704467353953,300,4,0.5312714776632302,29,True,0.12508591065292096
jiang_short_baseline,L300_H500x2,5,2,1.0,,,,,,,True,heavy,0.8041237113402062,4,0.19587628865979378,0.19587628865979378,0.0013745704467353953,False,0.81015,0.9901234536082475,0.6516,0.9804754467353952,0.359,0.9605839518900344,L300_H500x2,4,0.8250859106529209,1,True,0.0,L300_H500x1,4,0.8041237113402062,4,True,0.0013745704467353953
jiang_short_baseline,MX1,5,1,0.9670103092783505,,,,,,,True,heavy,0.43917525773195876,30,0.5278350515463918,0.5458422174840085,0.277319587628866,False,0.21745,0.9406368213058419,0.04255,0.9144163573883161,0.0018,0.8615868041237114,MX1,4,0.7508591065292096,21,True,0.026804123711340205,270,4,0.43917525773195876,30,True,0.277319587628866
jiang_short_baseline,MX2,5,2,1.0,,,,,,,True,heavy,0.7508591065292096,21,0.24914089347079038,0.24914089347079038,0.026804123711340205,False,0.34005,0.987564467353952,0.1084,0.9750834020618556,0.00895,0.950137972508591,MX2,4,0.7996563573883162,2,True,0.002061855670103093,MX1,4,0.7508591065292096,21,True,0.026804123711340205
jiang_massdep_baseline,300,9,0,0.9972508591065292,300,8,0.9539518900343643,1,True,0.12508591065292096,True,any,0.9539518900343643,1,0.043298969072164906,0.04341833218470016,0.12508591065292096,False,0.9466,0.9950425429553265,0.90415,0.9929611340206186,0.80255,0.9885899656357389,,,,,,,,,,,,
jiang_massdep_baseline,325,8,0,0.9810996563573883,325,7,0.8130584192439863,4,True,0.09965635738831616,True,any,0.8130584192439863,4,0.16804123711340202,0.17127845884413306,0.09965635738831616,False,0.8106,0.9727011683848796,0.62985,0.964345704467354,0.28355,0.9474117010309279,,,,,,,,,,,,
jiang_massdep_baseline,380,8,0,0.9982817869415808,380,7,0.9419243986254295,1,True,0.053951890034364264,True,any,0.9419243986254295,1,0.056357388316151225,0.05645438898450949,0.053951890034364264,False,0.9485,0.9954031099656357,0.9008,0.9926081099656356,0.7993,0.9869766323024054,,,,,,,,,,,,
jiang_massdep_baseline,425,7,0,0.9962199312714777,425,6,0.8006872852233677,5,True,0.012714776632302405,True,any,0.8006872852233677,5,0.19553264604810994,0.1962745774404967,0.012714776632302405,False,0.77045,0.9864195704467354,0.58175,0.9766126460481099,0.28065,0.9570361683848797,,,,,,,,,,,,
jiang_massdep_baseline,500,7,0,1.0,500,6,0.8635738831615121,0,True,0.0,True,any,0.8635738831615121,0,0.13642611683848793,0.13642611683848793,0.0,False,0.99995,0.993088883161512,0.9994,0.9863159793814433,0.95945,0.9727814261168386,,,,,,,,,,,,
jiang_massdep_baseline,550,7,0,1.0,550,6,0.8635738831615121,0,True,0.0,True,any,0.8635738831615121,0,0.13642611683848793,0.13642611683848793,0.0,False,1.0,0.9931658762886598,0.99915,0.9865267697594502,0.95675,0.9727639175257732,,,,,,,,,,,,
jiang_massdep_baseline,MX1,9,1,0.9869415807560138,,,,,,,True,heavy,0.6347079037800687,21,0.3522336769759451,0.35689415041782735,0.277319587628866,False,0.3432,0.9693201202749142,0.11075,0.951649467353952,0.0083,0.9160728350515464,MX1,8,0.9209621993127147,1,True,0.14673539518900344,270,8,0.6347079037800687,21,True,0.277319587628866
jiang_massdep_baseline,MX2,8,2,0.9927835051546392,,,,,,,True,heavy,0.7347079037800688,14,0.2580756013745704,0.25995154032537204,0.12268041237113401,False,0.49135,0.9799962542955326,0.22775,0.9670889862542956,0.0386,0.9411377319587628,MX2,7,0.9487972508591065,1,True,0.04054982817869416,MX1,7,0.7347079037800688,14,True,0.12268041237113401
extraheavy_short_baseline,300,7,0,0.9951890034364261,300,6,0.8780068728522337,4,True,0.19347079037800688,True,any,0.8780068728522337,4,0.11718213058419247,0.11774861878453041,0.19347079037800688,False,0.8186,0.9894034879725087,0.65855,0.9835841408934709,0.40565,0.9716835223367697,,,,,,,,,,,,
extraheavy_short_baseline,380,6,0,0.9941580756013746,380,5,0.7560137457044673,14,True,0.1584192439862543,True,any,0.7560137457044673,14,0.23814432989690726,0.2395437262357415,0.1584192439862543,False,0.48955,0.982267852233677,0.2263,0.970205824742268,0.04285,0.9464578350515465,,,,,,,,,,,,
extraheavy_short_baseline,425,6,0,0.9986254295532646,425,5,0.8223367697594501,6,True,0.14432989690721648,True,any,0.8223367697594501,6,0.17628865979381447,0.17653131452167933,0.14432989690721648,False,0.7376,0.989825120274914,0.5278,0.9810633333333333,0.2637,0.9634848453608247,,,,,,,,,,,,
extraheavy_short_baseline,500,6,0,1.0,500,5,0.9336769759450172,0,True,0.10824742268041238,True,any,0.9336769759450172,0,0.0663230240549828,0.0663230240549828,0.10824742268041238,False,1.0,0.996645910652921,1.0,0.9933319587628866,1.0,0.9868163402061856,,,,,,,,,,,,
extraheavy_short_baseline,550,5,0,0.9649484536082474,550,4,0.5567010309278351,30,True,0.09140893470790377,True,any,0.5567010309278351,30,0.40824742268041236,0.4230769230769231,0.09140893470790377,False,0.21775,0.9445698453608247,0.0432,0.9237576632302404,0.00095,0.8835180927835052,,,,,,,,,,,,
extraheavy_short_baseline,MX1,7,1,0.9986254295532646,,,,,,,True,heavy,0.6360824742268041,25,0.3625429553264605,0.36304198210598765,0.31305841924398625,False,0.28075,0.9806497594501717,0.0714,0.9625390378006873,0.00385,0.9263065463917525,MX1,6,0.9584192439862543,1,True,0.15257731958762888,270,6,0.6360824742268041,25,True,0.31305841924398625
extraheavy_short_baseline,MX2,6,2,0.9996563573883162,,,,,,,True,heavy,0.768384879725086,18,0.2312714776632302,0.23135097971811613,0.1309278350515464,False,0.3947,0.9881782817869417,0.15245,0.9766090549828179,0.01925,0.9535296735395189,MX2,5,0.9491408934707903,1,True,0.09209621993127148,MX1,5,0.768384879725086,18,True,0.1309278350515464
rohcha_short_baseline,500,6,0,0.9621993127147767,500,5,0.6536082474226804,22,True,0.22027491408934707,True,any,0.6536082474226804,22,0.30859106529209623,0.32071428571428573,0.22027491408934707,False,0.30185,0.9466623883161512,0.08405,0.9313318900343642,0.0053,0.900518384879725,,,,,,,,,,,,
rohcha_short_baseline,550,5,0,1.0,550,4,0.8329896907216495,1,True,0.0,True,any,0.8329896907216495,1,0.16701030927835048,0.16701030927835048,0.0,False,0.9489,0.9916817525773196,0.89465,0.9831568900343642,0.7221,0.9668037972508591,,,,,,,,,,,,
rohcha_short_baseline,MX2,8,2,0.9941580756013746,,,,,,,True,heavy,0.5683848797250859,30,0.4257731958762887,0.4282751469063256,0.5577319587628866,False,0.2104,0.9727545017182131,0.0434,0.9516518213058419,0.00145,0.9086509965635738,MX2,7,0.8037800687285224,4,True,0.37628865979381443,MX1,7,0.5683848797250859,30,True,0.5577319587628866
rohcha_massdep_baseline,300,17,0,0.9797250859106529,300,16,0.9347079037800687,0,True,0.6072164948453608,True,any,0.9347079037800687,0,0.045017182130584144,0.04594878989828126,0.6072164948453608,False,1.0,0.9774777147766323,1.0,0.9752185738831616,0.9999,0.9707003608247422,,,,,,,,,,,,
rohcha_massdep_baseline,500,12,0,0.9731958762886598,500,11,0.8752577319587629,0,True,0.22027491408934707,True,any,0.8752577319587629,0,0.09793814432989689,0.10063559322033896,0.22027491408934707,False,0.9915,0.9683398109965635,0.9363,0.9633727147766323,0.6574,0.9535579209621993,,,,,,,,,,,,
rohcha_massdep_baseline,550,9,0,0.9982817869415808,550,8,0.870446735395189,0,True,0.0,True,any,0.870446735395189,0,0.12783505154639174,0.1280550774526678,0.0,False,1.0,0.991952147766323,0.9989,0.9854749140893471,0.96405,0.9726097422680413,,,,,,,,,,,,
liu_short_baseline,380,6,0,0.9848797250859107,380,5,0.6738831615120275,20,True,0.19759450171821305,True,any,0.6738831615120275,20,0.31099656357388317,0.31577110956036286,0.19759450171821305,False,0.35325,0.9691820790378006,0.12305,0.9539426975945017,0.01135,0.9225841924398624,,,,,,,,,,,,
liu_short_baseline,425,5,0,1.0,425,4,0.8329896907216495,1,True,0.0,True,any,0.8329896907216495,1,0.16701030927835048,0.16701030927835048,0.0,False,0.95035,0.9916438144329898,0.88925,0.9831954810996563,0.7206,0.9666926975945017,,,,,,,,,,,,
liu_short_baseline,500,5,0,1.0,500,4,0.8329896907216495,1,True,0.0,True,any,0.8329896907216495,1,0.16701030927835048,0.16701030927835048,0.0,False,0.9497,0.9916099140893472,0.89615,0.9832127835051546,0.71995,0.9666626288659793,,,,,,,,,,,,
liu_short_baseline,550,5,0,1.0,550,4,0.8329896907216495,1,True,0.0,True,any,0.8329896907216495,1,0.16701030927835048,0.16701030927835048,0.0,False,0.94975,0.9916973539518901,0.89525,0.9833941065292096,0.7142,0.9665180584192441,,,,,,,,,,,,
liu_short_baseline,L300_H425x2,5,2,0.9934707903780069,,,,,,,True,heavy,0.625085910652921,30,0.36838487972508593,0.3708059494984435,0.08556701030927835,False,0.21585,0.975097474226804,0.0404,0.9564618384879725,0.00115,0.9201452749140894,L300_H425x2,4,0.7604810996563574,6,True,0.003780068728522337,L300_H425x1,4,0.625085910652921,30,True,0.08556701030927835
liu_short_baseline,L300_H425x3,5,3,1.0,,,,,,,True,heavy,0.7604810996563574,6,0.23951890034364265,0.23951890034364265,0.003780068728522337,False,0.72925,0.9880312714776631,0.5313,0.9761393470790378,0.21675,0.9521901718213058,L300_H425x3,4,0.8219931271477663,1,True,0.0,L300_H425x2,4,0.7604810996563574,6,True,0.003780068728522337
liu_short_baseline,L300_H425x4,5,4,1.0,,,,,,,True,heavy,0.8219931271477663,1,0.1780068728522337,0.1780068728522337,0.0,False,0.95,0.991118556701031,0.89525,0.9822961512027492,0.684,0.9642656013745705,425,4,0.8329896907216495,1,True,0.0,L300_H425x3,4,0.8219931271477663,1,True,0.0
liu_short_baseline,MX2,6,2,0.9831615120274914,,,,,,,True,heavy,0.5855670103092784,30,0.397594501718213,0.40440405452638933,0.2652920962199313,False,0.21745,0.9632277835051547,0.04185,0.943462852233677,0.0018,0.9037233848797251,MX2,5,0.8171821305841924,4,True,0.13367697594501718,MX1,5,0.5855670103092784,30,True,0.2652920962199313
liu_massdep_baseline,380,10,0,0.9646048109965636,380,9,0.7969072164948454,4,True,0.19759450171821305,True,any,0.7969072164948454,4,0.16769759450171817,0.17385108656929102,0.19759450171821305,False,0.70525,0.9562025429553265,0.4068,0.9479464776632303,0.08045,0.9310651202749141,,,,,,,,,,,,
liu_massdep_baseline,425,8,0,1.0,425,7,0.8725085910652921,0,True,0.0,True,any,0.8725085910652921,0,0.1274914089347079,0.1274914089347079,0.0,False,0.99995,0.9937031958762886,0.9999,0.9872527147766323,0.97975,0.9744099312714777,,,,,,,,,,,,
liu_massdep_baseline,500,8,0,1.0,500,7,0.8725085910652921,0,True,0.0,True,any,0.8725085910652921,0,0.1274914089347079,0.1274914089347079,0.0,False,1.0,0.9936311683848797,0.9998,0.9872713745704467,0.9793,0.9745283161512027,,,,,,,,,,,,
liu_massdep_baseline,550,8,0,1.0,550,7,0.8725085910652921,0,True,0.0,True,any,0.8725085910652921,0,0.1274914089347079,0.1274914089347079,0.0,False,1.0,0.9935986426116838,0.99995,0.9872005670103093,0.97975,0.9745888316151202,,,,,,,,,,,,
