series,cell,family,K_start,tested,K_final,K_single,K_cp0,K_cp100,K_cp300,boundary_checked,runs,time_limit_hits,wall_h,on_time,crew_veh_h,crew_team_h,after_h,after_days,coop_share,shift_h
jiang_short_baseline_MX1_rigid,jiang_short_baseline,MX1,5,"[4, 5, 6, 7, 8, 9]",,,,,,False,180,0,1.376360991722221,,,,,,,
jiang_short_baseline_MX2_rigid,jiang_short_baseline,MX2,5,"[4, 5]",5,5,5,5,5,True,120,0,0.98496774152777,0.9993127147766323,279.16714814814816,279.16714814814816,1.8362870370370374,30,0.0,320
jiang_short_tight_MX1_rigid,jiang_short_tight,MX1,6,"[5, 6, 7, 8, 9, 10]",,,,,,False,180,0,1.3557588217777816,,,,,,,
jiang_short_tight_MX2_rigid,jiang_short_tight,MX2,5,"[4, 5]",5,5,5,5,5,True,120,0,0.9387470598055532,0.9618556701030928,282.8058148148148,282.8058148148148,1.045972222222222,30,0.0,320
jiang_massdep_baseline_MX1_rigid,jiang_massdep_baseline,MX1,9,"[8, 9, 10, 11, 12, 13]",,,,,,False,180,0,1.2079023433055494,,,,,,,
jiang_massdep_baseline_MX2_rigid,jiang_massdep_baseline,MX2,7,"[6, 7, 8, 9, 10, 11]",,,,,,False,180,0,1.425408042388901,,,,,,,
jiang_massdep_tight_MX1_rigid,jiang_massdep_tight,MX1,10,"[9, 10, 11, 12, 13, 14]",,,,,,False,180,0,1.0253624871944325,,,,,,,
jiang_massdep_tight_MX2_rigid,jiang_massdep_tight,MX2,8,"[7, 8, 9, 10, 11, 12]",,,,,,False,180,0,1.384069865555559,,,,,,,
jiang_long_baseline_MX1_rigid,jiang_long_baseline,MX1,10,"[9, 10, 11, 12, 13, 14]",,,,,,False,180,0,0.9852715734999922,,,,,,,
jiang_long_baseline_MX2_rigid,jiang_long_baseline,MX2,9,"[8, 9, 10, 11, 12, 13]",,,,,,False,180,0,1.279434798083334,,,,,,,
jiang_long_tight_MX1_rigid,jiang_long_tight,MX1,13,"[12, 13, 14, 15, 16, 17]",,,,,,False,180,0,0.9794306810277661,,,,,,,
jiang_long_tight_MX2_rigid,jiang_long_tight,MX2,11,"[10, 11, 12, 13, 14, 15]",,,,,,False,180,0,1.0392955377777837,,,,,,,
lightskew_short_baseline_MX1_rigid,lightskew_short_baseline,MX1,5,"[4, 5, 6, 7, 8, 9]",,,,,,False,180,0,1.3923072350833454,,,,,,,
lightskew_short_baseline_MX2_rigid,lightskew_short_baseline,MX2,5,"[4, 5]",5,5,5,5,5,True,120,0,1.0442990390833347,1.0,277.08551851851854,277.08551851851854,1.7783703703703704,30,0.0,320
lightskew_short_tight_MX1_rigid,lightskew_short_tight,MX1,6,"[5, 6, 7, 8, 9, 10]",,,,,,False,180,0,1.357759302027771,,,,,,,
lightskew_short_tight_MX2_rigid,lightskew_short_tight,MX2,5,"[4, 5]",5,5,5,5,5,True,120,0,0.9649581189444436,0.9982817869415808,280.94322222222223,280.94322222222223,0.3613796296296296,30,0.0,320
lightskew_massdep_baseline_MX1_rigid,lightskew_massdep_baseline,MX1,9,"[8, 9, 10, 11, 12, 13]",,,,,,False,180,0,1.2450790161111127,,,,,,,
lightskew_massdep_baseline_MX2_rigid,lightskew_massdep_baseline,MX2,8,"[7, 8, 9, 10, 11, 12]",,,,,,False,180,0,1.4109604750277707,,,,,,,
lightskew_massdep_tight_MX1_rigid,lightskew_massdep_tight,MX1,10,"[9, 10, 11, 12, 13, 14]",,,,,,False,180,0,1.1252173663333274,,,,,,,
lightskew_massdep_tight_MX2_rigid,lightskew_massdep_tight,MX2,8,"[7, 8, 9, 10, 11, 12]",,,,,,False,180,0,1.383770716972225,,,,,,,
lightskew_long_baseline_MX1_rigid,lightskew_long_baseline,MX1,10,"[9, 10, 11, 12, 13, 14]",,,,,,False,180,0,1.157974500027799,,,,,,,
lightskew_long_baseline_MX2_rigid,lightskew_long_baseline,MX2,9,"[8, 9, 10, 11, 12, 13]",,,,,,False,180,0,1.3568373867777757,,,,,,,
lightskew_long_tight_MX1_rigid,lightskew_long_tight,MX1,12,"[11, 12, 13, 14, 15, 16]",,,,,,False,180,0,1.0277811846666705,,,,,,,
lightskew_long_tight_MX2_rigid,lightskew_long_tight,MX2,11,"[10, 11, 12, 13, 14, 15]",,,,,,False,180,0,1.0493090682222157,,,,,,,
uniform_short_baseline_MX1_rigid,uniform_short_baseline,MX1,7,"[6, 7, 8, 9, 10, 11]",,,,,,False,180,0,1.0310533155277735,,,,,,,
uniform_short_baseline_MX2_rigid,uniform_short_baseline,MX2,6,"[5, 6, 7, 8, 9, 10]",,,,,,False,180,0,1.2002581712500064,,,,,,,
uniform_short_tight_MX1_rigid,uniform_short_tight,MX1,8,"[7, 8, 9, 10, 11, 12]",,,,,,False,180,0,0.9447265461666696,,,,,,,
uniform_short_tight_MX2_rigid,uniform_short_tight,MX2,6,"[5, 6, 7, 8, 9, 10]",,,,,,False,180,0,1.1850535464444394,,,,,,,
uniform_massdep_baseline_MX1_rigid,uniform_massdep_baseline,MX1,14,"[13, 14, 15, 16, 17, 18]",,,,,,False,180,0,0.8752341146388898,,,,,,,
uniform_massdep_baseline_MX2_rigid,uniform_massdep_baseline,MX2,13,"[12, 13, 14, 15, 16, 17]",,,,,,False,180,0,0.9758676771388983,,,,,,,
uniform_massdep_tight_MX1_rigid,uniform_massdep_tight,MX1,15,"[14, 15, 16, 17, 18, 19]",,,,,,False,180,0,0.9247056387222283,,,,,,,
uniform_massdep_tight_MX2_rigid,uniform_massdep_tight,MX2,14,"[13, 14, 15, 16, 17, 18]",,,,,,False,180,0,0.8512541457777848,,,,,,,
uniform_long_baseline_MX1_rigid,uniform_long_baseline,MX1,14,"[13, 14, 15, 16, 17, 18]",,,,,,False,180,0,0.8989655566388823,,,,,,,
uniform_long_baseline_MX2_rigid,uniform_long_baseline,MX2,12,"[11, 12, 13, 14, 15, 16]",,,,,,False,180,0,0.8976186114999988,,,,,,,
uniform_long_tight_MX1_rigid,uniform_long_tight,MX1,16,"[15, 16, 17, 18, 19, 20]",,,,,,False,180,0,0.8962439431111126,,,,,,,
uniform_long_tight_MX2_rigid,uniform_long_tight,MX2,15,"[14, 15, 16, 17, 18, 19]",,,,,,False,180,0,0.8800508729166735,,,,,,,
extraheavy_short_baseline_MX1_rigid,extraheavy_short_baseline,MX1,7,"[6, 7, 8, 9, 10, 11]",,,,,,False,180,0,2.7450576828888846,,,,,,,
extraheavy_short_baseline_MX2_rigid,extraheavy_short_baseline,MX2,6,"[4, 5, 6]",5,6,6,6,6,True,210,0,2.5380802090555505,0.9501718213058419,330.0616296296295,300.9957037037037,4.693240740740742,30,0.09140893470790377,320
extraheavy_short_tight_MX1_rigid,extraheavy_short_tight,MX1,7,"[6, 7, 8, 9, 10, 11]",,,,,,False,180,0,2.9307439488055484,,,,,,,
extraheavy_short_tight_MX2_rigid,extraheavy_short_tight,MX2,6,"[5, 6, 7]",6,6,7,6,6,True,150,0,2.1473748219722153,0.9505154639175257,328.96759259259267,298.29211111111107,1.0433240740740741,30,0.09140893470790377,384
extraheavy_massdep_baseline_MX1_rigid,extraheavy_massdep_baseline,MX1,13,"[12, 13, 14, 15, 16, 17]",,,,,,False,180,0,1.8769682059444472,,,,,,,
extraheavy_massdep_baseline_MX2_rigid,extraheavy_massdep_baseline,MX2,12,"[11, 12, 13, 14, 15, 16]",,,,,,False,180,0,2.080007088527779,,,,,,,
extraheavy_massdep_tight_MX1_rigid,extraheavy_massdep_tight,MX1,14,"[13, 14, 15, 16, 17, 18]",,,,,,False,180,0,1.8507261783888933,,,,,,,
extraheavy_massdep_tight_MX2_rigid,extraheavy_massdep_tight,MX2,13,"[12, 13, 14, 15, 16, 17]",,,,,,False,180,0,2.020381411583336,,,,,,,
extraheavy_long_baseline_MX1_rigid,extraheavy_long_baseline,MX1,13,"[12, 13, 14, 15, 16, 17]",,,,,,False,180,0,1.929424337555557,,,,,,,
extraheavy_long_baseline_MX2_rigid,extraheavy_long_baseline,MX2,12,"[11, 12, 13, 14, 15, 16]",,,,,,False,180,0,2.131004935666662,,,,,,,
extraheavy_long_tight_MX1_rigid,extraheavy_long_tight,MX1,15,"[14, 15, 16, 17, 18, 19]",,,,,,False,180,0,1.846926007527774,,,,,,,
extraheavy_long_tight_MX2_rigid,extraheavy_long_tight,MX2,14,"[13, 14, 15, 16, 17, 18]",,,,,,False,180,0,2.0262287354999975,,,,,,,
rohcha_short_baseline_MX1_rigid,rohcha_short_baseline,MX1,10,"[9, 10, 11, 12, 13, 14]",,,,,,False,180,0,0.9497973795833402,,,,,,,
rohcha_short_baseline_MX2_rigid,rohcha_short_baseline,MX2,8,"[7, 8, 9, 10, 11, 12]",,,,,,False,180,0,1.2163954719166945,,,,,,,
rohcha_short_tight_MX1_rigid,rohcha_short_tight,MX1,11,"[10, 11, 12, 13, 14, 15]",,,,,,False,180,0,0.8785785177500156,,,,,,,
rohcha_short_tight_MX2_rigid,rohcha_short_tight,MX2,8,"[7, 8, 9, 10, 11, 12]",,,,,,False,180,0,1.1630591357222217,,,,,,,
rohcha_massdep_baseline_MX1_rigid,rohcha_massdep_baseline,MX1,19,"[18, 19, 20, 21, 22, 23]",,,,,,False,180,0,1.0291299036388881,,,,,,,
rohcha_massdep_baseline_MX2_rigid,rohcha_massdep_baseline,MX2,17,"[16, 17, 18, 19, 20, 21]",,,,,,False,180,0,1.0919334480833358,,,,,,,
rohcha_massdep_tight_MX1_rigid,rohcha_massdep_tight,MX1,22,"[21, 22, 23, 24, 25, 26]",,,,,,False,180,0,1.013357082250005,,,,,,,
rohcha_massdep_tight_MX2_rigid,rohcha_massdep_tight,MX2,20,"[19, 20, 21, 22, 23, 24]",,,,,,False,180,0,1.0696514735000102,,,,,,,
rohcha_long_baseline_MX1_rigid,rohcha_long_baseline,MX1,18,"[17, 18, 19, 20, 21, 22]",,,,,,False,180,0,1.0907799222499914,,,,,,,
rohcha_long_baseline_MX2_rigid,rohcha_long_baseline,MX2,16,"[15, 16, 17, 18, 19, 20]",,,,,,False,180,0,1.062596107638883,,,,,,,
rohcha_long_tight_MX1_rigid,rohcha_long_tight,MX1,21,"[20, 21, 22, 23, 24, 25]",,,,,,False,180,0,1.0241001016388847,,,,,,,
rohcha_long_tight_MX2_rigid,rohcha_long_tight,MX2,19,"[18, 19, 20, 21, 22, 23]",,,,,,False,180,0,1.0704005605000024,,,,,,,
liu_short_baseline_MX1_rigid,liu_short_baseline,MX1,7,"[6, 7, 8, 9, 10, 11]",,,,,,False,180,0,1.0781197601388874,,,,,,,
liu_short_baseline_MX2_rigid,liu_short_baseline,MX2,6,"[5, 6, 7, 8, 9, 10]",,,,,,False,180,0,1.1424315183888918,,,,,,,
liu_short_tight_MX1_rigid,liu_short_tight,MX1,8,"[7, 8, 9, 10, 11, 12]",,,,,,False,180,0,1.058013679166663,,,,,,,
liu_short_tight_MX2_rigid,liu_short_tight,MX2,7,"[6, 7, 8, 9, 10, 11]",,,,,,False,180,0,1.2036589476111093,,,,,,,
liu_massdep_baseline_MX1_rigid,liu_massdep_baseline,MX1,13,"[12, 13, 14, 15, 16, 17]",,,,,,False,180,0,0.9395916895277779,,,,,,,
liu_massdep_baseline_MX2_rigid,liu_massdep_baseline,MX2,12,"[11, 12, 13, 14, 15, 16]",,,,,,False,180,0,0.8842464793055511,,,,,,,
liu_massdep_tight_MX1_rigid,liu_massdep_tight,MX1,16,"[15, 16, 17, 18, 19, 20]",,,,,,False,180,0,0.8931277733333404,,,,,,,
liu_massdep_tight_MX2_rigid,liu_massdep_tight,MX2,14,"[13, 14, 15, 16, 17, 18]",,,,,,False,180,0,0.9075990707500056,,,,,,,
liu_long_baseline_MX1_rigid,liu_long_baseline,MX1,14,"[13, 14, 15, 16, 17, 18]",,,,,,False,180,0,0.912211099250002,,,,,,,
liu_long_baseline_MX2_rigid,liu_long_baseline,MX2,13,"[12, 13, 14, 15, 16, 17]",,,,,,False,180,0,0.8939477843333323,,,,,,,
liu_long_tight_MX1_rigid,liu_long_tight,MX1,17,"[16, 17, 18, 19, 20, 21]",,,,,,False,180,0,0.9064777493055578,,,,,,,
liu_long_tight_MX2_rigid,liu_long_tight,MX2,15,"[14, 15, 16, 17, 18, 19]",,,,,,False,180,0,0.9091130011666624,,,,,,,
