series,cell,family,K_star,K_rob,pert_K+0,pert_K+1,pert_K+2,over_K+0,over_K+1,over_K+2,extra_used_K+0,extra_used_K+1,extra_used_K+2,after_h_rob,over_K+3,pert_K+3,extra_used_K+3
jiang_short_baseline_200,jiang_short_baseline,200,9,10,0.9379037800687285,0.9729553264604811,0.983659793814433,0.016666666666666666,0.0,0.0,0.0,0.9333333333333333,1.6333333333333333,2.7743333333333333,,,
jiang_short_baseline_250,jiang_short_baseline,250,7,8,0.9148281786941581,0.9754639175257732,0.9874398625429553,0.08,0.0,0.0,-0.03333333333333333,0.9333333333333333,1.6333333333333333,2.1346759259259254,,,
jiang_short_baseline_270,jiang_short_baseline,270,7,7,0.961872852233677,0.9809621993127148,0.9899656357388316,0.0,0.0,0.0,-0.1,0.8,1.7666666666666666,2.7116296296296287,,,
jiang_short_baseline_300,jiang_short_baseline,300,6,6,0.9674226804123711,0.9825085910652921,0.9866494845360825,0.0,0.0,0.0,-0.03333333333333333,0.7666666666666667,1.3,1.9852222222222224,,,
jiang_short_baseline_325,jiang_short_baseline,325,6,6,0.974278350515464,0.9837800687285223,0.9896048109965636,0.0,0.0,0.0,-0.03333333333333333,0.7333333333333333,1.4333333333333333,1.645027777777778,,,
jiang_short_baseline_380,jiang_short_baseline,380,5,6,0.9467697594501718,0.9768728522336769,0.9822164948453608,0.028333333333333332,0.0,0.0,0.0,0.9333333333333333,1.6,1.2621481481481482,,,
jiang_short_baseline_425,jiang_short_baseline,425,5,5,0.9727835051546392,0.980360824742268,0.9858419243986254,0.0,0.0,0.0,0.0,0.7,1.4,1.8265833333333332,,,
jiang_short_baseline_500,jiang_short_baseline,500,5,5,0.9725601374570447,0.9815979381443299,0.9851374570446736,0.0,0.0,0.0,0.0,0.7333333333333333,1.3666666666666667,1.760814814814815,,,
jiang_short_baseline_550,jiang_short_baseline,550,5,5,0.9725601374570447,0.9815979381443299,0.9851374570446736,0.0,0.0,0.0,0.0,0.7333333333333333,1.3666666666666667,1.760814814814815,,,
jiang_short_baseline_MX1,jiang_short_baseline,MX1,5,6,0.9147079037800687,0.9732817869415807,0.9780584192439863,0.07166666666666667,0.0,0.0,0.0,0.8666666666666667,1.4666666666666666,1.8262314814814815,,,
jiang_short_baseline_MX2,jiang_short_baseline,MX2,5,5,0.9702233676975945,0.9762027491408934,0.9786769759450172,0.0,0.0,0.0,0.0,0.7666666666666667,1.1666666666666667,1.7673888888888887,,,
jiang_massdep_baseline_200,jiang_massdep_baseline,200,13,16,0.8663573883161512,0.9136082474226804,0.9392439862542955,0.11166666666666666,0.0,0.0,-0.03333333333333333,0.9,1.9,3.456120370370371,0.0,0.9520274914089347,2.7
jiang_massdep_baseline_250,jiang_massdep_baseline,250,11,13,0.8952405498281787,0.9400515463917526,0.9563230240549828,0.045,0.0,0.0,0.0,0.8666666666666667,1.7,2.5968055555555556,0.0,0.9636254295532646,2.466666666666667
jiang_massdep_baseline_270,jiang_massdep_baseline,270,10,12,0.8735910652920962,0.9313917525773195,0.9528694158075601,0.13166666666666665,0.008333333333333333,0.0,0.0,0.9333333333333333,1.7666666666666666,2.7827685185185183,0.0,0.9630412371134021,2.566666666666667
jiang_massdep_baseline_300,jiang_massdep_baseline,300,9,10,0.9217010309278351,0.9523539518900344,0.962680412371134,0.03333333333333333,0.0,0.0,-0.06666666666666667,0.8,1.5333333333333334,2.2162962962962967,0.0,0.9691408934707904,2.466666666666667
jiang_massdep_baseline_325,jiang_massdep_baseline,325,8,10,0.8779725085910652,0.9313917525773195,0.9549484536082474,0.075,0.0,0.0,-0.03333333333333333,0.9,1.8666666666666667,2.150574074074074,0.0,0.9667353951890034,2.6
jiang_massdep_baseline_380,jiang_massdep_baseline,380,8,9,0.9297594501718213,0.9551030927835051,0.9628178694158076,0.035,0.0,0.0,-0.03333333333333333,0.8333333333333334,1.6333333333333333,2.2039166666666667,0.0,0.9714948453608248,2.6
jiang_massdep_baseline_425,jiang_massdep_baseline,425,7,9,0.9109793814432989,0.9468384879725086,0.9575773195876288,0.01,0.0,0.0,0.0,0.9666666666666667,1.7333333333333334,1.8161388888888896,0.0,0.9638831615120275,2.6666666666666665
jiang_massdep_baseline_500,jiang_massdep_baseline,500,7,8,0.9311512027491409,0.9507731958762886,0.9612371134020619,0.0,0.0,0.0,0.0,0.8333333333333334,1.7,2.1514166666666665,0.0,0.9680412371134021,2.433333333333333
jiang_massdep_baseline_550,jiang_massdep_baseline,550,7,8,0.9311512027491409,0.9507731958762886,0.9612371134020619,0.0,0.0,0.0,0.0,0.8333333333333334,1.7,2.1514166666666665,0.0,0.9680412371134021,2.433333333333333
jiang_massdep_baseline_MX1,jiang_massdep_baseline,MX1,9,11,0.8966666666666666,0.9357903780068728,0.9524914089347079,0.051666666666666666,0.0,0.0,-0.1,0.7666666666666667,1.7,2.472972222222223,0.0016666666666666668,0.9607903780068728,2.6
jiang_massdep_baseline_MX2,jiang_massdep_baseline,MX2,8,11,0.9136254295532646,0.9402577319587628,0.9496048109965636,0.015,0.0,0.0,-0.1,0.8,1.6333333333333333,2.1375000000000006,0.0,0.9575601374570447,2.6666666666666665
rohcha_short_baseline_200,rohcha_short_baseline,200,15,16,0.9358419243986255,0.9683333333333334,0.9775773195876288,0.0,0.0,0.0,-0.16666666666666666,0.8333333333333334,1.6333333333333333,5.1077870370370375,0.0,0.9830756013745704,2.3666666666666667
rohcha_short_baseline_250,rohcha_short_baseline,250,13,14,0.9370790378006872,0.9689347079037801,0.9763917525773196,0.01,0.0,0.0,-0.03333333333333333,0.9,1.6333333333333333,4.232759259259259,,,
rohcha_short_baseline_270,rohcha_short_baseline,270,12,12,0.9511683848797251,0.9726975945017182,0.9784707903780069,0.0,0.0,0.0,-0.13333333333333333,0.9666666666666667,1.4,5.530694444444446,,,
rohcha_short_baseline_300,rohcha_short_baseline,300,9,10,0.9357216494845361,0.977147766323024,0.9850515463917526,0.035,0.0,0.0,-0.06666666666666667,0.9,1.7,3.1247500000000006,,,
rohcha_short_baseline_325,rohcha_short_baseline,325,9,10,0.9357216494845361,0.977147766323024,0.9850515463917526,0.035,0.0,0.0,-0.06666666666666667,0.9,1.7,3.1247500000000006,,,
rohcha_short_baseline_380,rohcha_short_baseline,380,8,9,0.8898281786941581,0.9747594501718213,0.9823367697594502,0.115,0.0,0.0,-0.03333333333333333,1.0,1.5333333333333334,2.5517499999999997,,,
rohcha_short_baseline_425,rohcha_short_baseline,425,8,9,0.8898281786941581,0.9747594501718213,0.9823367697594502,0.115,0.0,0.0,-0.03333333333333333,1.0,1.5333333333333334,2.5517499999999997,,,
rohcha_short_baseline_500,rohcha_short_baseline,500,6,7,0.9036254295532646,0.9811168384879725,0.9867697594501719,0.15666666666666668,0.0,0.0,0.0,0.9,1.5666666666666667,1.8069907407407406,,,
rohcha_short_baseline_550,rohcha_short_baseline,550,5,5,0.9725601374570447,0.9815979381443299,0.9851374570446736,0.0,0.0,0.0,0.0,0.7333333333333333,1.3666666666666667,1.760814814814815,,,
rohcha_short_baseline_MX1,rohcha_short_baseline,MX1,10,11,0.9426460481099657,0.9713573883161511,0.976786941580756,0.0033333333333333335,0.0,0.0,-0.03333333333333333,0.8333333333333334,1.5666666666666667,2.776583333333334,,,
rohcha_short_baseline_MX2,rohcha_short_baseline,MX2,8,9,0.9417525773195876,0.9609278350515464,0.9652233676975945,0.0,0.008333333333333333,0.0,-0.03333333333333333,0.7,1.2333333333333334,2.817212962962963,,,
rohcha_massdep_baseline_200,rohcha_massdep_baseline,200,26,>29,0.798127147766323,0.8446563573883161,0.8911168384879725,0.11166666666666666,0.021666666666666667,0.0033333333333333335,-0.06666666666666667,0.9666666666666667,1.9333333333333333,7.9927129629629645,0.0016666666666666668,0.9184536082474227,2.7666666666666666
rohcha_massdep_baseline_250,rohcha_massdep_baseline,250,23,>26,0.8222164948453609,0.8797938144329897,0.9089175257731958,0.075,0.0033333333333333335,0.0033333333333333335,-0.06666666666666667,1.0,1.7666666666666666,5.945324074074075,0.0016666666666666668,0.925274914089347,2.6
rohcha_massdep_baseline_270,rohcha_massdep_baseline,270,21,>24,0.8433161512027492,0.8909106529209622,0.9154123711340206,0.095,0.006666666666666667,0.0016666666666666668,-0.1,0.9666666666666667,1.7333333333333334,5.875759259259259,0.0,0.9287972508591066,2.7
rohcha_massdep_baseline_300,rohcha_massdep_baseline,300,17,>20,0.8619243986254296,0.9092096219931272,0.9289862542955326,0.03666666666666667,0.0,0.0033333333333333335,-0.06666666666666667,0.8666666666666667,1.7333333333333334,4.206824074074075,0.0033333333333333335,0.9411512027491409,2.6666666666666665
rohcha_massdep_baseline_325,rohcha_massdep_baseline,325,17,>20,0.8619243986254296,0.9092096219931272,0.9289862542955326,0.03666666666666667,0.0,0.0033333333333333335,-0.06666666666666667,0.8666666666666667,1.7333333333333334,4.206824074074075,0.0033333333333333335,0.9411512027491409,2.6666666666666665
rohcha_massdep_baseline_380,rohcha_massdep_baseline,380,16,>19,0.8664948453608248,0.9099656357388316,0.9299140893470791,0.041666666666666664,0.0,0.0016666666666666668,-0.03333333333333333,0.7666666666666667,1.7333333333333334,3.9710185185185187,0.0,0.9407731958762887,2.7666666666666666
rohcha_massdep_baseline_425,rohcha_massdep_baseline,425,16,>19,0.8664948453608248,0.9099656357388316,0.9299140893470791,0.041666666666666664,0.0,0.0016666666666666668,-0.03333333333333333,0.7666666666666667,1.7333333333333334,3.9710185185185187,0.0,0.9407731958762887,2.7666666666666666
rohcha_massdep_baseline_500,rohcha_massdep_baseline,500,12,>15,0.8390721649484536,0.8984192439862543,0.9252233676975945,0.12166666666666667,0.0033333333333333335,0.0,-0.03333333333333333,0.8333333333333334,1.8666666666666667,2.6982314814814816,0.0,0.9430240549828178,2.6666666666666665
rohcha_massdep_baseline_550,rohcha_massdep_baseline,550,9,>12,0.881701030927835,0.9159621993127148,0.9282646048109966,0.0,0.0,0.0,0.0,0.8333333333333334,1.6666666666666667,2.428472222222223,0.0,0.9440893470790378,2.8666666666666667
rohcha_massdep_baseline_MX1,rohcha_massdep_baseline,MX1,19,>22,0.8250687285223368,0.8728006872852234,0.9131443298969072,0.12833333333333333,0.03833333333333333,0.023333333333333334,-0.1,0.9333333333333333,1.7333333333333334,4.053009259259259,0.011666666666666667,0.9340378006872853,2.6666666666666665
rohcha_massdep_baseline_MX2,rohcha_massdep_baseline,MX2,17,>20,0.8038316151202749,0.8678006872852234,0.8959450171821306,0.22333333333333333,0.075,0.013333333333333334,0.0,1.0,1.6666666666666667,3.885722222222222,0.011666666666666667,0.9234707903780068,2.7666666666666666
liu_short_baseline_200,liu_short_baseline,200,12,12,0.9718041237113402,0.9773024054982817,0.9824570446735396,0.0,0.0,0.0,0.0,0.5666666666666667,1.3333333333333333,3.9593148148148156,,,
liu_short_baseline_250,liu_short_baseline,250,9,10,0.8936941580756014,0.9738659793814433,0.9802405498281787,0.058333333333333334,0.0,0.0,0.0,1.0,1.6,2.8127685185185185,,,
liu_short_baseline_270,liu_short_baseline,270,9,10,0.9204639175257732,0.9733161512027492,0.9827835051546392,0.065,0.0,0.0,0.0,0.9333333333333333,1.6666666666666667,2.8988611111111116,,,
liu_short_baseline_300,liu_short_baseline,300,8,9,0.9487800687285224,0.9818728522336769,0.9876460481099656,0.015,0.0,0.0,0.0,0.9666666666666667,1.7,1.706287037037037,,,
liu_short_baseline_325,liu_short_baseline,325,8,8,0.9682817869415807,0.9830240549828179,0.9906529209621994,0.0,0.0,0.0,-0.03333333333333333,0.7666666666666667,1.7,2.5769074074074068,,,
liu_short_baseline_380,liu_short_baseline,380,6,7,0.922938144329897,0.9800343642611684,0.9853092783505155,0.051666666666666666,0.0,0.0,0.0,0.9666666666666667,1.5666666666666667,1.3442314814814815,,,
liu_short_baseline_425,liu_short_baseline,425,5,5,0.9725601374570447,0.9815979381443299,0.9851374570446736,0.0,0.0,0.0,0.0,0.7333333333333333,1.3666666666666667,1.760814814814815,,,
liu_short_baseline_500,liu_short_baseline,500,5,5,0.9725601374570447,0.9815979381443299,0.9851374570446736,0.0,0.0,0.0,0.0,0.7333333333333333,1.3666666666666667,1.760814814814815,,,
liu_short_baseline_550,liu_short_baseline,550,5,5,0.9725601374570447,0.9815979381443299,0.9851374570446736,0.0,0.0,0.0,0.0,0.7333333333333333,1.3666666666666667,1.760814814814815,,,
liu_short_baseline_MX1,liu_short_baseline,MX1,8,8,0.9546907216494845,0.9695876288659794,0.9735051546391753,0.008333333333333333,0.0,0.0,-0.06666666666666667,0.6666666666666666,1.2,2.950601851851851,,,
liu_short_baseline_MX2,liu_short_baseline,MX2,6,7,0.9271821305841924,0.9649312714776632,0.9683676975945017,0.03333333333333333,0.0,0.0,-0.03333333333333333,0.8666666666666667,1.3666666666666667,2.3395185185185183,,,
liu_massdep_baseline_200,liu_massdep_baseline,200,18,>21,0.900807560137457,0.9033505154639175,0.9291580756013745,0.0033333333333333335,0.0033333333333333335,0.0,0.0,0.3333333333333333,1.6666666666666667,5.822388888888889,0.0,0.9386426116838488,2.3
liu_massdep_baseline_250,liu_massdep_baseline,250,15,>18,0.8373711340206186,0.8992783505154639,0.9264948453608247,0.08,0.0,0.0,0.0,0.9666666666666667,1.8666666666666667,4.5569444444444445,0.0,0.9365120274914089,2.6666666666666665
liu_massdep_baseline_270,liu_massdep_baseline,270,15,>18,0.8618728522336769,0.905446735395189,0.921958762886598,0.03166666666666667,0.0,0.0,-0.03333333333333333,0.9333333333333333,1.7333333333333334,4.0501203703703705,0.0,0.9384707903780068,2.7
liu_massdep_baseline_300,liu_massdep_baseline,300,13,>16,0.847594501718213,0.9096563573883162,0.930171821305842,0.10833333333333334,0.0,0.0,0.0,0.9333333333333333,1.7666666666666666,3.096361111111111,0.0,0.9461683848797251,2.6333333333333333
liu_massdep_baseline_325,liu_massdep_baseline,325,12,>15,0.8057731958762887,0.8907731958762887,0.9193470790378007,0.235,0.008333333333333333,0.0,0.0,1.0,1.7666666666666666,3.0102962962962962,0.0,0.9387972508591065,2.7666666666666666
liu_massdep_baseline_380,liu_massdep_baseline,380,10,>13,0.8217697594501718,0.9019243986254295,0.9285567010309278,0.17,0.0,0.0,0.0,0.9666666666666667,1.7333333333333334,2.1650370370370373,0.0,0.9442096219931272,2.8
liu_massdep_baseline_425,liu_massdep_baseline,425,8,>11,0.9079725085910653,0.9273024054982818,0.9389175257731959,0.0016666666666666668,0.0,0.0,0.0,0.9,1.6666666666666667,1.9921574074074075,0.0,0.9487800687285224,2.6666666666666665
liu_massdep_baseline_500,liu_massdep_baseline,500,8,>11,0.9079725085910653,0.9273024054982818,0.9389175257731959,0.0016666666666666668,0.0,0.0,0.0,0.9,1.6666666666666667,1.9921574074074075,0.0,0.9487800687285224,2.6666666666666665
liu_massdep_baseline_550,liu_massdep_baseline,550,8,>11,0.9079725085910653,0.9273024054982818,0.9389175257731959,0.0016666666666666668,0.0,0.0,0.0,0.9,1.6666666666666667,1.9921574074074075,0.0,0.9487800687285224,2.6666666666666665
liu_massdep_baseline_MX1,liu_massdep_baseline,MX1,14,>17,0.8736254295532646,0.9110481099656358,0.9241752577319587,0.006666666666666667,0.0,0.0,-0.06666666666666667,0.9,1.7,3.5235648148148146,0.0,0.933573883161512,2.3333333333333335
liu_massdep_baseline_MX2,liu_massdep_baseline,MX2,12,>15,0.8293986254295532,0.8987628865979381,0.9180584192439862,0.14833333333333334,0.03166666666666667,0.0,0.0,0.9666666666666667,1.6333333333333333,3.3508611111111106,0.0,0.9265120274914089,2.3
