cell,model,r,labour,winner_rob,status,winner_nominal
jiang_short_baseline,affine,5.1,shift_h,MX2,decided,MX1
jiang_short_baseline,affine,5.1,shift_ot_h,MX2,decided,MX2
jiang_short_baseline,affine,6.364496630910889,shift_h,MX2,decided,MX1
jiang_short_baseline,affine,6.364496630910889,shift_ot_h,MX2,decided,MX2
jiang_short_baseline,affine,7.9425132087992285,shift_h,MX2,decided,MX1
jiang_short_baseline,affine,7.9425132087992285,shift_ot_h,MX2,decided,MX2
jiang_short_baseline,affine,9.911784031052534,shift_h,MX2,decided,MX1
jiang_short_baseline,affine,9.911784031052534,shift_ot_h,MX2,decided,MX2
jiang_short_baseline,affine,12.36931687685298,shift_h,MX2,decided,MX1
jiang_short_baseline,affine,12.36931687685298,shift_ot_h,MX2,decided,MX2
jiang_short_baseline,affine,15.436171684196077,shift_h,MX2,decided,MX1
jiang_short_baseline,affine,15.436171684196077,shift_ot_h,MX2,decided,MX2
jiang_short_baseline,affine,19.26342405455451,shift_h,MX2,decided,MX1
jiang_short_baseline,affine,19.26342405455451,shift_ot_h,MX2,decided,MX2
jiang_short_baseline,affine,24.039607351964708,shift_h,MX2,decided,MX1
jiang_short_baseline,affine,24.039607351964708,shift_ot_h,MX2,decided,MX1
jiang_short_baseline,affine,30.000000000000004,shift_h,MX2,decided,MX1
jiang_short_baseline,affine,30.000000000000004,shift_ot_h,MX2,decided,MX1
jiang_massdep_baseline,affine,5.1,shift_h,500,decided,425
jiang_massdep_baseline,affine,5.1,shift_ot_h,500,decided,425
jiang_massdep_baseline,affine,6.364496630910889,shift_h,500,decided,425
jiang_massdep_baseline,affine,6.364496630910889,shift_ot_h,500,decided,425
jiang_massdep_baseline,affine,7.9425132087992285,shift_h,500,decided,425
jiang_massdep_baseline,affine,7.9425132087992285,shift_ot_h,500,decided,425
jiang_massdep_baseline,affine,9.911784031052534,shift_h,500,decided,425
jiang_massdep_baseline,affine,9.911784031052534,shift_ot_h,500,decided,425
jiang_massdep_baseline,affine,12.36931687685298,shift_h,500,decided,425
jiang_massdep_baseline,affine,12.36931687685298,shift_ot_h,500,decided,425
jiang_massdep_baseline,affine,15.436171684196077,shift_h,500,decided,425
jiang_massdep_baseline,affine,15.436171684196077,shift_ot_h,500,decided,425
jiang_massdep_baseline,affine,19.26342405455451,shift_h,500,decided,425
jiang_massdep_baseline,affine,19.26342405455451,shift_ot_h,500,decided,425
jiang_massdep_baseline,affine,24.039607351964708,shift_h,500,decided,425
jiang_massdep_baseline,affine,24.039607351964708,shift_ot_h,500,decided,425
jiang_massdep_baseline,affine,30.000000000000004,shift_h,500,decided,425
jiang_massdep_baseline,affine,30.000000000000004,shift_ot_h,500,decided,425
rohcha_short_baseline,affine,5.1,shift_h,550,decided,550
rohcha_short_baseline,affine,5.1,shift_ot_h,550,decided,550
rohcha_short_baseline,affine,6.364496630910889,shift_h,550,decided,550
rohcha_short_baseline,affine,6.364496630910889,shift_ot_h,550,decided,550
rohcha_short_baseline,affine,7.9425132087992285,shift_h,550,decided,550
rohcha_short_baseline,affine,7.9425132087992285,shift_ot_h,550,decided,550
rohcha_short_baseline,affine,9.911784031052534,shift_h,550,decided,550
rohcha_short_baseline,affine,9.911784031052534,shift_ot_h,550,decided,550
rohcha_short_baseline,affine,12.36931687685298,shift_h,550,decided,550
rohcha_short_baseline,affine,12.36931687685298,shift_ot_h,550,decided,550
rohcha_short_baseline,affine,15.436171684196077,shift_h,550,decided,550
rohcha_short_baseline,affine,15.436171684196077,shift_ot_h,550,decided,550
rohcha_short_baseline,affine,19.26342405455451,shift_h,550,decided,550
rohcha_short_baseline,affine,19.26342405455451,shift_ot_h,550,decided,550
rohcha_short_baseline,affine,24.039607351964708,shift_h,550,decided,550
rohcha_short_baseline,affine,24.039607351964708,shift_ot_h,550,decided,550
rohcha_short_baseline,affine,30.000000000000004,shift_h,550,decided,550
rohcha_short_baseline,affine,30.000000000000004,shift_ot_h,550,decided,550
rohcha_massdep_baseline,affine,5.1,shift_h,,unresolved,550
rohcha_massdep_baseline,affine,5.1,shift_ot_h,,unresolved,550
rohcha_massdep_baseline,affine,6.364496630910889,shift_h,,unresolved,550
rohcha_massdep_baseline,affine,6.364496630910889,shift_ot_h,,unresolved,550
rohcha_massdep_baseline,affine,7.9425132087992285,shift_h,,unresolved,550
rohcha_massdep_baseline,affine,7.9425132087992285,shift_ot_h,,unresolved,550
rohcha_massdep_baseline,affine,9.911784031052534,shift_h,,unresolved,550
rohcha_massdep_baseline,affine,9.911784031052534,shift_ot_h,,unresolved,550
rohcha_massdep_baseline,affine,12.36931687685298,shift_h,,unresolved,550
rohcha_massdep_baseline,affine,12.36931687685298,shift_ot_h,,unresolved,550
rohcha_massdep_baseline,affine,15.436171684196077,shift_h,,unresolved,550
rohcha_massdep_baseline,affine,15.436171684196077,shift_ot_h,,unresolved,550
rohcha_massdep_baseline,affine,19.26342405455451,shift_h,,unresolved,550
rohcha_massdep_baseline,affine,19.26342405455451,shift_ot_h,,unresolved,550
rohcha_massdep_baseline,affine,24.039607351964708,shift_h,,unresolved,550
rohcha_massdep_baseline,affine,24.039607351964708,shift_ot_h,,unresolved,550
rohcha_massdep_baseline,affine,30.000000000000004,shift_h,,unresolved,550
rohcha_massdep_baseline,affine,30.000000000000004,shift_ot_h,,unresolved,550
liu_short_baseline,affine,5.1,shift_h,425,decided,425
liu_short_baseline,affine,5.1,shift_ot_h,425,decided,425
liu_short_baseline,affine,6.364496630910889,shift_h,425,decided,425
liu_short_baseline,affine,6.364496630910889,shift_ot_h,425,decided,425
liu_short_baseline,affine,7.9425132087992285,shift_h,425,decided,425
liu_short_baseline,affine,7.9425132087992285,shift_ot_h,425,decided,425
liu_short_baseline,affine,9.911784031052534,shift_h,425,decided,425
liu_short_baseline,affine,9.911784031052534,shift_ot_h,425,decided,425
liu_short_baseline,affine,12.36931687685298,shift_h,425,decided,425
liu_short_baseline,affine,12.36931687685298,shift_ot_h,425,decided,425
liu_short_baseline,affine,15.436171684196077,shift_h,425,decided,425
liu_short_baseline,affine,15.436171684196077,shift_ot_h,425,decided,425
liu_short_baseline,affine,19.26342405455451,shift_h,425,decided,425
liu_short_baseline,affine,19.26342405455451,shift_ot_h,425,decided,425
liu_short_baseline,affine,24.039607351964708,shift_h,425,decided,425
liu_short_baseline,affine,24.039607351964708,shift_ot_h,425,decided,425
liu_short_baseline,affine,30.000000000000004,shift_h,425,decided,425
liu_short_baseline,affine,30.000000000000004,shift_ot_h,425,decided,425
liu_massdep_baseline,affine,5.1,shift_h,,unresolved,425
liu_massdep_baseline,affine,5.1,shift_ot_h,,unresolved,425
liu_massdep_baseline,affine,6.364496630910889,shift_h,,unresolved,425
liu_massdep_baseline,affine,6.364496630910889,shift_ot_h,,unresolved,425
liu_massdep_baseline,affine,7.9425132087992285,shift_h,,unresolved,425
liu_massdep_baseline,affine,7.9425132087992285,shift_ot_h,,unresolved,425
liu_massdep_baseline,affine,9.911784031052534,shift_h,,unresolved,425
liu_massdep_baseline,affine,9.911784031052534,shift_ot_h,,unresolved,425
liu_massdep_baseline,affine,12.36931687685298,shift_h,,unresolved,425
liu_massdep_baseline,affine,12.36931687685298,shift_ot_h,,unresolved,425
liu_massdep_baseline,affine,15.436171684196077,shift_h,,unresolved,425
liu_massdep_baseline,affine,15.436171684196077,shift_ot_h,,unresolved,425
liu_massdep_baseline,affine,19.26342405455451,shift_h,,unresolved,425
liu_massdep_baseline,affine,19.26342405455451,shift_ot_h,,unresolved,425
liu_massdep_baseline,affine,24.039607351964708,shift_h,,unresolved,425
liu_massdep_baseline,affine,24.039607351964708,shift_ot_h,,unresolved,425
liu_massdep_baseline,affine,30.000000000000004,shift_h,,unresolved,425
liu_massdep_baseline,affine,30.000000000000004,shift_ot_h,,unresolved,425
jiang_short_baseline,piecewise,5.1,shift_h,MX2,decided,MX1
jiang_short_baseline,piecewise,5.1,shift_ot_h,MX2,decided,MX2
jiang_short_baseline,piecewise,6.364496630910889,shift_h,MX2,decided,MX1
jiang_short_baseline,piecewise,6.364496630910889,shift_ot_h,MX2,decided,MX2
jiang_short_baseline,piecewise,7.9425132087992285,shift_h,MX2,decided,MX1
jiang_short_baseline,piecewise,7.9425132087992285,shift_ot_h,MX2,decided,MX2
jiang_short_baseline,piecewise,9.911784031052534,shift_h,MX2,decided,MX1
jiang_short_baseline,piecewise,9.911784031052534,shift_ot_h,MX2,decided,MX2
jiang_short_baseline,piecewise,12.36931687685298,shift_h,MX2,decided,MX1
jiang_short_baseline,piecewise,12.36931687685298,shift_ot_h,MX2,decided,MX2
jiang_short_baseline,piecewise,15.436171684196077,shift_h,MX2,decided,MX1
jiang_short_baseline,piecewise,15.436171684196077,shift_ot_h,MX2,decided,MX2
jiang_short_baseline,piecewise,19.26342405455451,shift_h,MX2,decided,MX1
jiang_short_baseline,piecewise,19.26342405455451,shift_ot_h,MX2,decided,MX2
jiang_short_baseline,piecewise,24.039607351964708,shift_h,MX2,decided,MX1
jiang_short_baseline,piecewise,24.039607351964708,shift_ot_h,MX2,decided,MX1
jiang_short_baseline,piecewise,30.000000000000004,shift_h,MX2,decided,MX1
jiang_short_baseline,piecewise,30.000000000000004,shift_ot_h,MX2,decided,MX1
jiang_massdep_baseline,piecewise,5.1,shift_h,500,decided,425
jiang_massdep_baseline,piecewise,5.1,shift_ot_h,500,decided,425
jiang_massdep_baseline,piecewise,6.364496630910889,shift_h,500,decided,425
jiang_massdep_baseline,piecewise,6.364496630910889,shift_ot_h,500,decided,425
jiang_massdep_baseline,piecewise,7.9425132087992285,shift_h,500,decided,425
jiang_massdep_baseline,piecewise,7.9425132087992285,shift_ot_h,500,decided,425
jiang_massdep_baseline,piecewise,9.911784031052534,shift_h,500,decided,425
jiang_massdep_baseline,piecewise,9.911784031052534,shift_ot_h,500,decided,425
jiang_massdep_baseline,piecewise,12.36931687685298,shift_h,500,decided,425
jiang_massdep_baseline,piecewise,12.36931687685298,shift_ot_h,500,decided,425
jiang_massdep_baseline,piecewise,15.436171684196077,shift_h,500,decided,425
jiang_massdep_baseline,piecewise,15.436171684196077,shift_ot_h,500,decided,425
jiang_massdep_baseline,piecewise,19.26342405455451,shift_h,500,decided,425
jiang_massdep_baseline,piecewise,19.26342405455451,shift_ot_h,500,decided,425
jiang_massdep_baseline,piecewise,24.039607351964708,shift_h,500,decided,425
jiang_massdep_baseline,piecewise,24.039607351964708,shift_ot_h,500,decided,425
jiang_massdep_baseline,piecewise,30.000000000000004,shift_h,500,decided,425
jiang_massdep_baseline,piecewise,30.000000000000004,shift_ot_h,500,decided,425
rohcha_short_baseline,piecewise,5.1,shift_h,550,decided,550
rohcha_short_baseline,piecewise,5.1,shift_ot_h,550,decided,550
rohcha_short_baseline,piecewise,6.364496630910889,shift_h,550,decided,550
rohcha_short_baseline,piecewise,6.364496630910889,shift_ot_h,550,decided,550
rohcha_short_baseline,piecewise,7.9425132087992285,shift_h,550,decided,550
rohcha_short_baseline,piecewise,7.9425132087992285,shift_ot_h,550,decided,550
rohcha_short_baseline,piecewise,9.911784031052534,shift_h,550,decided,550
rohcha_short_baseline,piecewise,9.911784031052534,shift_ot_h,550,decided,550
rohcha_short_baseline,piecewise,12.36931687685298,shift_h,550,decided,550
rohcha_short_baseline,piecewise,12.36931687685298,shift_ot_h,550,decided,550
rohcha_short_baseline,piecewise,15.436171684196077,shift_h,550,decided,550
rohcha_short_baseline,piecewise,15.436171684196077,shift_ot_h,550,decided,550
rohcha_short_baseline,piecewise,19.26342405455451,shift_h,550,decided,550
rohcha_short_baseline,piecewise,19.26342405455451,shift_ot_h,550,decided,550
rohcha_short_baseline,piecewise,24.039607351964708,shift_h,550,decided,550
rohcha_short_baseline,piecewise,24.039607351964708,shift_ot_h,550,decided,550
rohcha_short_baseline,piecewise,30.000000000000004,shift_h,550,decided,550
rohcha_short_baseline,piecewise,30.000000000000004,shift_ot_h,550,decided,550
rohcha_massdep_baseline,piecewise,5.1,shift_h,,unresolved,550
rohcha_massdep_baseline,piecewise,5.1,shift_ot_h,,unresolved,550
rohcha_massdep_baseline,piecewise,6.364496630910889,shift_h,,unresolved,550
rohcha_massdep_baseline,piecewise,6.364496630910889,shift_ot_h,,unresolved,550
rohcha_massdep_baseline,piecewise,7.9425132087992285,shift_h,,unresolved,550
rohcha_massdep_baseline,piecewise,7.9425132087992285,shift_ot_h,,unresolved,550
rohcha_massdep_baseline,piecewise,9.911784031052534,shift_h,,unresolved,550
rohcha_massdep_baseline,piecewise,9.911784031052534,shift_ot_h,,unresolved,550
rohcha_massdep_baseline,piecewise,12.36931687685298,shift_h,,unresolved,550
rohcha_massdep_baseline,piecewise,12.36931687685298,shift_ot_h,,unresolved,550
rohcha_massdep_baseline,piecewise,15.436171684196077,shift_h,,unresolved,550
rohcha_massdep_baseline,piecewise,15.436171684196077,shift_ot_h,,unresolved,550
rohcha_massdep_baseline,piecewise,19.26342405455451,shift_h,,unresolved,550
rohcha_massdep_baseline,piecewise,19.26342405455451,shift_ot_h,,unresolved,550
rohcha_massdep_baseline,piecewise,24.039607351964708,shift_h,,unresolved,550
rohcha_massdep_baseline,piecewise,24.039607351964708,shift_ot_h,,unresolved,550
rohcha_massdep_baseline,piecewise,30.000000000000004,shift_h,,unresolved,550
rohcha_massdep_baseline,piecewise,30.000000000000004,shift_ot_h,,unresolved,550
liu_short_baseline,piecewise,5.1,shift_h,425,decided,425
liu_short_baseline,piecewise,5.1,shift_ot_h,425,decided,425
liu_short_baseline,piecewise,6.364496630910889,shift_h,425,decided,425
liu_short_baseline,piecewise,6.364496630910889,shift_ot_h,425,decided,425
liu_short_baseline,piecewise,7.9425132087992285,shift_h,425,decided,425
liu_short_baseline,piecewise,7.9425132087992285,shift_ot_h,425,decided,425
liu_short_baseline,piecewise,9.911784031052534,shift_h,425,decided,425
liu_short_baseline,piecewise,9.911784031052534,shift_ot_h,425,decided,425
liu_short_baseline,piecewise,12.36931687685298,shift_h,425,decided,425
liu_short_baseline,piecewise,12.36931687685298,shift_ot_h,425,decided,425
liu_short_baseline,piecewise,15.436171684196077,shift_h,425,decided,425
liu_short_baseline,piecewise,15.436171684196077,shift_ot_h,425,decided,425
liu_short_baseline,piecewise,19.26342405455451,shift_h,425,decided,425
liu_short_baseline,piecewise,19.26342405455451,shift_ot_h,425,decided,425
liu_short_baseline,piecewise,24.039607351964708,shift_h,425,decided,425
liu_short_baseline,piecewise,24.039607351964708,shift_ot_h,425,decided,425
liu_short_baseline,piecewise,30.000000000000004,shift_h,425,decided,425
liu_short_baseline,piecewise,30.000000000000004,shift_ot_h,425,decided,425
liu_massdep_baseline,piecewise,5.1,shift_h,,unresolved,425
liu_massdep_baseline,piecewise,5.1,shift_ot_h,,unresolved,425
liu_massdep_baseline,piecewise,6.364496630910889,shift_h,,unresolved,425
liu_massdep_baseline,piecewise,6.364496630910889,shift_ot_h,,unresolved,425
liu_massdep_baseline,piecewise,7.9425132087992285,shift_h,,unresolved,425
liu_massdep_baseline,piecewise,7.9425132087992285,shift_ot_h,,unresolved,425
liu_massdep_baseline,piecewise,9.911784031052534,shift_h,,unresolved,425
liu_massdep_baseline,piecewise,9.911784031052534,shift_ot_h,,unresolved,425
liu_massdep_baseline,piecewise,12.36931687685298,shift_h,,unresolved,425
liu_massdep_baseline,piecewise,12.36931687685298,shift_ot_h,,unresolved,425
liu_massdep_baseline,piecewise,15.436171684196077,shift_h,,unresolved,425
liu_massdep_baseline,piecewise,15.436171684196077,shift_ot_h,,unresolved,425
liu_massdep_baseline,piecewise,19.26342405455451,shift_h,,unresolved,425
liu_massdep_baseline,piecewise,19.26342405455451,shift_ot_h,,unresolved,425
liu_massdep_baseline,piecewise,24.039607351964708,shift_h,,unresolved,425
liu_massdep_baseline,piecewise,24.039607351964708,shift_ot_h,,unresolved,425
liu_massdep_baseline,piecewise,30.000000000000004,shift_h,,unresolved,425
liu_massdep_baseline,piecewise,30.000000000000004,shift_ot_h,,unresolved,425
jiang_short_baseline,power_0.72,5.1,shift_h,MX2,decided,MX1
jiang_short_baseline,power_0.72,5.1,shift_ot_h,MX2,decided,MX2
jiang_short_baseline,power_0.72,6.364496630910889,shift_h,MX2,decided,MX1
jiang_short_baseline,power_0.72,6.364496630910889,shift_ot_h,MX2,decided,MX2
jiang_short_baseline,power_0.72,7.9425132087992285,shift_h,MX2,decided,MX1
jiang_short_baseline,power_0.72,7.9425132087992285,shift_ot_h,MX2,decided,MX2
jiang_short_baseline,power_0.72,9.911784031052534,shift_h,MX2,decided,MX1
jiang_short_baseline,power_0.72,9.911784031052534,shift_ot_h,MX2,decided,MX2
jiang_short_baseline,power_0.72,12.36931687685298,shift_h,MX2,decided,MX1
jiang_short_baseline,power_0.72,12.36931687685298,shift_ot_h,MX2,decided,MX2
jiang_short_baseline,power_0.72,15.436171684196077,shift_h,MX2,decided,MX1
jiang_short_baseline,power_0.72,15.436171684196077,shift_ot_h,MX2,decided,MX2
jiang_short_baseline,power_0.72,19.26342405455451,shift_h,MX2,decided,MX1
jiang_short_baseline,power_0.72,19.26342405455451,shift_ot_h,MX2,decided,MX2
jiang_short_baseline,power_0.72,24.039607351964708,shift_h,MX2,decided,MX1
jiang_short_baseline,power_0.72,24.039607351964708,shift_ot_h,MX2,decided,MX2
jiang_short_baseline,power_0.72,30.000000000000004,shift_h,MX2,decided,MX1
jiang_short_baseline,power_0.72,30.000000000000004,shift_ot_h,MX2,decided,MX1
jiang_massdep_baseline,power_0.72,5.1,shift_h,500,decided,425
jiang_massdep_baseline,power_0.72,5.1,shift_ot_h,500,decided,425
jiang_massdep_baseline,power_0.72,6.364496630910889,shift_h,500,decided,425
jiang_massdep_baseline,power_0.72,6.364496630910889,shift_ot_h,500,decided,425
jiang_massdep_baseline,power_0.72,7.9425132087992285,shift_h,500,decided,425
jiang_massdep_baseline,power_0.72,7.9425132087992285,shift_ot_h,500,decided,425
jiang_massdep_baseline,power_0.72,9.911784031052534,shift_h,500,decided,425
jiang_massdep_baseline,power_0.72,9.911784031052534,shift_ot_h,500,decided,425
jiang_massdep_baseline,power_0.72,12.36931687685298,shift_h,500,decided,425
jiang_massdep_baseline,power_0.72,12.36931687685298,shift_ot_h,500,decided,425
jiang_massdep_baseline,power_0.72,15.436171684196077,shift_h,500,decided,425
jiang_massdep_baseline,power_0.72,15.436171684196077,shift_ot_h,500,decided,425
jiang_massdep_baseline,power_0.72,19.26342405455451,shift_h,500,decided,425
jiang_massdep_baseline,power_0.72,19.26342405455451,shift_ot_h,500,decided,425
jiang_massdep_baseline,power_0.72,24.039607351964708,shift_h,500,decided,425
jiang_massdep_baseline,power_0.72,24.039607351964708,shift_ot_h,500,decided,425
jiang_massdep_baseline,power_0.72,30.000000000000004,shift_h,500,decided,425
jiang_massdep_baseline,power_0.72,30.000000000000004,shift_ot_h,500,decided,425
rohcha_short_baseline,power_0.72,5.1,shift_h,550,decided,550
rohcha_short_baseline,power_0.72,5.1,shift_ot_h,550,decided,550
rohcha_short_baseline,power_0.72,6.364496630910889,shift_h,550,decided,550
rohcha_short_baseline,power_0.72,6.364496630910889,shift_ot_h,550,decided,550
rohcha_short_baseline,power_0.72,7.9425132087992285,shift_h,550,decided,550
rohcha_short_baseline,power_0.72,7.9425132087992285,shift_ot_h,550,decided,550
rohcha_short_baseline,power_0.72,9.911784031052534,shift_h,550,decided,550
rohcha_short_baseline,power_0.72,9.911784031052534,shift_ot_h,550,decided,550
rohcha_short_baseline,power_0.72,12.36931687685298,shift_h,550,decided,550
rohcha_short_baseline,power_0.72,12.36931687685298,shift_ot_h,550,decided,550
rohcha_short_baseline,power_0.72,15.436171684196077,shift_h,550,decided,550
rohcha_short_baseline,power_0.72,15.436171684196077,shift_ot_h,550,decided,550
rohcha_short_baseline,power_0.72,19.26342405455451,shift_h,550,decided,550
rohcha_short_baseline,power_0.72,19.26342405455451,shift_ot_h,550,decided,550
rohcha_short_baseline,power_0.72,24.039607351964708,shift_h,550,decided,550
rohcha_short_baseline,power_0.72,24.039607351964708,shift_ot_h,550,decided,550
rohcha_short_baseline,power_0.72,30.000000000000004,shift_h,550,decided,550
rohcha_short_baseline,power_0.72,30.000000000000004,shift_ot_h,550,decided,550
rohcha_massdep_baseline,power_0.72,5.1,shift_h,,unresolved,550
rohcha_massdep_baseline,power_0.72,5.1,shift_ot_h,,unresolved,550
rohcha_massdep_baseline,power_0.72,6.364496630910889,shift_h,,unresolved,550
rohcha_massdep_baseline,power_0.72,6.364496630910889,shift_ot_h,,unresolved,550
rohcha_massdep_baseline,power_0.72,7.9425132087992285,shift_h,,unresolved,550
rohcha_massdep_baseline,power_0.72,7.9425132087992285,shift_ot_h,,unresolved,550
rohcha_massdep_baseline,power_0.72,9.911784031052534,shift_h,,unresolved,550
rohcha_massdep_baseline,power_0.72,9.911784031052534,shift_ot_h,,unresolved,550
rohcha_massdep_baseline,power_0.72,12.36931687685298,shift_h,,unresolved,550
rohcha_massdep_baseline,power_0.72,12.36931687685298,shift_ot_h,,unresolved,550
rohcha_massdep_baseline,power_0.72,15.436171684196077,shift_h,,unresolved,550
rohcha_massdep_baseline,power_0.72,15.436171684196077,shift_ot_h,,unresolved,550
rohcha_massdep_baseline,power_0.72,19.26342405455451,shift_h,,unresolved,550
rohcha_massdep_baseline,power_0.72,19.26342405455451,shift_ot_h,,unresolved,550
rohcha_massdep_baseline,power_0.72,24.039607351964708,shift_h,,unresolved,550
rohcha_massdep_baseline,power_0.72,24.039607351964708,shift_ot_h,,unresolved,550
rohcha_massdep_baseline,power_0.72,30.000000000000004,shift_h,,unresolved,550
rohcha_massdep_baseline,power_0.72,30.000000000000004,shift_ot_h,,unresolved,550
liu_short_baseline,power_0.72,5.1,shift_h,425,decided,425
liu_short_baseline,power_0.72,5.1,shift_ot_h,425,decided,425
liu_short_baseline,power_0.72,6.364496630910889,shift_h,425,decided,425
liu_short_baseline,power_0.72,6.364496630910889,shift_ot_h,425,decided,425
liu_short_baseline,power_0.72,7.9425132087992285,shift_h,425,decided,425
liu_short_baseline,power_0.72,7.9425132087992285,shift_ot_h,425,decided,425
liu_short_baseline,power_0.72,9.911784031052534,shift_h,425,decided,425
liu_short_baseline,power_0.72,9.911784031052534,shift_ot_h,425,decided,425
liu_short_baseline,power_0.72,12.36931687685298,shift_h,425,decided,425
liu_short_baseline,power_0.72,12.36931687685298,shift_ot_h,425,decided,425
liu_short_baseline,power_0.72,15.436171684196077,shift_h,425,decided,425
liu_short_baseline,power_0.72,15.436171684196077,shift_ot_h,425,decided,425
liu_short_baseline,power_0.72,19.26342405455451,shift_h,425,decided,425
liu_short_baseline,power_0.72,19.26342405455451,shift_ot_h,425,decided,425
liu_short_baseline,power_0.72,24.039607351964708,shift_h,425,decided,425
liu_short_baseline,power_0.72,24.039607351964708,shift_ot_h,425,decided,425
liu_short_baseline,power_0.72,30.000000000000004,shift_h,425,decided,425
liu_short_baseline,power_0.72,30.000000000000004,shift_ot_h,425,decided,425
liu_massdep_baseline,power_0.72,5.1,shift_h,,unresolved,425
liu_massdep_baseline,power_0.72,5.1,shift_ot_h,,unresolved,425
liu_massdep_baseline,power_0.72,6.364496630910889,shift_h,,unresolved,425
liu_massdep_baseline,power_0.72,6.364496630910889,shift_ot_h,,unresolved,425
liu_massdep_baseline,power_0.72,7.9425132087992285,shift_h,,unresolved,425
liu_massdep_baseline,power_0.72,7.9425132087992285,shift_ot_h,,unresolved,425
liu_massdep_baseline,power_0.72,9.911784031052534,shift_h,,unresolved,425
liu_massdep_baseline,power_0.72,9.911784031052534,shift_ot_h,,unresolved,425
liu_massdep_baseline,power_0.72,12.36931687685298,shift_h,,unresolved,425
liu_massdep_baseline,power_0.72,12.36931687685298,shift_ot_h,,unresolved,425
liu_massdep_baseline,power_0.72,15.436171684196077,shift_h,,unresolved,425
liu_massdep_baseline,power_0.72,15.436171684196077,shift_ot_h,,unresolved,425
liu_massdep_baseline,power_0.72,19.26342405455451,shift_h,,unresolved,425
liu_massdep_baseline,power_0.72,19.26342405455451,shift_ot_h,,unresolved,425
liu_massdep_baseline,power_0.72,24.039607351964708,shift_h,,unresolved,425
liu_massdep_baseline,power_0.72,24.039607351964708,shift_ot_h,,unresolved,425
liu_massdep_baseline,power_0.72,30.000000000000004,shift_h,,unresolved,425
liu_massdep_baseline,power_0.72,30.000000000000004,shift_ot_h,,unresolved,425
jiang_short_baseline,power_0.84,5.1,shift_h,MX2,decided,MX1
jiang_short_baseline,power_0.84,5.1,shift_ot_h,MX2,decided,MX2
jiang_short_baseline,power_0.84,6.364496630910889,shift_h,MX2,decided,MX1
jiang_short_baseline,power_0.84,6.364496630910889,shift_ot_h,MX2,decided,MX2
jiang_short_baseline,power_0.84,7.9425132087992285,shift_h,MX2,decided,MX1
jiang_short_baseline,power_0.84,7.9425132087992285,shift_ot_h,MX2,decided,MX2
jiang_short_baseline,power_0.84,9.911784031052534,shift_h,MX2,decided,MX1
jiang_short_baseline,power_0.84,9.911784031052534,shift_ot_h,MX2,decided,MX2
jiang_short_baseline,power_0.84,12.36931687685298,shift_h,MX2,decided,MX1
jiang_short_baseline,power_0.84,12.36931687685298,shift_ot_h,MX2,decided,MX2
jiang_short_baseline,power_0.84,15.436171684196077,shift_h,MX2,decided,MX1
jiang_short_baseline,power_0.84,15.436171684196077,shift_ot_h,MX2,decided,MX2
jiang_short_baseline,power_0.84,19.26342405455451,shift_h,MX2,decided,MX1
jiang_short_baseline,power_0.84,19.26342405455451,shift_ot_h,MX2,decided,MX2
jiang_short_baseline,power_0.84,24.039607351964708,shift_h,MX2,decided,MX1
jiang_short_baseline,power_0.84,24.039607351964708,shift_ot_h,MX2,decided,MX1
jiang_short_baseline,power_0.84,30.000000000000004,shift_h,MX2,decided,MX1
jiang_short_baseline,power_0.84,30.000000000000004,shift_ot_h,MX2,decided,MX1
jiang_massdep_baseline,power_0.84,5.1,shift_h,500,decided,425
jiang_massdep_baseline,power_0.84,5.1,shift_ot_h,500,decided,425
jiang_massdep_baseline,power_0.84,6.364496630910889,shift_h,500,decided,425
jiang_massdep_baseline,power_0.84,6.364496630910889,shift_ot_h,500,decided,425
jiang_massdep_baseline,power_0.84,7.9425132087992285,shift_h,500,decided,425
jiang_massdep_baseline,power_0.84,7.9425132087992285,shift_ot_h,500,decided,425
jiang_massdep_baseline,power_0.84,9.911784031052534,shift_h,500,decided,425
jiang_massdep_baseline,power_0.84,9.911784031052534,shift_ot_h,500,decided,425
jiang_massdep_baseline,power_0.84,12.36931687685298,shift_h,500,decided,425
jiang_massdep_baseline,power_0.84,12.36931687685298,shift_ot_h,500,decided,425
jiang_massdep_baseline,power_0.84,15.436171684196077,shift_h,500,decided,425
jiang_massdep_baseline,power_0.84,15.436171684196077,shift_ot_h,500,decided,425
jiang_massdep_baseline,power_0.84,19.26342405455451,shift_h,500,decided,425
jiang_massdep_baseline,power_0.84,19.26342405455451,shift_ot_h,500,decided,425
jiang_massdep_baseline,power_0.84,24.039607351964708,shift_h,500,decided,425
jiang_massdep_baseline,power_0.84,24.039607351964708,shift_ot_h,500,decided,425
jiang_massdep_baseline,power_0.84,30.000000000000004,shift_h,500,decided,425
jiang_massdep_baseline,power_0.84,30.000000000000004,shift_ot_h,500,decided,425
rohcha_short_baseline,power_0.84,5.1,shift_h,550,decided,550
rohcha_short_baseline,power_0.84,5.1,shift_ot_h,550,decided,550
rohcha_short_baseline,power_0.84,6.364496630910889,shift_h,550,decided,550
rohcha_short_baseline,power_0.84,6.364496630910889,shift_ot_h,550,decided,550
rohcha_short_baseline,power_0.84,7.9425132087992285,shift_h,550,decided,550
rohcha_short_baseline,power_0.84,7.9425132087992285,shift_ot_h,550,decided,550
rohcha_short_baseline,power_0.84,9.911784031052534,shift_h,550,decided,550
rohcha_short_baseline,power_0.84,9.911784031052534,shift_ot_h,550,decided,550
rohcha_short_baseline,power_0.84,12.36931687685298,shift_h,550,decided,550
rohcha_short_baseline,power_0.84,12.36931687685298,shift_ot_h,550,decided,550
rohcha_short_baseline,power_0.84,15.436171684196077,shift_h,550,decided,550
rohcha_short_baseline,power_0.84,15.436171684196077,shift_ot_h,550,decided,550
rohcha_short_baseline,power_0.84,19.26342405455451,shift_h,550,decided,550
rohcha_short_baseline,power_0.84,19.26342405455451,shift_ot_h,550,decided,550
rohcha_short_baseline,power_0.84,24.039607351964708,shift_h,550,decided,550
rohcha_short_baseline,power_0.84,24.039607351964708,shift_ot_h,550,decided,550
rohcha_short_baseline,power_0.84,30.000000000000004,shift_h,550,decided,550
rohcha_short_baseline,power_0.84,30.000000000000004,shift_ot_h,550,decided,550
rohcha_massdep_baseline,power_0.84,5.1,shift_h,,unresolved,550
rohcha_massdep_baseline,power_0.84,5.1,shift_ot_h,,unresolved,550
rohcha_massdep_baseline,power_0.84,6.364496630910889,shift_h,,unresolved,550
rohcha_massdep_baseline,power_0.84,6.364496630910889,shift_ot_h,,unresolved,550
rohcha_massdep_baseline,power_0.84,7.9425132087992285,shift_h,,unresolved,550
rohcha_massdep_baseline,power_0.84,7.9425132087992285,shift_ot_h,,unresolved,550
rohcha_massdep_baseline,power_0.84,9.911784031052534,shift_h,,unresolved,550
rohcha_massdep_baseline,power_0.84,9.911784031052534,shift_ot_h,,unresolved,550
rohcha_massdep_baseline,power_0.84,12.36931687685298,shift_h,,unresolved,550
rohcha_massdep_baseline,power_0.84,12.36931687685298,shift_ot_h,,unresolved,550
rohcha_massdep_baseline,power_0.84,15.436171684196077,shift_h,,unresolved,550
rohcha_massdep_baseline,power_0.84,15.436171684196077,shift_ot_h,,unresolved,550
rohcha_massdep_baseline,power_0.84,19.26342405455451,shift_h,,unresolved,550
rohcha_massdep_baseline,power_0.84,19.26342405455451,shift_ot_h,,unresolved,550
rohcha_massdep_baseline,power_0.84,24.039607351964708,shift_h,,unresolved,550
rohcha_massdep_baseline,power_0.84,24.039607351964708,shift_ot_h,,unresolved,550
rohcha_massdep_baseline,power_0.84,30.000000000000004,shift_h,,unresolved,550
rohcha_massdep_baseline,power_0.84,30.000000000000004,shift_ot_h,,unresolved,550
liu_short_baseline,power_0.84,5.1,shift_h,425,decided,425
liu_short_baseline,power_0.84,5.1,shift_ot_h,425,decided,425
liu_short_baseline,power_0.84,6.364496630910889,shift_h,425,decided,425
liu_short_baseline,power_0.84,6.364496630910889,shift_ot_h,425,decided,425
liu_short_baseline,power_0.84,7.9425132087992285,shift_h,425,decided,425
liu_short_baseline,power_0.84,7.9425132087992285,shift_ot_h,425,decided,425
liu_short_baseline,power_0.84,9.911784031052534,shift_h,425,decided,425
liu_short_baseline,power_0.84,9.911784031052534,shift_ot_h,425,decided,425
liu_short_baseline,power_0.84,12.36931687685298,shift_h,425,decided,425
liu_short_baseline,power_0.84,12.36931687685298,shift_ot_h,425,decided,425
liu_short_baseline,power_0.84,15.436171684196077,shift_h,425,decided,425
liu_short_baseline,power_0.84,15.436171684196077,shift_ot_h,425,decided,425
liu_short_baseline,power_0.84,19.26342405455451,shift_h,425,decided,425
liu_short_baseline,power_0.84,19.26342405455451,shift_ot_h,425,decided,425
liu_short_baseline,power_0.84,24.039607351964708,shift_h,425,decided,425
liu_short_baseline,power_0.84,24.039607351964708,shift_ot_h,425,decided,425
liu_short_baseline,power_0.84,30.000000000000004,shift_h,425,decided,425
liu_short_baseline,power_0.84,30.000000000000004,shift_ot_h,425,decided,425
liu_massdep_baseline,power_0.84,5.1,shift_h,,unresolved,425
liu_massdep_baseline,power_0.84,5.1,shift_ot_h,,unresolved,425
liu_massdep_baseline,power_0.84,6.364496630910889,shift_h,,unresolved,425
liu_massdep_baseline,power_0.84,6.364496630910889,shift_ot_h,,unresolved,425
liu_massdep_baseline,power_0.84,7.9425132087992285,shift_h,,unresolved,425
liu_massdep_baseline,power_0.84,7.9425132087992285,shift_ot_h,,unresolved,425
liu_massdep_baseline,power_0.84,9.911784031052534,shift_h,,unresolved,425
liu_massdep_baseline,power_0.84,9.911784031052534,shift_ot_h,,unresolved,425
liu_massdep_baseline,power_0.84,12.36931687685298,shift_h,,unresolved,425
liu_massdep_baseline,power_0.84,12.36931687685298,shift_ot_h,,unresolved,425
liu_massdep_baseline,power_0.84,15.436171684196077,shift_h,,unresolved,425
liu_massdep_baseline,power_0.84,15.436171684196077,shift_ot_h,,unresolved,425
liu_massdep_baseline,power_0.84,19.26342405455451,shift_h,,unresolved,425
liu_massdep_baseline,power_0.84,19.26342405455451,shift_ot_h,,unresolved,425
liu_massdep_baseline,power_0.84,24.039607351964708,shift_h,,unresolved,425
liu_massdep_baseline,power_0.84,24.039607351964708,shift_ot_h,,unresolved,425
liu_massdep_baseline,power_0.84,30.000000000000004,shift_h,,unresolved,425
liu_massdep_baseline,power_0.84,30.000000000000004,shift_ot_h,,unresolved,425
jiang_short_baseline,power_0.96,5.1,shift_h,MX2,decided,MX1
jiang_short_baseline,power_0.96,5.1,shift_ot_h,MX2,decided,MX2
jiang_short_baseline,power_0.96,6.364496630910889,shift_h,MX2,decided,MX1
jiang_short_baseline,power_0.96,6.364496630910889,shift_ot_h,MX2,decided,MX2
jiang_short_baseline,power_0.96,7.9425132087992285,shift_h,MX2,decided,MX1
jiang_short_baseline,power_0.96,7.9425132087992285,shift_ot_h,MX2,decided,MX2
jiang_short_baseline,power_0.96,9.911784031052534,shift_h,MX2,decided,MX1
jiang_short_baseline,power_0.96,9.911784031052534,shift_ot_h,MX2,decided,MX2
jiang_short_baseline,power_0.96,12.36931687685298,shift_h,MX2,decided,MX1
jiang_short_baseline,power_0.96,12.36931687685298,shift_ot_h,MX2,decided,MX2
jiang_short_baseline,power_0.96,15.436171684196077,shift_h,MX2,decided,MX1
jiang_short_baseline,power_0.96,15.436171684196077,shift_ot_h,MX2,decided,MX2
jiang_short_baseline,power_0.96,19.26342405455451,shift_h,MX2,decided,MX1
jiang_short_baseline,power_0.96,19.26342405455451,shift_ot_h,MX2,decided,MX1
jiang_short_baseline,power_0.96,24.039607351964708,shift_h,MX2,decided,MX1
jiang_short_baseline,power_0.96,24.039607351964708,shift_ot_h,MX2,decided,MX1
jiang_short_baseline,power_0.96,30.000000000000004,shift_h,MX2,decided,MX1
jiang_short_baseline,power_0.96,30.000000000000004,shift_ot_h,MX2,decided,MX1
jiang_massdep_baseline,power_0.96,5.1,shift_h,500,decided,425
jiang_massdep_baseline,power_0.96,5.1,shift_ot_h,500,decided,425
jiang_massdep_baseline,power_0.96,6.364496630910889,shift_h,500,decided,425
jiang_massdep_baseline,power_0.96,6.364496630910889,shift_ot_h,500,decided,425
jiang_massdep_baseline,power_0.96,7.9425132087992285,shift_h,500,decided,425
jiang_massdep_baseline,power_0.96,7.9425132087992285,shift_ot_h,500,decided,425
jiang_massdep_baseline,power_0.96,9.911784031052534,shift_h,500,decided,425
jiang_massdep_baseline,power_0.96,9.911784031052534,shift_ot_h,500,decided,425
jiang_massdep_baseline,power_0.96,12.36931687685298,shift_h,500,decided,425
jiang_massdep_baseline,power_0.96,12.36931687685298,shift_ot_h,500,decided,425
jiang_massdep_baseline,power_0.96,15.436171684196077,shift_h,500,decided,425
jiang_massdep_baseline,power_0.96,15.436171684196077,shift_ot_h,500,decided,425
jiang_massdep_baseline,power_0.96,19.26342405455451,shift_h,500,decided,425
jiang_massdep_baseline,power_0.96,19.26342405455451,shift_ot_h,500,decided,425
jiang_massdep_baseline,power_0.96,24.039607351964708,shift_h,500,decided,425
jiang_massdep_baseline,power_0.96,24.039607351964708,shift_ot_h,500,decided,425
jiang_massdep_baseline,power_0.96,30.000000000000004,shift_h,500,decided,425
jiang_massdep_baseline,power_0.96,30.000000000000004,shift_ot_h,500,decided,425
rohcha_short_baseline,power_0.96,5.1,shift_h,550,decided,550
rohcha_short_baseline,power_0.96,5.1,shift_ot_h,550,decided,550
rohcha_short_baseline,power_0.96,6.364496630910889,shift_h,550,decided,550
rohcha_short_baseline,power_0.96,6.364496630910889,shift_ot_h,550,decided,550
rohcha_short_baseline,power_0.96,7.9425132087992285,shift_h,550,decided,550
rohcha_short_baseline,power_0.96,7.9425132087992285,shift_ot_h,550,decided,550
rohcha_short_baseline,power_0.96,9.911784031052534,shift_h,550,decided,550
rohcha_short_baseline,power_0.96,9.911784031052534,shift_ot_h,550,decided,550
rohcha_short_baseline,power_0.96,12.36931687685298,shift_h,550,decided,550
rohcha_short_baseline,power_0.96,12.36931687685298,shift_ot_h,550,decided,550
rohcha_short_baseline,power_0.96,15.436171684196077,shift_h,550,decided,550
rohcha_short_baseline,power_0.96,15.436171684196077,shift_ot_h,550,decided,550
rohcha_short_baseline,power_0.96,19.26342405455451,shift_h,550,decided,550
rohcha_short_baseline,power_0.96,19.26342405455451,shift_ot_h,550,decided,550
rohcha_short_baseline,power_0.96,24.039607351964708,shift_h,550,decided,550
rohcha_short_baseline,power_0.96,24.039607351964708,shift_ot_h,550,decided,550
rohcha_short_baseline,power_0.96,30.000000000000004,shift_h,550,decided,550
rohcha_short_baseline,power_0.96,30.000000000000004,shift_ot_h,550,decided,550
rohcha_massdep_baseline,power_0.96,5.1,shift_h,,unresolved,550
rohcha_massdep_baseline,power_0.96,5.1,shift_ot_h,,unresolved,550
rohcha_massdep_baseline,power_0.96,6.364496630910889,shift_h,,unresolved,550
rohcha_massdep_baseline,power_0.96,6.364496630910889,shift_ot_h,,unresolved,550
rohcha_massdep_baseline,power_0.96,7.9425132087992285,shift_h,,unresolved,550
rohcha_massdep_baseline,power_0.96,7.9425132087992285,shift_ot_h,,unresolved,550
rohcha_massdep_baseline,power_0.96,9.911784031052534,shift_h,,unresolved,550
rohcha_massdep_baseline,power_0.96,9.911784031052534,shift_ot_h,,unresolved,550
rohcha_massdep_baseline,power_0.96,12.36931687685298,shift_h,,unresolved,550
rohcha_massdep_baseline,power_0.96,12.36931687685298,shift_ot_h,,unresolved,550
rohcha_massdep_baseline,power_0.96,15.436171684196077,shift_h,,unresolved,550
rohcha_massdep_baseline,power_0.96,15.436171684196077,shift_ot_h,,unresolved,550
rohcha_massdep_baseline,power_0.96,19.26342405455451,shift_h,,unresolved,550
rohcha_massdep_baseline,power_0.96,19.26342405455451,shift_ot_h,,unresolved,550
rohcha_massdep_baseline,power_0.96,24.039607351964708,shift_h,,unresolved,550
rohcha_massdep_baseline,power_0.96,24.039607351964708,shift_ot_h,,unresolved,550
rohcha_massdep_baseline,power_0.96,30.000000000000004,shift_h,,unresolved,550
rohcha_massdep_baseline,power_0.96,30.000000000000004,shift_ot_h,,unresolved,550
liu_short_baseline,power_0.96,5.1,shift_h,425,decided,425
liu_short_baseline,power_0.96,5.1,shift_ot_h,425,decided,425
liu_short_baseline,power_0.96,6.364496630910889,shift_h,425,decided,425
liu_short_baseline,power_0.96,6.364496630910889,shift_ot_h,425,decided,425
liu_short_baseline,power_0.96,7.9425132087992285,shift_h,425,decided,425
liu_short_baseline,power_0.96,7.9425132087992285,shift_ot_h,425,decided,425
liu_short_baseline,power_0.96,9.911784031052534,shift_h,425,decided,425
liu_short_baseline,power_0.96,9.911784031052534,shift_ot_h,425,decided,425
liu_short_baseline,power_0.96,12.36931687685298,shift_h,425,decided,425
liu_short_baseline,power_0.96,12.36931687685298,shift_ot_h,425,decided,425
liu_short_baseline,power_0.96,15.436171684196077,shift_h,425,decided,425
liu_short_baseline,power_0.96,15.436171684196077,shift_ot_h,425,decided,425
liu_short_baseline,power_0.96,19.26342405455451,shift_h,425,decided,425
liu_short_baseline,power_0.96,19.26342405455451,shift_ot_h,425,decided,425
liu_short_baseline,power_0.96,24.039607351964708,shift_h,425,decided,425
liu_short_baseline,power_0.96,24.039607351964708,shift_ot_h,425,decided,425
liu_short_baseline,power_0.96,30.000000000000004,shift_h,425,decided,425
liu_short_baseline,power_0.96,30.000000000000004,shift_ot_h,425,decided,425
liu_massdep_baseline,power_0.96,5.1,shift_h,,unresolved,425
liu_massdep_baseline,power_0.96,5.1,shift_ot_h,,unresolved,425
liu_massdep_baseline,power_0.96,6.364496630910889,shift_h,,unresolved,425
liu_massdep_baseline,power_0.96,6.364496630910889,shift_ot_h,,unresolved,425
liu_massdep_baseline,power_0.96,7.9425132087992285,shift_h,,unresolved,425
liu_massdep_baseline,power_0.96,7.9425132087992285,shift_ot_h,,unresolved,425
liu_massdep_baseline,power_0.96,9.911784031052534,shift_h,,unresolved,425
liu_massdep_baseline,power_0.96,9.911784031052534,shift_ot_h,,unresolved,425
liu_massdep_baseline,power_0.96,12.36931687685298,shift_h,,unresolved,425
liu_massdep_baseline,power_0.96,12.36931687685298,shift_ot_h,,unresolved,425
liu_massdep_baseline,power_0.96,15.436171684196077,shift_h,,unresolved,425
liu_massdep_baseline,power_0.96,15.436171684196077,shift_ot_h,,unresolved,425
liu_massdep_baseline,power_0.96,19.26342405455451,shift_h,,unresolved,425
liu_massdep_baseline,power_0.96,19.26342405455451,shift_ot_h,,unresolved,425
liu_massdep_baseline,power_0.96,24.039607351964708,shift_h,,unresolved,425
liu_massdep_baseline,power_0.96,24.039607351964708,shift_ot_h,,unresolved,425
liu_massdep_baseline,power_0.96,30.000000000000004,shift_h,,unresolved,425
liu_massdep_baseline,power_0.96,30.000000000000004,shift_ot_h,,unresolved,425
