id,capacity_t,description,award_total_CNY_incl_VAT,amount_basis,quantity,unit_price_CNY_incl_VAT,unit_price_CNY_ex_VAT,date,buyer,buyer_note,buyer_cluster,project_no,announcements,"excerpt (original, Chinese)",notes
A01,150,self-propelled hydraulic platform trailer,"2,168,000.00",award total,1,2168000,1918584,2022-09-29 (reissued 2022-10-17),Guangzhou Shipyard International Company Limited,,B16,JG2022-14729; tender 0747-2260SCCGD230,tender http://e.sinochemitc.com/cms/channel/ywgg1hw/116903.htm ; award http://e.sinochemitc.com/cms/channel/ywgg2hw/119654.htm (reissued …/120365.htm),"招标：""本项目拟采购150t自行式液压平板车，1台。""""设备用于大型船舶分段的位移。额定载重量为150t""；中标：""中标单位：郑州新大方重工科技有限公司 中标总价(元)：2,168,000.00""","Tender and award pages use different numbering; matched by project name (""150 t self-propelled hydraulic platform trailer procurement, second call""), tenderer and agency. Candidate bids CNY 2.168 / 2.249 / 2.38 million."
A02,320,self-propelled hydraulic platform trailer,"3,082,000.00",award total,1,3082000,2727434,2022-09-29 (reissued 2022-10-19),Guangzhou Shipyard International Company Limited,,B16,JG2022-14734; tender 0747-2260SCCGD231,tender http://e.sinochemitc.com/cms/channel/ywgg1hw/116909.htm ; award http://e.sinochemitc.com/cms/channel/ywgg2hw/119655.htm (reissued …/120554.htm),"招标：""本项目拟采购320t自行式液压平板车，1台。""；表格""320t 自行式液压平板车 … 1 台""；中标：""中标总价(元)：3,082,000.00""",Matched as A01. Quantity verified from this notice. Candidate bids CNY 3.082 / 4.50 million (…/119273.htm).
A03,320,self-propelled platform transporter,"2,790,000",award price,1,2790000,2469027,2023-05-23,"Jiangnan Shipyard (Group) Co., Ltd.",,B19,CSCMC-23305-27E,tender http://www.365trade.com.cn/zhwzb/439527.jhtml ; result http://www.365trade.com.cn/jhwzb/447123.jhtml,"招标：""招标范围 ： 320T自行式平板运输车1台""；结果：""郑州新大方重工科技有限公司 279万元(人民币)""",The tender text misprints the number as CSCMC-22305-27E; the page header gives CSCMC-23305-27E. Candidates: CNY 2.79 / 2.80 / 2.738 million (…/jhwzb/445773.jhtml).
A04,250,"""number of driven bogies >= 4"" (driven; ""self-propelled"" not stated)","2,279,000",award price,1,2279000,2016814,2023-07-24,"Hudong-Zhonghua Shipbuilding (Group) Co., Ltd.",,B20,ZHZX-HZ2310HW (2),tender (re-tender) http://www.365trade.com.cn/zhwzb/440685.jhtml ; result http://www.365trade.com.cn/jhwzb/467194.jhtml,"招标：""2.3.数量：1台 2.4.… 额定载重量：250,000 kg； 轴/轮架数量≥5/10，其中驱动轮架数量≥4""；结果：""郑州新大方重工科技有限公司 227.9万元(人民币)""",Candidates: CNY 2.279 / 2.4812 / 2.295 million.
A05,380,"""powered platform transporter""","3,625,000",award price,1,3625000,3207965,2023-08-09,"Chengxi Shipyard Co., Ltd.",,B10,TC23120J8,tender http://www.365trade.com.cn/zhwzb/462337.jhtml ; result http://www.365trade.com.cn/jhwzb/472966.jhtml,"招标：""2.3 数 量：1辆 2.4 技术规格：额定载重量(t) ≥380T""；结果：""湖北三江航天万山特种车辆有限公司 362.5万元(人民币)""","Delivery: user site, Jiangdu District, Yangzhou. Candidates: CNY 3.625 / 3.76 million."
A06,600,"""heavy-duty platform transporter""; drive not stated","4,990,000",award price,1,4990000,4415929,2024-10-11,"CSSC Engine Co., Ltd.","diesel-engine works, not a shipyard",B06,CSSC-01-241103-004,tender https://www.csscbidding.com/jyxx/003001/003001001/20240816/0a30e338-6ba7-4505-8b13-6fae9e886122.html ; result https://www.csscbidding.com/jyxx/003001/003001004/20241011/94a71458-b598-4140-afa2-b7b473963467.html,"招标表：""600T重型平板运输车 … 1套 4个月""；结果：""湖北三江航天万山特种车辆有限公 4990000 元""","Candidates: CNY 4,990,000 / 4,740,000 / 4,400,000; the winning bid was the highest."
A07,530,large hydraulic platform transporter,"4,206,000",award price,1,4206000,3722124,2025-01-14,Zhongchuan Chengxi Yangzhou Chuanbo Youxian Gongsi,,B09,CSCMC-24352-5E,tender http://www.365trade.com.cn/zhwzb/636811.jhtml ; result http://www.365trade.com.cn/jhwzb/645714.jhtml,"招标：""530T大型液压平板运输车 1 额定载重量 (t) ： 530T 180 天""；结果：""湖北三江航天万山特种车辆有限公司 420.6万元(人民币)""",Candidates: CNY 4.206 / 4.20 / 4.05 million (…/jhwzb/644568.jhtml).
A08,600,"""heavy-duty platform transporter equipment""; drive not stated","4,960,000",transaction price,1,4960000,4389381,2025-01-21,"Dalian Marine Diesel Co., Ltd.",not a shipyard,B14,CSSC-01-241032-003,tender https://www.csscbidding.com/jyxx/003001/003001001/20241218/a86433c5-c84a-4c39-91cc-72b25be01243.html ; result https://www.csscbidding.com/jyxx/003001/003001004/20250121/ef805a85-20ae-4875-9d8d-959f6cc3fcc1.html,"招标：""重型平板运输车设备 1台 4个月 招标人项目现场 额定载重600t""；结果：""湖北三江航天万山特种车辆有限公司 按合同约定履行 496.00万元(人民币)""",Candidates: CNY 4.96 / 4.57 (Tianye Tonglian) / 4.8129 (Suzhou Dafang) million.
A09,250,"hydraulic platform trailer, axle lines/bogies 5/10; drive not stated","2,200,000",award price,1,2200000,1946903,2025-02-20,"Hudong-Zhonghua Shipbuilding (Group) Co., Ltd.",,B20,ZHZX-HZ2430HW,tender http://www.365trade.com.cn/zhwzb/638515.jhtml ; result http://www.365trade.com.cn/jhwzb/652684.jhtml,"招标：""2.3.数量：1辆。 2.4.规格尺寸或主要技术参数：额定载重：250T；轴线/轮架数量：5/10。""；结果：""郑州新大方重工科技有限公司 220万元(人民币)""",Quantity and award price verified from this notice.
A10,320,"""platform trailer""; drive not stated","2,580,000",award price,1,2580000,2283186,2025-03-19,"CSSC Chengxi (Taizhou) Equipment Technology Co., Ltd.","equipment plant, not a shipyard",B11,CSCMC-25330-1E,tender https://www.csscbidding.com/jyxx/003001/003001001/20250220/e1513b13-2248-4a21-8e02-e87f55c0b5a5.html ; result https://www.csscbidding.com/jyxx/003001/003001004/20250319/df8331a9-c291-4ace-89ff-81e542181c7e.html,"招标：""320T平板车 1 额定装载重量（t）：≥320""；结果：""郑州新大方重工科技有限公司 2580000 元""",Award price verified from this notice; whether the type is self-propelled is not stated.
A11,200,"""heavy-duty platform transporter""; drive not stated","1,650,000",award price,1,1650000,1460177,2025-03-28,"Wuchang Shipbuilding Industry Group Co., Ltd.",,B17,CSCMC-25003-6E,tender https://www.csscbidding.com/jyxx/003001/003001001/20250228/23659465-d211-4dbb-bd6b-d8ba6d001bf1.html ; result https://www.csscbidding.com/jyxx/003001/003001004/20250328/bbc4b7f7-8749-4d9a-8101-8dbd53473b0b.html,"招标：""2.1项目概况：1辆200t重型平板运输车。""；结果：""江苏海鹏特种车辆有限公司 1650000 元""","Candidates: CNY 1,650,000 / 1,700,000 / 1,755,000."
A12,200,"""heavy-duty platform transporter""; ""unladen speed on level ground 0-10 km/h"" (travel speed stated; presumed self-propelled)","1,955,000",award amount,1,1955000,1730088,2025-04-17,"Qingdao Haixi Heavy-duty Machinery Co., Ltd.","crane works, not a shipyard",B22,CSSC-07-251027-005 / ZC25G250061,tender https://www.csscbidding.com/jyxx/003001/003001001/20250321/b33fbc5a-6a39-48e1-8241-68ef53609a8b.html ; result https://www.csscbidding.com/jyxx/003001/003001004/20250417/35f45f12-9598-40c6-8932-3fe415142427.html,"招标：""2.3 数量：1台 2.4 技术规格：额定载重：200,000 kg""；结果：""招标范围：重型平板运输车， 1台 … 中标人：湖北三江航天万山特种车辆有限公司 中标金额：人民币1955000元""","Candidates: CNY 1,955,000 / 1,840,000 (Jiangsu Haipeng)."
A13,320,"hydraulic platform transporter; ""engine frame""","3,167,000",award price,1,3167000,2802655,2025-05-07,"Chengxi Shipyard Co., Ltd.",,B10,CSCMC-25317-3E,tender https://www.csscbidding.com/jyxx/003001/003001001/20250402/7ff83f3c-aae4-47b3-8a91-dc936ddb20fe.html ; result https://www.csscbidding.com/jyxx/003001/003001004/20250507/743d6151-691c-4374-8713-fc21939e5b8e.html,"招标：""液压平板运输车 1台 1）额定载重量(t)：320T 2）当平台处于最低位置时、发动机架…离地尺寸：≥200mm""；结果：""湖北三江航天万山特种车辆有限公司 3167000 元""","Candidates: CNY 3,167,000 / 3,030,000 / 2,960,000."
A14,90,hydraulic platform trailer; drive not stated,"1,510,000",award price,1,1510000,1336283,2025-06-24,"Jiangnan Shipyard (Group) Co., Ltd.",,B19,CSSC-12-251012-029 / 0613-256026152446,tender https://www.csscbidding.com/jyxx/003001/003001001/20250525/3de50bfa-5520-4e74-bc68-490afbd58385.html ; result https://www.csscbidding.com/jyxx/003001/003001004/20250624/7439467e-c618-4753-a667-a9b3a7333ac9.html,"招标：""90t 1台""；结果：""湖北三江航天万山特种车辆有限公 1510000 元""","Candidates: CNY 1,510,000 (Wanshan) / 980,000 (Henan Haitai) / 1,350,000 (Jiangsu Haipeng); the award price is 54% above the lowest bid."
A15,320,hydraulic platform trailer; drive not stated,"5,120,000",award price,2,2560000,2265487,2025-06-24,"Jiangnan Shipyard (Group) Co., Ltd.",,B19,CSSC-12-251012-030 / 0613-256026152447,tender https://www.csscbidding.com/jyxx/003001/003001001/20250525/6609ad4f-bf6d-45f3-aba5-9c224a5a4dd1.html ; result https://www.csscbidding.com/jyxx/003001/003001004/20250624/4f12628d-45be-44b7-a559-8fd63b4766fa.html,"招标：""液压平板车（320t） 320t 2台""；结果：""湖北三江航天万山特种车辆有限公 5120000 元""","Candidates: CNY 5,120,000 / 5,200,000. The first tender of 2025-01 (320 t x 2 + 90 t x 1) failed (…/003001005/20250222/2d5adf2f-….html) and was re-tendered in two lots."
A16,450,"large hydraulic platform trailer, axle lines/bogies 8/16; drive not stated","7,240,000",award price,2,3620000,3203540,2025-08-18,"Hudong-Zhonghua Shipbuilding (Group) Co., Ltd.",,B20,CSSC-03-251020-041,tender https://www.csscbidding.com/jyxx/003001/003001001/20250620/abbf1c7a-5570-4c26-b5cd-23911d85c768.html ; result https://www.csscbidding.com/jyxx/003001/003001004/20250818/adbc8355-42cb-471b-ae28-abe610ce20f1.html,"招标：""2.3. 数量：2辆。 2.4.1. 额定载重：450T。 2.4.2. 轴线/轮架数量：8/16。""；结果：""湖北三江航天万山特种车辆有限公 7240000 元""",Quantity is 2 units; the candidate bids of CNY 7.24 / 7.16 / 8.10 million are all totals for 2 units.
A17,380,hydraulic platform trailer; drive not stated,"3,250,000",award price,1,3250000,2876106,2025-08-27 (platform date),"Shanhaiguan Shipbuilding Industry Co., Ltd.",,B15,CSSC-01-251011-121,tender https://www.csscbidding.com/jyxx/003001/003001001/20250731/8de29589-ce0e-48b8-96f8-fc76cfc67142.html ; result https://www.csscbidding.com/jyxx/003001/003001004/20250827/554e7606-d3b6-4bba-8680-a26da797f71d.html,"招标表：""380T 液压平板车 1 合同签订后 120 天内""（数量列""(台/套)""）；结果：""秦皇岛天业通联重工科技有限 325万元""",Candidates: CNY 3.25 / 3.0936 / 3.34 million.
A18,480,"""heavy-duty self-lifting hydraulic platform transporter""; drive not stated","3,420,000",award price,1,3420000,3026549,2025-10-20,"Hudong Heavy Machinery Co., Ltd.","diesel-engine works, not a shipyard",B21,CSSC-03-251003-037,tender (second call) https://www.csscbidding.com/jyxx/003001/003001001/20250812/bc52f2b1-79f0-4392-8001-e95ee0c5d74a.html ; result https://www.csscbidding.com/jyxx/003001/003001004/20251020/50bd214c-21e1-429b-bc5b-f073af36a731.html,"招标：""2.3. 数量：480吨重型平板车1台。""；结果：""郑州新大方重工科技有限公司 3420000 元""","Stated use: ""transfer of most main engines"". Candidates: CNY 3,420,000 / 3,735,000."
A19,250,"""heavy-duty platform transporter""; drive not stated","2,400,000",award price,1,2400000,2123894,2026-02-26,"CSSC International Engineering Co., Ltd.","tenderer, for the green ship-repair upgrade project of Qingdao Beihai Shipbuilding",B04,CSSC-02-261084-003 / CSCMC-26045-2E,tender https://www.csscbidding.com/jyxx/003001/003001001/20260121/0051c312-5f61-42a5-bb97-55ee3931ac6f.html ; result https://www.csscbidding.com/jyxx/003001/003001004/20260226/d873e50c-2932-4cd5-a2c8-d5dea6086b82.html,"招标：""2.4数量：1台250T重型平板运输车。""；结果：""湖北三江航天万山特种车辆有限公 2400000 元""","Candidates: CNY 2,400,000 / 2,190,000 (Tianye Tonglian) / 2,396,000 (Henan Haitai)."
A20,380,"""block transporter""; drive not stated","3,370,000",award price,1,3370000,2982301,2026-02-25,CSSC Huangpu Wenchong Shipbuilding Company Limited,,B13,CSCMC-25308-5E / CSSC-02-261102-002,tender https://www.csscbidding.com/jyxx/003001/003001001/20260120/ee1b51e7-be8c-4209-bcf2-69274fc219cd.html ; result https://www.csscbidding.com/jyxx/003001/003001004/20260225/460918b4-f1dd-422f-b4e1-702158d51e58.html,"招标：""1 分段运输车 380吨 1台""；结果：""湖北三江航天万山特种车辆有限公司 3370000 元""","Candidates: CNY 3,370,000 / 2,970,000 / 2,545,000 (Xin Dafang)."
A21,200,"""hydraulic lifting platform trailer""; drive not stated","1,950,000",award price,1,1950000,1725664,2026-03-04 (platform date 2026-03-10),Zhongchuan Haiyang Dongli Bujian Youxian Gongsi,not a shipyard,B07,CSSC-03-251003-095,tender (re-tender) https://www.csscbidding.com/jyxx/003001/003001001/20260113/f1afecd2-8b2f-44d1-9116-dbbf1eb800b1.html ; result https://www.csscbidding.com/jyxx/003001/003001004/20260310/0e7b1188-8b89-45b1-8f46-6c266f8ce05b.html,"招标：""2.2. 设备名称： 液压升降平板车。 2.3. 数量：一台。""；结果：""湖北三江航天万山特种车辆有限公 1950000 元""","Candidates: CNY 1,950,000 / 1,935,000."
A22,150,hydraulic platform trailer; drive not stated,"3,040,000",award price,2,1520000,1345133,2026-03-10,"Jiangnan Shipyard (Group) Co., Ltd.",,B19,CSSC-12-261012-009 / 0613-266026150452,tender https://www.csscbidding.com/jyxx/003001/003001001/20260129/ac173ac3-4590-4357-af76-3774ee83c7c0.html ; result https://www.csscbidding.com/jyxx/003001/003001004/20260310/eb3dbb48-ef89-4da3-980c-5c8f554c7969.html,"招标：""1 液压平板车 （150T） 150t 2辆""；结果：""湖北三江航天万山特种车辆有限公 3040000 元""","Candidates: CNY 3,040,000 / 3,580,000 (Xin Dafang)."
A23,450,"""hydraulic transport platform trailer"", axle lines/suspensions 8/16; drive not stated","3,770,000",award price,1,3770000,3336283,2026-03-16 (platform date; the PDF is undated),"China Shipbuilding NDRI Engineering Co., Ltd.",delivery to the Qingdao Beihai Shipbuilding yard,B12,CSSC-03-261090-001,tender https://www.csscbidding.com/jyxx/003001/003001001/20260203/2cfd1dee-851f-454c-9a48-00cda290771a.html ; result https://www.csscbidding.com/jyxx/003001/003001004/20260316/93d4b77b-b003-4968-8a34-77dbf4f8eed3.html,"招标：""2.3. 数量：1台。 2.4. … 额定载重量：≥450,000kg；轴线数/悬架数：8/16；""；结果：""湖北三江航天万山特种车辆有限公司 3770000 元""","Project: ""block construction capacity upgrade and intelligent retrofit"". Unit price close to that of A16 (also 450 t, 8/16), CNY 3.62 million. Candidates: CNY 3,770,000 / 3,760,000 / 3,150,000."
A24,250,"""heavy-duty platform transporter""; drive not stated","2,130,000",award price,1,2130000,1884956,2026-03-16,"Wuchang Shipbuilding Industry Group Co., Ltd.",,B17,CSSC-02-261045-002 / CSCMC-26003-2E,tender https://www.csscbidding.com/jyxx/003001/003001001/20260203/44dc317f-f71a-4617-8923-40cd39c60233.html ; result https://www.csscbidding.com/jyxx/003001/003001004/20260316/fdea6915-3224-433b-b228-79ebe7ef3860.html,"招标：""2.1项目概况：1辆250t重型平板运输车。""；结果：""秦皇岛天业通联重工科技有限公司 2130000 元""","Candidates: CNY 2,130,000 / 2,155,000 (Xin Dafang) / 2,228,000."
A25,250,hydraulic platform trailer; drive not stated,"2,450,000",award price,1,2450000,2168142,2026-03-24,"Shanghai Dongding Steel Structure Co., Ltd.",not a shipyard,B01,CSSC-12-251020-027 / 0613-266026150585,tender https://www.csscbidding.com/jyxx/003001/003001001/20260212/3fe7fc93-9f6f-423a-8f24-fa940be5686a.html ; result https://www.csscbidding.com/jyxx/003001/003001004/20260324/7b4f48f0-9be6-4e51-852b-ce8d8cc06fcf.html,"招标：""（250t） 1台""；结果：""湖北三江航天万山特种车辆有限公 2450000 元""","Both candidates bid CNY 2,450,000."
A26,380,"""platform transporter"", 7 axle lines, deck 6 x 20 m; drive not stated","3,350,000",award price,1,3350000,2964602,2026-03-27,"CSSC Qingdao Beihai Shipbuilding Co., Ltd.",,B05,CSSC-01-261024-003,tender (re-tender) https://www.csscbidding.com/jyxx/003001/003001001/20260204/0185d248-276f-41be-b974-0af32d1e429c.html ; result https://www.csscbidding.com/jyxx/003001/003001004/20260327/11abff39-97e0-4fc9-b227-d01960c4d39a.html,"招标：""最大载重量不小于380t，7轴 线，平台尺寸：6*20米 … (台) … 1 180天""；结果：""湖北三江航天万山特种车辆有限公 3350000 元""","Single candidate. Qualification: ""at least 8 platform transporters of 380 t or more delivered""."
A27,100,"""self-lifting hydraulic platform trailer""; drive not stated","3,080,000",award price,2,1540000,1362832,2026-06-16 (platform date),"Shanghai Waigaoqiao Shipbuilding Co., Ltd.",,B02,CSSC-01-261066-002,tender https://www.csscbidding.com/jyxx/003001/003001001/20260422/f2e4b8f7-9675-49d8-9253-95908bf0dc98.html ; result https://www.csscbidding.com/jyxx/003001/003001004/20260616/196a1df8-ef8e-4c5b-be69-50be3fc3c6c4.html,"招标表：""100t自升式液压 平板车 … 2""（数量列""(台/套)""）；结果：""郑州新大方重工科技有限公司 308万元""","Candidates: CNY 3.08 / 3.72 (Wanshan) million. The quantity was confirmed in the ""quantity"" column by comparing the pdftotext -layout and -raw outputs."
A28,250,"""self-lifting hydraulic platform trailer""; drive not stated","8,100,000",award price,3,2700000,2389381,2026-06-23 (platform date),"Shanghai Waigaoqiao Shipbuilding Co., Ltd.",,B02,CSSC-01-261066-003,tender https://www.csscbidding.com/jyxx/003001/003001001/20260422/ed79d644-3073-4d10-b5dd-88ffbb2f26a3.html ; result https://www.csscbidding.com/jyxx/003001/003001004/20260623/81e4de4c-e6e7-4380-a808-b8faa8d46aac.html,"招标表：""250T自升式液压 平板车 … 3""；结果：""湖北三江航天万山特种车辆有限公司 810万元""","Candidates: CNY 8.10 / 7.14 (Xin Dafang) million. Qualification: ""at least 10 units completed and delivered""."
A29,380,"""self-lifting hydraulic platform trailer""; drive not stated","3,400,000",award price,1,3400000,3008850,2026-06-23 (platform date),"Shanghai Waigaoqiao Shipbuilding Co., Ltd.",,B02,CSSC-01-261066-004,tender https://www.csscbidding.com/jyxx/003001/003001001/20260422/cd4a28e6-2f08-4cbf-ac68-810f9d315fed.html ; result https://www.csscbidding.com/jyxx/003001/003001004/20260623/0dc2ff01-e538-47d4-8edb-55880adbfbef.html,"招标表：""380T自升式液压 平板车 … 1""；结果：""湖北三江航天万山特种车辆有限公司 340万元""",Candidates: CNY 3.40 / 3.16 (Xin Dafang) million.
A30,380,"""self-lifting hydraulic platform trailer""; drive not stated","3,220,000",award price,1,3220000,2849558,2026-07-14,"Shanghai Waigaoqiao Shipbuilding and Offshore Co., Ltd.",,B03,CSSC-12-261066-006 / 0613-266026122765,tender https://www.csscbidding.com/jyxx/003001/003001001/20260604/dc6f03e1-f7a7-4f1d-962b-0173224acfc9.html (first issue …/20260528/7a9d8e0a-….html); result https://www.csscbidding.com/jyxx/003001/003001004/20260714/2877d268-7bd8-4c4f-9d85-01a09ff89e1a.html,"招标：""2.1 本次采购内容，380t自升式液压平板车1台""；结果：""郑州新大方重工科技有限公司 3220000 元""",Single candidate. Award result completed from this notice.
A31,250,"""heavy-duty platform transporter""; drive not stated","1,875,000",award price,1,1875000,1659292,2026-08-27,"Wuhan Wuchuan Heavy Equipment Engineering Co., Ltd.",not a shipyard,B18,CSSC-07-261045-002 / ZC26G270503,tender https://www.csscbidding.com/jyxx/003001/003001001/20260729/051aad39-d92e-40ed-9762-9d76c1d581d4.html ; result https://www.csscbidding.com/jyxx/003001/003001004/20260827/40984476-0eb6-420d-afb8-8f1730b0e2b1.html,"招标：""2.3 数 量：1辆 2.4 技术规格：250t""；结果：""郑州新大方重工科技有限公司 1875000 元""",Candidates: CNY 1.875 / 2.198 / 2.33 million.
A32,250,self-propelled hydraulic platform trailer,"2,480,000",award price,1,2480000,2194690,2026-09-15,Zhongchuan Ganghang (Guangdong) Chuanbo Youxian Gongsi,listed on the platform under Guangzhou Shipyard International; the tenderer in the PDF is this company,B08,CSCMC-26309-14E / CSSC-02-261021-015,tender https://www.csscbidding.com/jyxx/003001/003001001/20260811/8038451d-f572-45cf-8ef8-862d841b3d44.html ; result https://www.csscbidding.com/jyxx/003001/003001004/20260915/bc3d46cd-ee01-4d4b-a5f8-b3dae4731165.html,"招标：""自行式液压平 … 额定载荷250t 1台""；""包括但不限于1台自行式液压平板车的设计、制造…""；结果：""郑州新大方重工科技有限公司 2480000 元""","Candidates: CNY 2,480,000 / 2,720,000 (Haipeng) / 2,576,513 (Mapai Jidian)."
A33,200,self-propelled hydraulic platform transporter,"1,830,000",award price,1,1830000,1619469,2026-09-15,"CSSC Chengxi (Taizhou) Equipment Technology Co., Ltd.",not a shipyard,B11,CSSC-02-261074-028 / CSCMC-26330-3E,tender https://www.csscbidding.com/jyxx/003001/003001001/20260821/cd0de5ef-8a29-49ee-b27c-4e6a8c6ddc54.html ; result https://www.csscbidding.com/jyxx/003001/003001004/20260915/a74c763d-5ea5-458f-b01a-49620c798354.html,"招标：""1 自行式液压平板运输车 200T 1辆""；结果：""河南海泰重工有限公司 1830000 元""","The CSSC Chengxi (Taizhou) 200 t purchase. Other candidate bids: CNY 2,160,000 and 2,030,000 (table rows misaligned; bidder names not matched)."
