wage_anchor,annual_wage_CNY,annual_hours,employer_oncost,life_years,interest,operating_days,capital_recovery_factor,p270_CNY_ex_VAT,daily_capital_CNY,hourly_labour_CNY,r_labour_hours_per_day,wage_source
national,79182,2000,0.3,8,0.04,250,0.148528,2214875,1315.88,51.47,25.567,"National Bureau of Statistics of China, 2025 average wage of enterprises above designated size, manufacturing, production and related workers (table 7)"
national,79182,2000,0.3,8,0.04,300,0.148528,2214875,1096.57,51.47,21.306,"National Bureau of Statistics of China, 2025 average wage of enterprises above designated size, manufacturing, production and related workers (table 7)"
national,79182,2000,0.3,8,0.06,250,0.161036,2214875,1426.7,51.47,27.72,"National Bureau of Statistics of China, 2025 average wage of enterprises above designated size, manufacturing, production and related workers (table 7)"
national,79182,2000,0.3,8,0.06,300,0.161036,2214875,1188.91,51.47,23.1,"National Bureau of Statistics of China, 2025 average wage of enterprises above designated size, manufacturing, production and related workers (table 7)"
national,79182,2000,0.3,8,0.08,250,0.174015,2214875,1541.68,51.47,29.954,"National Bureau of Statistics of China, 2025 average wage of enterprises above designated size, manufacturing, production and related workers (table 7)"
national,79182,2000,0.3,8,0.08,300,0.174015,2214875,1284.74,51.47,24.962,"National Bureau of Statistics of China, 2025 average wage of enterprises above designated size, manufacturing, production and related workers (table 7)"
national,79182,2000,0.3,10,0.04,250,0.123291,2214875,1092.3,51.47,21.223,"National Bureau of Statistics of China, 2025 average wage of enterprises above designated size, manufacturing, production and related workers (table 7)"
national,79182,2000,0.3,10,0.04,300,0.123291,2214875,910.25,51.47,17.686,"National Bureau of Statistics of China, 2025 average wage of enterprises above designated size, manufacturing, production and related workers (table 7)"
national,79182,2000,0.3,10,0.06,250,0.135868,2214875,1203.72,51.47,23.388,"National Bureau of Statistics of China, 2025 average wage of enterprises above designated size, manufacturing, production and related workers (table 7)"
national,79182,2000,0.3,10,0.06,300,0.135868,2214875,1003.1,51.47,19.49,"National Bureau of Statistics of China, 2025 average wage of enterprises above designated size, manufacturing, production and related workers (table 7)"
national,79182,2000,0.3,10,0.08,250,0.149029,2214875,1320.33,51.47,25.653,"National Bureau of Statistics of China, 2025 average wage of enterprises above designated size, manufacturing, production and related workers (table 7)"
national,79182,2000,0.3,10,0.08,300,0.149029,2214875,1100.27,51.47,21.378,"National Bureau of Statistics of China, 2025 average wage of enterprises above designated size, manufacturing, production and related workers (table 7)"
national,79182,2000,0.3,15,0.04,250,0.089941,2214875,796.83,51.47,15.482,"National Bureau of Statistics of China, 2025 average wage of enterprises above designated size, manufacturing, production and related workers (table 7)"
national,79182,2000,0.3,15,0.04,300,0.089941,2214875,664.03,51.47,12.902,"National Bureau of Statistics of China, 2025 average wage of enterprises above designated size, manufacturing, production and related workers (table 7)"
national,79182,2000,0.3,15,0.06,250,0.102963,2214875,912.2,51.47,17.724,"National Bureau of Statistics of China, 2025 average wage of enterprises above designated size, manufacturing, production and related workers (table 7)"
national,79182,2000,0.3,15,0.06,300,0.102963,2214875,760.17,51.47,14.77,"National Bureau of Statistics of China, 2025 average wage of enterprises above designated size, manufacturing, production and related workers (table 7)"
national,79182,2000,0.3,15,0.08,250,0.11683,2214875,1035.05,51.47,20.11,"National Bureau of Statistics of China, 2025 average wage of enterprises above designated size, manufacturing, production and related workers (table 7)"
national,79182,2000,0.3,15,0.08,300,0.11683,2214875,862.54,51.47,16.759,"National Bureau of Statistics of China, 2025 average wage of enterprises above designated size, manufacturing, production and related workers (table 7)"
national,79182,2000,0.4,8,0.04,250,0.148528,2214875,1315.88,55.43,23.741,"National Bureau of Statistics of China, 2025 average wage of enterprises above designated size, manufacturing, production and related workers (table 7)"
national,79182,2000,0.4,8,0.04,300,0.148528,2214875,1096.57,55.43,19.784,"National Bureau of Statistics of China, 2025 average wage of enterprises above designated size, manufacturing, production and related workers (table 7)"
national,79182,2000,0.4,8,0.06,250,0.161036,2214875,1426.7,55.43,25.74,"National Bureau of Statistics of China, 2025 average wage of enterprises above designated size, manufacturing, production and related workers (table 7)"
national,79182,2000,0.4,8,0.06,300,0.161036,2214875,1188.91,55.43,21.45,"National Bureau of Statistics of China, 2025 average wage of enterprises above designated size, manufacturing, production and related workers (table 7)"
national,79182,2000,0.4,8,0.08,250,0.174015,2214875,1541.68,55.43,27.814,"National Bureau of Statistics of China, 2025 average wage of enterprises above designated size, manufacturing, production and related workers (table 7)"
national,79182,2000,0.4,8,0.08,300,0.174015,2214875,1284.74,55.43,23.179,"National Bureau of Statistics of China, 2025 average wage of enterprises above designated size, manufacturing, production and related workers (table 7)"
national,79182,2000,0.4,10,0.04,250,0.123291,2214875,1092.3,55.43,19.707,"National Bureau of Statistics of China, 2025 average wage of enterprises above designated size, manufacturing, production and related workers (table 7)"
national,79182,2000,0.4,10,0.04,300,0.123291,2214875,910.25,55.43,16.422,"National Bureau of Statistics of China, 2025 average wage of enterprises above designated size, manufacturing, production and related workers (table 7)"
national,79182,2000,0.4,10,0.06,250,0.135868,2214875,1203.72,55.43,21.717,"National Bureau of Statistics of China, 2025 average wage of enterprises above designated size, manufacturing, production and related workers (table 7)"
national,79182,2000,0.4,10,0.06,300,0.135868,2214875,1003.1,55.43,18.098,"National Bureau of Statistics of China, 2025 average wage of enterprises above designated size, manufacturing, production and related workers (table 7)"
national,79182,2000,0.4,10,0.08,250,0.149029,2214875,1320.33,55.43,23.821,"National Bureau of Statistics of China, 2025 average wage of enterprises above designated size, manufacturing, production and related workers (table 7)"
national,79182,2000,0.4,10,0.08,300,0.149029,2214875,1100.27,55.43,19.851,"National Bureau of Statistics of China, 2025 average wage of enterprises above designated size, manufacturing, production and related workers (table 7)"
national,79182,2000,0.4,15,0.04,250,0.089941,2214875,796.83,55.43,14.376,"National Bureau of Statistics of China, 2025 average wage of enterprises above designated size, manufacturing, production and related workers (table 7)"
national,79182,2000,0.4,15,0.04,300,0.089941,2214875,664.03,55.43,11.98,"National Bureau of Statistics of China, 2025 average wage of enterprises above designated size, manufacturing, production and related workers (table 7)"
national,79182,2000,0.4,15,0.06,250,0.102963,2214875,912.2,55.43,16.458,"National Bureau of Statistics of China, 2025 average wage of enterprises above designated size, manufacturing, production and related workers (table 7)"
national,79182,2000,0.4,15,0.06,300,0.102963,2214875,760.17,55.43,13.715,"National Bureau of Statistics of China, 2025 average wage of enterprises above designated size, manufacturing, production and related workers (table 7)"
national,79182,2000,0.4,15,0.08,250,0.11683,2214875,1035.05,55.43,18.674,"National Bureau of Statistics of China, 2025 average wage of enterprises above designated size, manufacturing, production and related workers (table 7)"
national,79182,2000,0.4,15,0.08,300,0.11683,2214875,862.54,55.43,15.562,"National Bureau of Statistics of China, 2025 average wage of enterprises above designated size, manufacturing, production and related workers (table 7)"
national,79182,2527,0.3,8,0.04,250,0.148528,2214875,1315.88,40.73,32.304,"National Bureau of Statistics of China, 2025 average wage of enterprises above designated size, manufacturing, production and related workers (table 7)"
national,79182,2527,0.3,8,0.04,300,0.148528,2214875,1096.57,40.73,26.92,"National Bureau of Statistics of China, 2025 average wage of enterprises above designated size, manufacturing, production and related workers (table 7)"
national,79182,2527,0.3,8,0.06,250,0.161036,2214875,1426.7,40.73,35.024,"National Bureau of Statistics of China, 2025 average wage of enterprises above designated size, manufacturing, production and related workers (table 7)"
national,79182,2527,0.3,8,0.06,300,0.161036,2214875,1188.91,40.73,29.187,"National Bureau of Statistics of China, 2025 average wage of enterprises above designated size, manufacturing, production and related workers (table 7)"
national,79182,2527,0.3,8,0.08,250,0.174015,2214875,1541.68,40.73,37.847,"National Bureau of Statistics of China, 2025 average wage of enterprises above designated size, manufacturing, production and related workers (table 7)"
national,79182,2527,0.3,8,0.08,300,0.174015,2214875,1284.74,40.73,31.539,"National Bureau of Statistics of China, 2025 average wage of enterprises above designated size, manufacturing, production and related workers (table 7)"
national,79182,2527,0.3,10,0.04,250,0.123291,2214875,1092.3,40.73,26.815,"National Bureau of Statistics of China, 2025 average wage of enterprises above designated size, manufacturing, production and related workers (table 7)"
national,79182,2527,0.3,10,0.04,300,0.123291,2214875,910.25,40.73,22.346,"National Bureau of Statistics of China, 2025 average wage of enterprises above designated size, manufacturing, production and related workers (table 7)"
national,79182,2527,0.3,10,0.06,250,0.135868,2214875,1203.72,40.73,29.55,"National Bureau of Statistics of China, 2025 average wage of enterprises above designated size, manufacturing, production and related workers (table 7)"
national,79182,2527,0.3,10,0.06,300,0.135868,2214875,1003.1,40.73,24.625,"National Bureau of Statistics of China, 2025 average wage of enterprises above designated size, manufacturing, production and related workers (table 7)"
national,79182,2527,0.3,10,0.08,250,0.149029,2214875,1320.33,40.73,32.413,"National Bureau of Statistics of China, 2025 average wage of enterprises above designated size, manufacturing, production and related workers (table 7)"
national,79182,2527,0.3,10,0.08,300,0.149029,2214875,1100.27,40.73,27.011,"National Bureau of Statistics of China, 2025 average wage of enterprises above designated size, manufacturing, production and related workers (table 7)"
national,79182,2527,0.3,15,0.04,250,0.089941,2214875,796.83,40.73,19.562,"National Bureau of Statistics of China, 2025 average wage of enterprises above designated size, manufacturing, production and related workers (table 7)"
national,79182,2527,0.3,15,0.04,300,0.089941,2214875,664.03,40.73,16.301,"National Bureau of Statistics of China, 2025 average wage of enterprises above designated size, manufacturing, production and related workers (table 7)"
national,79182,2527,0.3,15,0.06,250,0.102963,2214875,912.2,40.73,22.394,"National Bureau of Statistics of China, 2025 average wage of enterprises above designated size, manufacturing, production and related workers (table 7)"
national,79182,2527,0.3,15,0.06,300,0.102963,2214875,760.17,40.73,18.661,"National Bureau of Statistics of China, 2025 average wage of enterprises above designated size, manufacturing, production and related workers (table 7)"
national,79182,2527,0.3,15,0.08,250,0.11683,2214875,1035.05,40.73,25.41,"National Bureau of Statistics of China, 2025 average wage of enterprises above designated size, manufacturing, production and related workers (table 7)"
national,79182,2527,0.3,15,0.08,300,0.11683,2214875,862.54,40.73,21.175,"National Bureau of Statistics of China, 2025 average wage of enterprises above designated size, manufacturing, production and related workers (table 7)"
national,79182,2527,0.4,8,0.04,250,0.148528,2214875,1315.88,43.87,29.996,"National Bureau of Statistics of China, 2025 average wage of enterprises above designated size, manufacturing, production and related workers (table 7)"
national,79182,2527,0.4,8,0.04,300,0.148528,2214875,1096.57,43.87,24.997,"National Bureau of Statistics of China, 2025 average wage of enterprises above designated size, manufacturing, production and related workers (table 7)"
national,79182,2527,0.4,8,0.06,250,0.161036,2214875,1426.7,43.87,32.522,"National Bureau of Statistics of China, 2025 average wage of enterprises above designated size, manufacturing, production and related workers (table 7)"
national,79182,2527,0.4,8,0.06,300,0.161036,2214875,1188.91,43.87,27.102,"National Bureau of Statistics of China, 2025 average wage of enterprises above designated size, manufacturing, production and related workers (table 7)"
national,79182,2527,0.4,8,0.08,250,0.174015,2214875,1541.68,43.87,35.144,"National Bureau of Statistics of China, 2025 average wage of enterprises above designated size, manufacturing, production and related workers (table 7)"
national,79182,2527,0.4,8,0.08,300,0.174015,2214875,1284.74,43.87,29.286,"National Bureau of Statistics of China, 2025 average wage of enterprises above designated size, manufacturing, production and related workers (table 7)"
national,79182,2527,0.4,10,0.04,250,0.123291,2214875,1092.3,43.87,24.9,"National Bureau of Statistics of China, 2025 average wage of enterprises above designated size, manufacturing, production and related workers (table 7)"
national,79182,2527,0.4,10,0.04,300,0.123291,2214875,910.25,43.87,20.75,"National Bureau of Statistics of China, 2025 average wage of enterprises above designated size, manufacturing, production and related workers (table 7)"
national,79182,2527,0.4,10,0.06,250,0.135868,2214875,1203.72,43.87,27.44,"National Bureau of Statistics of China, 2025 average wage of enterprises above designated size, manufacturing, production and related workers (table 7)"
national,79182,2527,0.4,10,0.06,300,0.135868,2214875,1003.1,43.87,22.866,"National Bureau of Statistics of China, 2025 average wage of enterprises above designated size, manufacturing, production and related workers (table 7)"
national,79182,2527,0.4,10,0.08,250,0.149029,2214875,1320.33,43.87,30.098,"National Bureau of Statistics of China, 2025 average wage of enterprises above designated size, manufacturing, production and related workers (table 7)"
national,79182,2527,0.4,10,0.08,300,0.149029,2214875,1100.27,43.87,25.081,"National Bureau of Statistics of China, 2025 average wage of enterprises above designated size, manufacturing, production and related workers (table 7)"
national,79182,2527,0.4,15,0.04,250,0.089941,2214875,796.83,43.87,18.164,"National Bureau of Statistics of China, 2025 average wage of enterprises above designated size, manufacturing, production and related workers (table 7)"
national,79182,2527,0.4,15,0.04,300,0.089941,2214875,664.03,43.87,15.137,"National Bureau of Statistics of China, 2025 average wage of enterprises above designated size, manufacturing, production and related workers (table 7)"
national,79182,2527,0.4,15,0.06,250,0.102963,2214875,912.2,43.87,20.794,"National Bureau of Statistics of China, 2025 average wage of enterprises above designated size, manufacturing, production and related workers (table 7)"
national,79182,2527,0.4,15,0.06,300,0.102963,2214875,760.17,43.87,17.328,"National Bureau of Statistics of China, 2025 average wage of enterprises above designated size, manufacturing, production and related workers (table 7)"
national,79182,2527,0.4,15,0.08,250,0.11683,2214875,1035.05,43.87,23.595,"National Bureau of Statistics of China, 2025 average wage of enterprises above designated size, manufacturing, production and related workers (table 7)"
national,79182,2527,0.4,15,0.08,300,0.11683,2214875,862.54,43.87,19.662,"National Bureau of Statistics of China, 2025 average wage of enterprises above designated size, manufacturing, production and related workers (table 7)"
shanghai,184833,2000,0.3,8,0.04,250,0.148528,2214875,1315.88,120.14,10.953,"China Statistical Yearbook 2025, table 4-12, urban non-private units, manufacturing, Shanghai (2024)"
shanghai,184833,2000,0.3,8,0.04,300,0.148528,2214875,1096.57,120.14,9.127,"China Statistical Yearbook 2025, table 4-12, urban non-private units, manufacturing, Shanghai (2024)"
shanghai,184833,2000,0.3,8,0.06,250,0.161036,2214875,1426.7,120.14,11.875,"China Statistical Yearbook 2025, table 4-12, urban non-private units, manufacturing, Shanghai (2024)"
shanghai,184833,2000,0.3,8,0.06,300,0.161036,2214875,1188.91,120.14,9.896,"China Statistical Yearbook 2025, table 4-12, urban non-private units, manufacturing, Shanghai (2024)"
shanghai,184833,2000,0.3,8,0.08,250,0.174015,2214875,1541.68,120.14,12.832,"China Statistical Yearbook 2025, table 4-12, urban non-private units, manufacturing, Shanghai (2024)"
shanghai,184833,2000,0.3,8,0.08,300,0.174015,2214875,1284.74,120.14,10.694,"China Statistical Yearbook 2025, table 4-12, urban non-private units, manufacturing, Shanghai (2024)"
shanghai,184833,2000,0.3,10,0.04,250,0.123291,2214875,1092.3,120.14,9.092,"China Statistical Yearbook 2025, table 4-12, urban non-private units, manufacturing, Shanghai (2024)"
shanghai,184833,2000,0.3,10,0.04,300,0.123291,2214875,910.25,120.14,7.576,"China Statistical Yearbook 2025, table 4-12, urban non-private units, manufacturing, Shanghai (2024)"
shanghai,184833,2000,0.3,10,0.06,250,0.135868,2214875,1203.72,120.14,10.019,"China Statistical Yearbook 2025, table 4-12, urban non-private units, manufacturing, Shanghai (2024)"
shanghai,184833,2000,0.3,10,0.06,300,0.135868,2214875,1003.1,120.14,8.349,"China Statistical Yearbook 2025, table 4-12, urban non-private units, manufacturing, Shanghai (2024)"
shanghai,184833,2000,0.3,10,0.08,250,0.149029,2214875,1320.33,120.14,10.99,"China Statistical Yearbook 2025, table 4-12, urban non-private units, manufacturing, Shanghai (2024)"
shanghai,184833,2000,0.3,10,0.08,300,0.149029,2214875,1100.27,120.14,9.158,"China Statistical Yearbook 2025, table 4-12, urban non-private units, manufacturing, Shanghai (2024)"
shanghai,184833,2000,0.3,15,0.04,250,0.089941,2214875,796.83,120.14,6.632,"China Statistical Yearbook 2025, table 4-12, urban non-private units, manufacturing, Shanghai (2024)"
shanghai,184833,2000,0.3,15,0.04,300,0.089941,2214875,664.03,120.14,5.527,"China Statistical Yearbook 2025, table 4-12, urban non-private units, manufacturing, Shanghai (2024)"
shanghai,184833,2000,0.3,15,0.06,250,0.102963,2214875,912.2,120.14,7.593,"China Statistical Yearbook 2025, table 4-12, urban non-private units, manufacturing, Shanghai (2024)"
shanghai,184833,2000,0.3,15,0.06,300,0.102963,2214875,760.17,120.14,6.327,"China Statistical Yearbook 2025, table 4-12, urban non-private units, manufacturing, Shanghai (2024)"
shanghai,184833,2000,0.3,15,0.08,250,0.11683,2214875,1035.05,120.14,8.615,"China Statistical Yearbook 2025, table 4-12, urban non-private units, manufacturing, Shanghai (2024)"
shanghai,184833,2000,0.3,15,0.08,300,0.11683,2214875,862.54,120.14,7.179,"China Statistical Yearbook 2025, table 4-12, urban non-private units, manufacturing, Shanghai (2024)"
shanghai,184833,2000,0.4,8,0.04,250,0.148528,2214875,1315.88,129.38,10.17,"China Statistical Yearbook 2025, table 4-12, urban non-private units, manufacturing, Shanghai (2024)"
shanghai,184833,2000,0.4,8,0.04,300,0.148528,2214875,1096.57,129.38,8.475,"China Statistical Yearbook 2025, table 4-12, urban non-private units, manufacturing, Shanghai (2024)"
shanghai,184833,2000,0.4,8,0.06,250,0.161036,2214875,1426.7,129.38,11.027,"China Statistical Yearbook 2025, table 4-12, urban non-private units, manufacturing, Shanghai (2024)"
shanghai,184833,2000,0.4,8,0.06,300,0.161036,2214875,1188.91,129.38,9.189,"China Statistical Yearbook 2025, table 4-12, urban non-private units, manufacturing, Shanghai (2024)"
shanghai,184833,2000,0.4,8,0.08,250,0.174015,2214875,1541.68,129.38,11.916,"China Statistical Yearbook 2025, table 4-12, urban non-private units, manufacturing, Shanghai (2024)"
shanghai,184833,2000,0.4,8,0.08,300,0.174015,2214875,1284.74,129.38,9.93,"China Statistical Yearbook 2025, table 4-12, urban non-private units, manufacturing, Shanghai (2024)"
shanghai,184833,2000,0.4,10,0.04,250,0.123291,2214875,1092.3,129.38,8.442,"China Statistical Yearbook 2025, table 4-12, urban non-private units, manufacturing, Shanghai (2024)"
shanghai,184833,2000,0.4,10,0.04,300,0.123291,2214875,910.25,129.38,7.035,"China Statistical Yearbook 2025, table 4-12, urban non-private units, manufacturing, Shanghai (2024)"
shanghai,184833,2000,0.4,10,0.06,250,0.135868,2214875,1203.72,129.38,9.304,"China Statistical Yearbook 2025, table 4-12, urban non-private units, manufacturing, Shanghai (2024)"
shanghai,184833,2000,0.4,10,0.06,300,0.135868,2214875,1003.1,129.38,7.753,"China Statistical Yearbook 2025, table 4-12, urban non-private units, manufacturing, Shanghai (2024)"
shanghai,184833,2000,0.4,10,0.08,250,0.149029,2214875,1320.33,129.38,10.205,"China Statistical Yearbook 2025, table 4-12, urban non-private units, manufacturing, Shanghai (2024)"
shanghai,184833,2000,0.4,10,0.08,300,0.149029,2214875,1100.27,129.38,8.504,"China Statistical Yearbook 2025, table 4-12, urban non-private units, manufacturing, Shanghai (2024)"
shanghai,184833,2000,0.4,15,0.04,250,0.089941,2214875,796.83,129.38,6.159,"China Statistical Yearbook 2025, table 4-12, urban non-private units, manufacturing, Shanghai (2024)"
shanghai,184833,2000,0.4,15,0.04,300,0.089941,2214875,664.03,129.38,5.132,"China Statistical Yearbook 2025, table 4-12, urban non-private units, manufacturing, Shanghai (2024)"
shanghai,184833,2000,0.4,15,0.06,250,0.102963,2214875,912.2,129.38,7.05,"China Statistical Yearbook 2025, table 4-12, urban non-private units, manufacturing, Shanghai (2024)"
shanghai,184833,2000,0.4,15,0.06,300,0.102963,2214875,760.17,129.38,5.875,"China Statistical Yearbook 2025, table 4-12, urban non-private units, manufacturing, Shanghai (2024)"
shanghai,184833,2000,0.4,15,0.08,250,0.11683,2214875,1035.05,129.38,8.0,"China Statistical Yearbook 2025, table 4-12, urban non-private units, manufacturing, Shanghai (2024)"
shanghai,184833,2000,0.4,15,0.08,300,0.11683,2214875,862.54,129.38,6.667,"China Statistical Yearbook 2025, table 4-12, urban non-private units, manufacturing, Shanghai (2024)"
shanghai,184833,2527,0.3,8,0.04,250,0.148528,2214875,1315.88,95.09,13.839,"China Statistical Yearbook 2025, table 4-12, urban non-private units, manufacturing, Shanghai (2024)"
shanghai,184833,2527,0.3,8,0.04,300,0.148528,2214875,1096.57,95.09,11.532,"China Statistical Yearbook 2025, table 4-12, urban non-private units, manufacturing, Shanghai (2024)"
shanghai,184833,2527,0.3,8,0.06,250,0.161036,2214875,1426.7,95.09,15.004,"China Statistical Yearbook 2025, table 4-12, urban non-private units, manufacturing, Shanghai (2024)"
shanghai,184833,2527,0.3,8,0.06,300,0.161036,2214875,1188.91,95.09,12.504,"China Statistical Yearbook 2025, table 4-12, urban non-private units, manufacturing, Shanghai (2024)"
shanghai,184833,2527,0.3,8,0.08,250,0.174015,2214875,1541.68,95.09,16.214,"China Statistical Yearbook 2025, table 4-12, urban non-private units, manufacturing, Shanghai (2024)"
shanghai,184833,2527,0.3,8,0.08,300,0.174015,2214875,1284.74,95.09,13.511,"China Statistical Yearbook 2025, table 4-12, urban non-private units, manufacturing, Shanghai (2024)"
shanghai,184833,2527,0.3,10,0.04,250,0.123291,2214875,1092.3,95.09,11.487,"China Statistical Yearbook 2025, table 4-12, urban non-private units, manufacturing, Shanghai (2024)"
shanghai,184833,2527,0.3,10,0.04,300,0.123291,2214875,910.25,95.09,9.573,"China Statistical Yearbook 2025, table 4-12, urban non-private units, manufacturing, Shanghai (2024)"
shanghai,184833,2527,0.3,10,0.06,250,0.135868,2214875,1203.72,95.09,12.659,"China Statistical Yearbook 2025, table 4-12, urban non-private units, manufacturing, Shanghai (2024)"
shanghai,184833,2527,0.3,10,0.06,300,0.135868,2214875,1003.1,95.09,10.549,"China Statistical Yearbook 2025, table 4-12, urban non-private units, manufacturing, Shanghai (2024)"
shanghai,184833,2527,0.3,10,0.08,250,0.149029,2214875,1320.33,95.09,13.886,"China Statistical Yearbook 2025, table 4-12, urban non-private units, manufacturing, Shanghai (2024)"
shanghai,184833,2527,0.3,10,0.08,300,0.149029,2214875,1100.27,95.09,11.571,"China Statistical Yearbook 2025, table 4-12, urban non-private units, manufacturing, Shanghai (2024)"
shanghai,184833,2527,0.3,15,0.04,250,0.089941,2214875,796.83,95.09,8.38,"China Statistical Yearbook 2025, table 4-12, urban non-private units, manufacturing, Shanghai (2024)"
shanghai,184833,2527,0.3,15,0.04,300,0.089941,2214875,664.03,95.09,6.983,"China Statistical Yearbook 2025, table 4-12, urban non-private units, manufacturing, Shanghai (2024)"
shanghai,184833,2527,0.3,15,0.06,250,0.102963,2214875,912.2,95.09,9.593,"China Statistical Yearbook 2025, table 4-12, urban non-private units, manufacturing, Shanghai (2024)"
shanghai,184833,2527,0.3,15,0.06,300,0.102963,2214875,760.17,95.09,7.994,"China Statistical Yearbook 2025, table 4-12, urban non-private units, manufacturing, Shanghai (2024)"
shanghai,184833,2527,0.3,15,0.08,250,0.11683,2214875,1035.05,95.09,10.885,"China Statistical Yearbook 2025, table 4-12, urban non-private units, manufacturing, Shanghai (2024)"
shanghai,184833,2527,0.3,15,0.08,300,0.11683,2214875,862.54,95.09,9.071,"China Statistical Yearbook 2025, table 4-12, urban non-private units, manufacturing, Shanghai (2024)"
shanghai,184833,2527,0.4,8,0.04,250,0.148528,2214875,1315.88,102.4,12.85,"China Statistical Yearbook 2025, table 4-12, urban non-private units, manufacturing, Shanghai (2024)"
shanghai,184833,2527,0.4,8,0.04,300,0.148528,2214875,1096.57,102.4,10.709,"China Statistical Yearbook 2025, table 4-12, urban non-private units, manufacturing, Shanghai (2024)"
shanghai,184833,2527,0.4,8,0.06,250,0.161036,2214875,1426.7,102.4,13.933,"China Statistical Yearbook 2025, table 4-12, urban non-private units, manufacturing, Shanghai (2024)"
shanghai,184833,2527,0.4,8,0.06,300,0.161036,2214875,1188.91,102.4,11.61,"China Statistical Yearbook 2025, table 4-12, urban non-private units, manufacturing, Shanghai (2024)"
shanghai,184833,2527,0.4,8,0.08,250,0.174015,2214875,1541.68,102.4,15.055,"China Statistical Yearbook 2025, table 4-12, urban non-private units, manufacturing, Shanghai (2024)"
shanghai,184833,2527,0.4,8,0.08,300,0.174015,2214875,1284.74,102.4,12.546,"China Statistical Yearbook 2025, table 4-12, urban non-private units, manufacturing, Shanghai (2024)"
shanghai,184833,2527,0.4,10,0.04,250,0.123291,2214875,1092.3,102.4,10.667,"China Statistical Yearbook 2025, table 4-12, urban non-private units, manufacturing, Shanghai (2024)"
shanghai,184833,2527,0.4,10,0.04,300,0.123291,2214875,910.25,102.4,8.889,"China Statistical Yearbook 2025, table 4-12, urban non-private units, manufacturing, Shanghai (2024)"
shanghai,184833,2527,0.4,10,0.06,250,0.135868,2214875,1203.72,102.4,11.755,"China Statistical Yearbook 2025, table 4-12, urban non-private units, manufacturing, Shanghai (2024)"
shanghai,184833,2527,0.4,10,0.06,300,0.135868,2214875,1003.1,102.4,9.796,"China Statistical Yearbook 2025, table 4-12, urban non-private units, manufacturing, Shanghai (2024)"
shanghai,184833,2527,0.4,10,0.08,250,0.149029,2214875,1320.33,102.4,12.894,"China Statistical Yearbook 2025, table 4-12, urban non-private units, manufacturing, Shanghai (2024)"
shanghai,184833,2527,0.4,10,0.08,300,0.149029,2214875,1100.27,102.4,10.745,"China Statistical Yearbook 2025, table 4-12, urban non-private units, manufacturing, Shanghai (2024)"
shanghai,184833,2527,0.4,15,0.04,250,0.089941,2214875,796.83,102.4,7.782,"China Statistical Yearbook 2025, table 4-12, urban non-private units, manufacturing, Shanghai (2024)"
shanghai,184833,2527,0.4,15,0.04,300,0.089941,2214875,664.03,102.4,6.485,"China Statistical Yearbook 2025, table 4-12, urban non-private units, manufacturing, Shanghai (2024)"
shanghai,184833,2527,0.4,15,0.06,250,0.102963,2214875,912.2,102.4,8.908,"China Statistical Yearbook 2025, table 4-12, urban non-private units, manufacturing, Shanghai (2024)"
shanghai,184833,2527,0.4,15,0.06,300,0.102963,2214875,760.17,102.4,7.423,"China Statistical Yearbook 2025, table 4-12, urban non-private units, manufacturing, Shanghai (2024)"
shanghai,184833,2527,0.4,15,0.08,250,0.11683,2214875,1035.05,102.4,10.108,"China Statistical Yearbook 2025, table 4-12, urban non-private units, manufacturing, Shanghai (2024)"
shanghai,184833,2527,0.4,15,0.08,300,0.11683,2214875,862.54,102.4,8.423,"China Statistical Yearbook 2025, table 4-12, urban non-private units, manufacturing, Shanghai (2024)"
