k,type,K,capacity,capital_proxy,shift_h,needs_after_shift,boundary_checked
6,200,12,2400,9.696,480,True,True
6,250,9,2250,8.506,360,True,True
6,270,9,2430,9.0,360,True,True
6,300,8,2400,8.658,320,True,True
6,325,8,2600,9.207,320,True,True
6,380,6,2280,7.81,240,True,True
6,425,5,2125,7.126,200,False,True
6,500,5,2500,8.154,200,False,True
6,550,5,2750,8.84,200,False,True
6,MX1,7,2170,7.768,280,True,True
6,MX2,6,2180,7.536,240,True,True
8,200,18,3600,14.544,720,True,True
8,250,14,3500,13.232,560,False,True
8,270,14,3780,14.0,560,False,True
8,300,12,3600,12.987,480,True,True
8,325,12,3900,13.81,480,True,True
8,380,9,3420,11.715,360,True,True
8,425,6,2550,8.551,240,True,True
8,500,6,3000,9.785,240,True,True
8,550,6,3300,10.608,240,True,True
8,MX1,12,3520,12.768,480,True,True
8,MX2,10,3260,11.536,400,True,True
