k,rule,X,n_star,K_final,boundary_checked,after_share_max,meets_shift_hard,old
1,nocoup,250,0,5,True,0.0,True,0
1,nocoup,270,0,5,True,0.0,True,0
1,nocoup,380,0,5,True,0.0,True,0
1,nocoup,420,0,5,True,0.0,True,0
1,flex,250,0,5,True,0.0,True,0
1,flex,270,0,5,True,0.0,True,0
1,flex,380,0,5,True,0.0,True,0
1,flex,420,0,5,True,0.0,True,0
2,nocoup,250,0,5,True,0.0274,True,0
2,nocoup,270,0,5,True,0.0274,True,0
2,nocoup,380,0,5,True,0.0274,True,0
2,nocoup,420,0,5,True,0.0274,True,0
2,flex,250,0,5,True,0.0274,True,0
2,flex,270,0,5,True,0.0274,True,0
2,flex,380,0,5,True,0.0274,True,0
2,flex,420,0,5,True,0.0274,True,0
4,nocoup,250,,,False,,,—
4,nocoup,270,,,False,,,—
4,nocoup,380,,,False,,,1†
4,nocoup,420,1,6,True,0.0386,True,1
4,flex,250,0,5,True,0.068,True,0†
4,flex,270,0,5,True,0.068,True,0†
4,flex,380,0,5,True,0.068,True,0†
4,flex,420,0,5,True,0.068,True,0†
6,nocoup,250,,,False,,,—
6,nocoup,270,,,False,,,—
6,nocoup,380,,,False,,,—
6,nocoup,420,1,6,True,0.0599,True,1†
6,flex,250,0,5,True,0.1117,False,1†
6,flex,270,0,5,True,0.1117,False,1†
6,flex,380,0,5,True,0.1117,False,1†
6,flex,420,0,5,True,0.1117,False,1†
8,nocoup,250,,,False,,,—
8,nocoup,270,,,False,,,—
8,nocoup,380,,,False,,,—
8,nocoup,420,2,7,True,0.049,False,2†
8,flex,250,4,9,True,0.0736,False,4†
8,flex,270,4,9,True,0.0617,False,4†
8,flex,380,3,8,True,0.0888,False,3†
8,flex,420,2,7,True,0.049,True,2†
