series,cell,family,K_start,K_final,K_single,K_cp0,K_cp100,K_cp300,K_greedy,boundary_checked,on_time,crew_veh_h,crew_team_h,after_h,after_days,coop_share,shift_h,runs,time_limit_hits,wall_h
yard2_k1_flex_ADD250,yard2_k1_flex,ADD250,5,5,5,5,5,5,,True,1.0,18.711333333333332,18.597259259259257,0.0,0,0.0033333333333333335,320,30,0,0.002677705138888642
yard2_k1_flex_ADD270,yard2_k1_flex,ADD270,5,5,5,5,5,5,,True,1.0,18.711333333333332,18.597259259259257,0.0,0,0.0033333333333333335,320,30,0,0.002462947388889663
yard2_k1_flex_ADD380,yard2_k1_flex,ADD380,5,5,5,5,5,5,,True,1.0,18.711333333333332,18.597259259259257,0.0,0,0.0033333333333333335,320,30,0,0.002510051694444984
yard2_k1_flex_ADD420,yard2_k1_flex,ADD420,5,5,5,5,5,5,,True,1.0,18.711333333333332,18.597259259259257,0.0,0,0.0033333333333333335,320,30,0,0.0024997827499997683
yard2_k1_nocoup_ADD250,yard2_k1_nocoup,ADD250,5,5,5,5,5,5,,True,0.9966666666666667,18.60703703703704,18.60703703703704,0.0,0,0.0,320,30,0,0.001880636861111624
yard2_k1_nocoup_ADD270,yard2_k1_nocoup,ADD270,5,5,5,5,5,5,,True,0.9966666666666667,18.60703703703704,18.60703703703704,0.0,0,0.0,320,30,0,0.0018662177222219928
yard2_k1_nocoup_ADD380,yard2_k1_nocoup,ADD380,5,5,5,5,5,5,,True,0.9966666666666667,18.60703703703704,18.60703703703704,0.0,0,0.0,320,30,0,0.0017513526666668136
yard2_k1_nocoup_ADD420,yard2_k1_nocoup,ADD420,5,5,5,5,5,5,,True,0.9966666666666667,18.60703703703704,18.60703703703704,0.0,0,0.0,320,30,0,0.0017013189166669286
yard2_k2_flex_ADD250,yard2_k2_flex,ADD250,5,5,5,5,5,5,,True,1.0,39.48340740740741,39.07600000000001,0.0,0,0.008333333333333333,320,30,0,0.0057456469999998365
yard2_k2_flex_ADD270,yard2_k2_flex,ADD270,5,5,5,5,5,5,,True,1.0,39.48340740740741,39.07600000000001,0.0,0,0.008333333333333333,320,30,0,0.005688738638888885
yard2_k2_flex_ADD380,yard2_k2_flex,ADD380,5,5,5,5,5,5,,True,1.0,39.48340740740741,39.07600000000001,0.0,0,0.008333333333333333,320,30,0,0.005598391722221803
yard2_k2_flex_ADD420,yard2_k2_flex,ADD420,5,5,5,5,5,5,,True,1.0,39.48340740740741,39.07600000000001,0.0,0,0.008333333333333333,320,30,0,0.005576530472222001
yard2_k2_nocoup_ADD250,yard2_k2_nocoup,ADD250,5,5,5,5,5,5,,True,0.9916666666666667,38.951777777777785,38.951777777777785,0.0,0,0.0,320,30,0,0.004019485527777912
yard2_k2_nocoup_ADD270,yard2_k2_nocoup,ADD270,5,5,5,5,5,5,,True,0.9916666666666667,38.951777777777785,38.951777777777785,0.0,0,0.0,320,30,0,0.003965610777778339
yard2_k2_nocoup_ADD380,yard2_k2_nocoup,ADD380,5,5,5,5,5,5,,True,0.9916666666666667,38.951777777777785,38.951777777777785,0.0,0,0.0,320,30,0,0.003989356250000734
yard2_k2_nocoup_ADD420,yard2_k2_nocoup,ADD420,5,5,5,5,5,5,,True,0.9916666666666667,38.951777777777785,38.951777777777785,0.0,0,0.0,320,30,0,0.004011992694444568
yard2_k4_flex_ADD250,yard2_k4_flex,ADD250,5,5,5,5,5,5,,True,0.9908333333333333,86.41355555555555,81.5902222222222,0.0,0,0.0475,320,30,0,0.019194915305554585
yard2_k4_flex_ADD270,yard2_k4_flex,ADD270,5,5,5,5,5,5,,True,0.9908333333333333,86.41355555555555,81.5902222222222,0.0,0,0.0475,320,30,0,0.01933354069444426
yard2_k4_flex_ADD380,yard2_k4_flex,ADD380,5,5,5,5,5,5,,True,0.9908333333333333,86.41355555555555,81.5902222222222,0.0,0,0.0475,320,30,0,0.01963193408333306
yard2_k4_flex_ADD420,yard2_k4_flex,ADD420,5,5,5,5,5,5,,True,0.9908333333333333,86.41355555555555,81.5902222222222,0.0,0,0.0475,320,30,0,0.018917953500000143
yard2_k4_nocoup_ADD250,yard2_k4_nocoup,ADD250,11,,,,,,,False,,,,,,,,180,0,0.6128331067222235
yard2_k4_nocoup_ADD270,yard2_k4_nocoup,ADD270,11,,,,,,,False,,,,,,,,180,0,0.7593094086388831
yard2_k4_nocoup_ADD380,yard2_k4_nocoup,ADD380,6,,,,,,,False,,,,,,,,180,0,0.4861085310277834
yard2_k4_nocoup_ADD420,yard2_k4_nocoup,ADD420,6,6,6,6,6,6,,True,0.9933333333333333,78.93725925925926,78.93725925925926,0.0,0,0.0,384,120,0,0.2162606251111121
yard2_k6_flex_ADD250,yard2_k6_flex,ADD250,6,5,6,6,6,6,,True,0.9522222222222222,138.33051851851855,127.31496296296295,0.0,0,0.07777777777777778,320,120,0,0.6897290695277838
yard2_k6_flex_ADD270,yard2_k6_flex,ADD270,6,5,6,6,6,6,,True,0.9522222222222222,138.33051851851855,127.31496296296295,0.0,0,0.07777777777777778,320,120,0,0.6528050045000021
yard2_k6_flex_ADD380,yard2_k6_flex,ADD380,6,5,6,6,6,6,,True,0.9522222222222222,138.33051851851855,127.31496296296295,0.0,0,0.07777777777777778,320,120,0,0.6128954129722305
yard2_k6_flex_ADD420,yard2_k6_flex,ADD420,6,5,6,6,6,6,,True,0.9522222222222222,138.33051851851855,127.31496296296295,0.0,0,0.07777777777777778,320,120,0,0.6566534320833335
yard2_k6_nocoup_ADD250,yard2_k6_nocoup,ADD250,11,,,,,,,False,,,,,,,,180,0,0.7399643086111016
yard2_k6_nocoup_ADD270,yard2_k6_nocoup,ADD270,11,,,,,,,False,,,,,,,,180,0,0.7093303601111072
yard2_k6_nocoup_ADD380,yard2_k6_nocoup,ADD380,11,,,,,,,False,,,,,,,,180,0,0.8128132673611109
yard2_k6_nocoup_ADD420,yard2_k6_nocoup,ADD420,6,6,6,6,6,6,,True,0.9716666666666667,121.12474074074072,121.12474074074072,0.0,0,0.0,384,120,0,0.442167589638885
yard2_k8_flex_ADD250,yard2_k8_flex,ADD250,9,9,10,10,10,10,,True,0.95,208.8947407407407,176.50622222222225,0.0,0,0.16208333333333333,576,210,0,3.1654763022500005
yard2_k8_flex_ADD270,yard2_k8_flex,ADD270,9,9,10,10,10,10,,True,0.95,208.3714074074074,176.27955555555556,0.0,0,0.16041666666666668,576,210,0,2.9968703513611135
yard2_k8_flex_ADD380,yard2_k8_flex,ADD380,8,8,8,9,9,8,,True,0.9529166666666666,192.5505185185185,171.49533333333332,0.0,0,0.10791666666666666,512,150,0,1.422568080999994
yard2_k8_flex_ADD420,yard2_k8_flex,ADD420,7,7,7,7,7,7,,True,0.9691666666666666,167.80481481481485,165.09444444444443,0.0,0,0.014583333333333334,448,120,0,1.1206985840277774
yard2_k8_nocoup_ADD250,yard2_k8_nocoup,ADD250,11,,,,,,,False,,,,,,,,180,0,1.6123421996111134
yard2_k8_nocoup_ADD270,yard2_k8_nocoup,ADD270,11,,,,,,,False,,,,,,,,180,0,1.214858526694445
yard2_k8_nocoup_ADD380,yard2_k8_nocoup,ADD380,11,,,,,,,False,,,,,,,,180,0,1.059575551694444
yard2_k8_nocoup_ADD420,yard2_k8_nocoup,ADD420,7,7,7,8,8,8,,True,0.9591666666666666,163.62488888888885,163.62488888888885,0.0,0,0.0,448,150,0,0.9817756984444476
yard2_k6_flex_T200,yard2_k6_flex,200,12,12,12,12,12,12,,True,0.9572222222222222,324.0819259259258,175.438962962963,0.0,0,1.0,768,120,0,0.9155277406944429
yard2_k6_flex_T250,yard2_k6_flex,250,10,9,10,10,10,10,,True,0.95,254.69222222222223,158.4107407407407,0.0,0,0.6561111111111111,576,210,0,2.8340089096666716
yard2_k6_flex_T270,yard2_k6_flex,270,9,9,9,9,9,9,,True,0.95,247.68792592592598,156.2331111111111,0.0,0,0.6216666666666667,576,120,0,0.514783106888889
yard2_k6_flex_T300,yard2_k6_flex,300,8,8,8,8,8,8,,True,0.9516666666666667,209.19918518518523,145.14325925925925,0.0,0,0.44333333333333336,512,120,0,1.061423393361109
yard2_k6_flex_T325,yard2_k6_flex,325,8,8,8,8,8,8,,True,0.9538888888888889,201.21644444444445,142.76496296296298,0.0,0,0.4,512,120,0,1.3672667350555572
yard2_k6_flex_T380,yard2_k6_flex,380,6,6,6,6,6,6,,True,0.9511111111111111,160.78474074074077,132.39992592592594,0.0,0,0.19944444444444445,384,120,0,0.9691464982777754
yard2_k6_flex_T425,yard2_k6_flex,425,5,5,5,5,5,5,,True,0.9755555555555555,121.64696296296297,121.64696296296297,0.0,0,0.0,320,120,0,0.7564021342777796
yard2_k6_flex_T500,yard2_k6_flex,500,5,5,5,5,5,5,,True,0.9755555555555555,121.64696296296297,121.64696296296297,0.0,0,0.0,320,120,0,0.5866081379166621
yard2_k6_flex_T550,yard2_k6_flex,550,5,5,5,5,5,5,,True,0.9755555555555555,121.64696296296297,121.64696296296297,0.0,0,0.0,320,120,0,0.550535031888888
yard2_k6_flex_MX1,yard2_k6_flex,MX1,7,7,7,8,7,7,,True,0.95,184.93118518518517,139.71155555555555,0.0,0,0.29888888888888887,448,150,0,1.7314322513888878
yard2_k6_flex_MX2,yard2_k6_flex,MX2,6,6,6,6,6,6,,True,0.95,139.00533333333337,127.16533333333332,0.0,0,0.07611111111111112,384,120,0,0.6238326708888814
yard2_k8_flex_T200,yard2_k8_flex,200,18,18,18,18,18,18,,True,0.9520833333333333,432.86459259259266,233.85014814814812,0.0,0,1.0,1152,120,0,33.27598838991665
yard2_k8_flex_T250,yard2_k8_flex,250,13,14,14,14,14,14,,True,0.9591666666666666,345.8254814814816,212.03251851851854,0.0,0,0.6770833333333334,896,150,0,5.707995173361105
yard2_k8_flex_T270,yard2_k8_flex,270,13,14,14,14,14,14,,True,0.96,335.2638518518519,209.03311111111117,0.0,0,0.6358333333333334,896,150,0,6.1305168566666675
yard2_k8_flex_T300,yard2_k8_flex,300,11,12,12,12,12,12,,True,0.95875,284.5287407407407,195.7887407407407,0.0,0,0.45416666666666666,768,150,0,5.527507069138891
yard2_k8_flex_T325,yard2_k8_flex,325,11,12,12,12,12,12,,True,0.95875,275.4754074074074,193.2020740740741,0.0,0,0.4166666666666667,768,150,0,8.031315492000004
yard2_k8_flex_T380,yard2_k8_flex,380,8,9,10,10,10,10,,True,0.95,220.38318518518514,178.90355555555553,0.0,0,0.21291666666666667,576,240,0,4.276046937916664
yard2_k8_flex_T425,yard2_k8_flex,425,6,6,6,7,6,6,,True,0.95125,164.2855555555556,164.2855555555556,0.0,0,0.0,384,150,0,1.060839837750002
yard2_k8_flex_T500,yard2_k8_flex,500,6,6,6,7,6,6,,True,0.95125,164.2855555555556,164.2855555555556,0.0,0,0.0,384,150,0,1.1092519242777716
yard2_k8_flex_T550,yard2_k8_flex,550,6,6,6,7,6,6,,True,0.95125,164.2855555555556,164.2855555555556,0.0,0,0.0,384,150,0,1.109596165861103
yard2_k8_flex_MX1,yard2_k8_flex,MX1,11,12,12,12,12,12,,True,0.9504166666666667,270.36785185185187,192.00525925925925,0.0,0,0.38375,768,150,0,2.729119775416665
yard2_k8_flex_MX2,yard2_k8_flex,MX2,9,10,10,11,11,10,,True,0.95,220.38259259259263,179.09407407407403,0.0,0,0.19958333333333333,640,180,0,2.1525452361666604
