series,verdict,surely_late,surely_over,allowance
jiang_short_baseline_300,open,0,0,58
jiang_short_baseline_380,open,0,0,58
jiang_short_baseline_425,open,0,0,58
jiang_short_baseline_500,open,0,0,58
jiang_short_baseline_550,open,0,0,58
T120_jiang_short_baseline_L300_H500x1,open,0,0,58
T120_jiang_short_baseline_L300_H500x2,open,0,0,58
jiang_short_baseline_MX1,open,0,0,58
jiang_short_baseline_MX2,open,0,0,58
jiang_massdep_baseline_300,open,0,0,58
jiang_massdep_baseline_325,open,0,0,58
jiang_massdep_baseline_380,open,0,0,58
jiang_massdep_baseline_425,open,0,0,58
jiang_massdep_baseline_500,open,0,0,58
jiang_massdep_baseline_550,open,0,0,58
jiang_massdep_baseline_MX1,open,0,0,58
jiang_massdep_baseline_MX2,open,0,0,58
extraheavy_short_baseline_300,open,0,0,58
extraheavy_short_baseline_380,open,0,0,58
extraheavy_short_baseline_425,open,0,0,58
extraheavy_short_baseline_500,open,0,0,58
extraheavy_short_baseline_550,open,0,0,58
extraheavy_short_baseline_MX1,open,0,0,58
extraheavy_short_baseline_MX2,open,0,0,58
rohcha_short_baseline_500,open,0,0,58
rohcha_short_baseline_550,open,0,0,58
rohcha_short_baseline_MX2,open,0,0,58
rohcha_massdep_baseline_300,open,0,0,58
rohcha_massdep_baseline_500,open,0,0,58
rohcha_massdep_baseline_550,open,0,0,58
liu_short_baseline_380,open,0,0,58
liu_short_baseline_425,open,0,0,58
liu_short_baseline_500,open,0,0,58
liu_short_baseline_550,open,0,0,58
T120_liu_short_baseline_L300_H425x2,open,0,0,58
T120_liu_short_baseline_L300_H425x3,open,0,0,58
T120_liu_short_baseline_L300_H425x4,open,0,0,58
liu_short_baseline_MX2,open,0,0,58
liu_massdep_baseline_380,open,0,0,58
liu_massdep_baseline_425,open,0,0,58
liu_massdep_baseline_500,open,0,0,58
liu_massdep_baseline_550,open,0,0,58
