series,cell,family,service,K95,K_final,tested,determined,boundary_checked,on_time,crew_veh_h,crew_team_h,after_h,coop_share,shift_h
jiang_short_baseline_300,jiang_short_baseline,300,0.98,6,6,"[5, 6]",True,True,0.9993127147766323,333.2935925925927,293.6401111111111,1.9838425925925927,0.12508591065292096,384
jiang_short_baseline_380,jiang_short_baseline,380,0.98,5,5,"[4, 5]",True,True,0.9924398625429554,304.2695925925926,287.0281111111111,2.3766388888888894,0.053951890034364264,320
jiang_short_baseline_425,jiang_short_baseline,425,0.98,5,5,"[4, 5]",True,True,1.0,281.6419259259259,277.59644444444444,1.8265833333333332,0.012714776632302405,320
jiang_short_baseline_500,jiang_short_baseline,500,0.98,5,5,"[4, 5]",True,True,1.0,275.1708888888889,275.1708888888889,1.760814814814815,0.0,320
jiang_short_baseline_550,jiang_short_baseline,550,0.98,5,5,"[4, 5]",True,True,1.0,275.1708888888889,275.1708888888889,1.760814814814815,0.0,320
T120_jiang_short_baseline_L300_H500x1,jiang_short_baseline,L300_H500x1,0.98,5,5,"[4, 5]",True,True,0.9810996563573883,280.81692592592594,279.4088518518519,2.1368981481481484,0.003780068728522337,320
T120_jiang_short_baseline_L300_H500x2,jiang_short_baseline,L300_H500x2,0.98,5,5,"[4, 5]",True,True,1.0,275.8725555555555,275.8725555555555,1.4343888888888892,0.0,320
jiang_short_baseline_MX1,jiang_short_baseline,MX1,0.98,5,6,"[4, 5, 6]",True,True,0.9810996563573883,309.96037037037036,289.15307407407414,2.484824074074074,0.06254295532646048,384
jiang_short_baseline_MX2,jiang_short_baseline,MX2,0.98,5,5,"[4, 5]",True,True,0.9841924398625429,278.91740740740744,278.5534814814815,2.0996574074074075,0.0010309278350515464,320
jiang_massdep_baseline_300,jiang_massdep_baseline,300,0.98,9,9,"[7, 8, 9]",True,True,0.9859106529209622,495.4987037037037,426.39662962962973,3.4102314814814814,0.12508591065292096,576
jiang_massdep_baseline_325,jiang_massdep_baseline,325,0.98,8,8,"[7, 8]",True,True,0.9810996563573883,483.18677777777793,427.50807407407416,3.916574074074074,0.09965635738831616,512
jiang_massdep_baseline_380,jiang_massdep_baseline,380,0.98,8,8,"[7, 8]",True,True,0.9982817869415808,448.1041481481481,416.5236296296295,2.8270462962962966,0.053951890034364264,512
jiang_massdep_baseline_425,jiang_massdep_baseline,425,0.98,7,7,"[6, 7]",True,True,0.9962199312714777,421.0025555555555,413.1646296296296,3.2432129629629625,0.012714776632302405,448
jiang_massdep_baseline_500,jiang_massdep_baseline,500,0.98,7,7,"[6, 7]",True,True,1.0,408.4738888888888,408.4738888888888,2.6924537037037046,0.0,448
jiang_massdep_baseline_550,jiang_massdep_baseline,550,0.98,7,7,"[6, 7]",True,True,1.0,408.4738888888888,408.4738888888888,2.6924537037037046,0.0,448
jiang_massdep_baseline_MX1,jiang_massdep_baseline,MX1,0.98,9,9,"[8, 9]",True,True,0.9800687285223367,516.5765555555556,437.22774074074067,4.550731481481481,0.14982817869415807,576
jiang_massdep_baseline_MX2,jiang_massdep_baseline,MX2,0.98,8,8,"[6, 7, 8]",True,True,0.9800687285223367,449.1524074074075,422.9954074074075,4.151666666666666,0.05017182130584193,512
extraheavy_short_baseline_300,extraheavy_short_baseline,300,0.98,7,7,"[6, 7]",True,True,0.9941580756013746,394.34781481481474,309.5925555555556,2.383083333333334,0.19347079037800688,448
extraheavy_short_baseline_380,extraheavy_short_baseline,380,0.98,6,6,"[5, 6]",True,True,0.9941580756013746,357.6185925925926,303.29911111111113,2.8086388888888894,0.1584192439862543,384
extraheavy_short_baseline_425,extraheavy_short_baseline,425,0.98,6,6,"[5, 6]",True,True,0.9986254295532646,342.2595555555555,296.9982592592593,1.8968518518518518,0.14432989690721648,384
extraheavy_short_baseline_500,extraheavy_short_baseline,500,0.98,6,6,"[5, 6]",True,True,1.0,322.82014814814806,288.8405925925926,1.423805555555556,0.10824742268041238,384
extraheavy_short_baseline_550,extraheavy_short_baseline,550,0.98,5,6,"[4, 5, 6]",True,True,1.0,314.77466666666663,285.9405925925926,1.2326296296296293,0.09140893470790377,384
extraheavy_short_baseline_MX1,extraheavy_short_baseline,MX1,0.98,7,7,"[6, 7]",True,True,0.9821305841924398,370.7668888888889,307.91574074074083,3.0385092592592593,0.14398625429553263,448
extraheavy_short_baseline_MX2,extraheavy_short_baseline,MX2,0.98,6,6,"[5, 6]",True,True,0.9835051546391752,324.90599999999995,294.68551851851856,2.512046296296296,0.09518900343642611,384
rohcha_short_baseline_500,rohcha_short_baseline,500,0.98,6,7,"[5, 6, 7]",True,True,0.9996563573883162,373.09600000000006,303.43299999999994,1.9785648148148145,0.22027491408934707,448
rohcha_short_baseline_550,rohcha_short_baseline,550,0.98,5,5,"[4, 5]",True,True,1.0,275.1708888888889,275.1708888888889,1.760814814814815,0.0,320
rohcha_short_baseline_MX2,rohcha_short_baseline,MX2,0.98,8,8,"[7, 8]",True,True,0.9800687285223367,472.90122222222215,337.59233333333333,4.710722222222221,0.39759450171821303,512
rohcha_massdep_baseline_300,rohcha_massdep_baseline,300,0.98,17,17,"[16, 17, 18]",True,True,0.9800687285223367,993.2319259259259,612.0887037037036,7.09400925925926,0.6072164948453608,1088
rohcha_massdep_baseline_500,rohcha_massdep_baseline,500,0.98,12,13,"[11, 12, 13]",True,True,0.9810996563573883,709.7832592592592,564.8653333333334,4.258907407407407,0.22027491408934707,832
rohcha_massdep_baseline_550,rohcha_massdep_baseline,550,0.98,9,9,"[8, 9]",True,True,0.9917525773195877,540.2715185185186,540.2715185185186,3.855111111111111,0.0,576
liu_short_baseline_380,liu_short_baseline,380,0.98,6,6,"[5, 6]",True,True,0.9848797250859107,372.41603703703703,309.8285555555555,3.377574074074074,0.19759450171821305,384
liu_short_baseline_425,liu_short_baseline,425,0.98,5,5,"[4, 5]",True,True,1.0,275.1708888888889,275.1708888888889,1.760814814814815,0.0,320
liu_short_baseline_500,liu_short_baseline,500,0.98,5,5,"[4, 5]",True,True,1.0,275.1708888888889,275.1708888888889,1.760814814814815,0.0,320
liu_short_baseline_550,liu_short_baseline,550,0.98,5,5,"[4, 5]",True,True,1.0,275.1708888888889,275.1708888888889,1.760814814814815,0.0,320
T120_liu_short_baseline_L300_H425x2,liu_short_baseline,L300_H425x2,0.98,5,5,"[4, 5, 6]",True,True,0.9800687285223367,299.89103703703705,291.25585185185184,3.199712962962963,0.02577319587628866,320
T120_liu_short_baseline_L300_H425x3,liu_short_baseline,L300_H425x3,0.98,5,5,"[4, 5]",True,True,1.0,278.15114814814814,278.15114814814814,1.8158703703703702,0.0,320
T120_liu_short_baseline_L300_H425x4,liu_short_baseline,L300_H425x4,0.98,5,5,[5],True,True,1.0,275.69966666666664,275.69966666666664,1.5406111111111105,0.0,320
liu_short_baseline_MX2,liu_short_baseline,MX2,0.98,6,6,"[5, 6, 7]",True,True,0.9804123711340206,366.43825925925927,311.5397777777777,3.588018518518519,0.16391752577319588,384
liu_massdep_baseline_380,liu_massdep_baseline,380,0.98,10,11,"[9, 10, 11]",True,True,0.9951890034364261,611.7313333333332,499.4185925925925,3.281175925925926,0.19759450171821305,704
liu_massdep_baseline_425,liu_massdep_baseline,425,0.98,8,8,"[7, 8]",True,True,1.0,473.21166666666664,473.21166666666664,2.995972222222223,0.0,512
liu_massdep_baseline_500,liu_massdep_baseline,500,0.98,8,8,"[7, 8]",True,True,1.0,473.21166666666664,473.21166666666664,2.995972222222223,0.0,512
liu_massdep_baseline_550,liu_massdep_baseline,550,0.98,8,8,"[7, 8]",True,True,1.0,473.21166666666664,473.21166666666664,2.995972222222223,0.0,512
