series,cell,family,K_start,K_final,K_single,K_cp0,K_cp100,K_cp300,K_greedy,boundary_checked,on_time,crew_veh_h,crew_team_h,after_h,after_days,coop_share,shift_h,runs,time_limit_hits,wall_h
tierspeed_jiang_short_baseline_T380,jiang_short_baseline,380,6,6,6,6,6,6,,True,0.9996563573883162,331.8884074074075,313.29196296296294,1.8896666666666666,30,0.053951890034364264,384,120,0,1.3933723238888847
tierspeed_jiang_short_baseline_T550,jiang_short_baseline,550,5,5,5,5,5,5,,True,1.0,301.9635925925926,301.9635925925926,2.102657407407408,30,0.0,320,120,0,1.1267180842222266
tierspeed_jiang_short_baseline_MX2,jiang_short_baseline,MX2,5,5,5,6,5,5,,True,0.9948453608247423,310.60418518518514,309.1202592592592,2.5928796296296297,30,0.003780068728522337,320,150,0,1.448832225777766
tierspeed_jiang_massdep_baseline_T380,jiang_massdep_baseline,380,8,8,8,8,8,8,,True,0.9512027491408934,484.72085185185193,451.78537037037034,4.941537037037037,30,0.053951890034364264,512,120,0,1.3111773739444563
tierspeed_jiang_massdep_baseline_T550,jiang_massdep_baseline,550,7,7,7,7,7,7,,True,0.9958762886597938,437.5832592592593,437.5832592592593,3.4323888888888887,30,0.0,448,120,0,0.9754752696111033
tierspeed_jiang_massdep_baseline_MX2,jiang_massdep_baseline,MX2,8,8,8,9,8,8,,True,0.9501718213058419,480.6601851851852,452.2451851851852,5.379111111111111,30,0.05085910652920962,512,150,0,1.8853733976666571
tierspeed_rohcha_short_baseline_T380,rohcha_short_baseline,380,9,9,9,9,9,9,,True,0.9505154639175257,558.5557407407407,383.1974814814815,6.579249999999999,30,0.5096219931271477,576,120,0,3.835063127527778
tierspeed_rohcha_short_baseline_T550,rohcha_short_baseline,550,5,5,5,5,5,5,,True,1.0,301.9635925925926,301.9635925925926,2.102657407407408,30,0.0,320,120,0,1.1580300261666718
tierspeed_rohcha_short_baseline_MX2,rohcha_short_baseline,MX2,9,9,9,9,9,9,,True,0.9508591065292096,526.2967777777778,368.65844444444446,6.233222222222223,30,0.4288659793814433,576,120,0,3.207398674499997
tierspeed_rohcha_massdep_baseline_T380,rohcha_massdep_baseline,380,17,16,17,17,17,17,,True,0.9501718213058419,982.5955555555556,642.0209629629629,8.077296296296298,30,0.5096219931271477,1024,210,0,4.869844872083332
tierspeed_rohcha_massdep_baseline_T550,rohcha_massdep_baseline,550,9,9,9,9,9,9,,True,0.9501718213058419,568.9139629629628,568.9139629629628,5.970194444444446,30,0.0,576,120,0,0.9548879175000012
tierspeed_rohcha_massdep_baseline_MX2,rohcha_massdep_baseline,MX2,18,18,18,19,19,18,,True,0.9508591065292096,1102.4315925925926,661.7461481481481,9.429166666666667,30,0.6628865979381443,1152,150,0,4.714641648083325
tierspeed_liu_short_baseline_T380,liu_short_baseline,380,7,7,7,7,7,7,,True,0.9663230240549828,404.9395555555555,337.5010740740741,3.212268518518518,30,0.19759450171821305,448,120,0,2.5392234330833388
tierspeed_liu_short_baseline_T425,liu_short_baseline,425,5,5,5,5,5,5,,True,0.9979381443298969,307.83029629629624,307.83029629629624,2.3061296296296296,30,0.0,320,120,0,1.1458213001111057
tierspeed_liu_short_baseline_T500,liu_short_baseline,500,5,5,5,5,5,5,,True,1.0,301.9635925925926,301.9635925925926,2.102657407407408,30,0.0,320,120,0,1.079655699416652
tierspeed_liu_short_baseline_T550,liu_short_baseline,550,5,5,5,5,5,5,,True,1.0,301.9635925925926,301.9635925925926,2.102657407407408,30,0.0,320,120,0,1.1700530197222148
tierspeed_liu_short_baseline_MX2,liu_short_baseline,MX2,7,7,7,7,7,7,,True,0.9501718213058419,406.27511111111113,337.65129629629627,4.715777777777778,30,0.1859106529209622,448,120,0,2.232099007499993
tierspeed_liu_massdep_baseline_T380,liu_massdep_baseline,380,11,11,11,11,11,11,,True,0.9501718213058419,655.1682962962964,538.0045555555557,5.806518518518519,30,0.19759450171821305,704,120,0,1.7798379527777735
tierspeed_liu_massdep_baseline_T425,liu_massdep_baseline,425,8,8,8,8,8,8,,True,0.9608247422680413,509.53892592592587,509.53892592592587,5.065703703703704,30,0.0,512,120,0,1.028359989333338
tierspeed_liu_massdep_baseline_T500,liu_massdep_baseline,500,8,8,8,8,8,8,,True,0.9797250859106529,502.74148148148134,502.74148148148134,4.503268518518519,30,0.0,512,120,0,1.004859114083324
tierspeed_liu_massdep_baseline_T550,liu_massdep_baseline,550,8,8,8,8,8,8,,True,0.9797250859106529,502.74148148148134,502.74148148148134,4.503268518518519,30,0.0,512,120,0,0.9929690740000039
tierspeed_liu_massdep_baseline_MX2,liu_massdep_baseline,MX2,13,13,13,13,13,13,,True,0.9501718213058419,779.5201851851851,560.777037037037,7.158500000000004,30,0.38213058419243984,832,120,0,2.6980232305
tierspeed_liu_short_baseline_L300_H425x1,liu_short_baseline,L300_H425x1,8,7,7,8,7,7,,True,0.9512027491408934,434.05085185185186,354.173074074074,5.417074074074077,30,0.22646048109965636,448,150,0,3.4356481547499893
tierspeed_liu_short_baseline_L300_H425x2,liu_short_baseline,L300_H425x2,6,6,6,6,6,6,,True,0.9501718213058419,340.6398148148149,325.5902222222222,4.065824074074074,30,0.041237113402061855,384,120,0,1.4621506221388871
tierspeed_liu_short_baseline_L300_H425x3,liu_short_baseline,L300_H425x3,6,5,5,6,5,5,,True,0.9920962199312715,315.02003703703707,314.66637037037043,2.917657407407407,30,0.0006872852233676976,320,150,0,1.3667789778889032
tierspeed_liu_short_baseline_L300_H425x4,liu_short_baseline,L300_H425x4,6,5,5,5,5,5,,True,0.9969072164948454,309.5037407407407,309.5037407407407,2.4755462962962955,30,0.0,320,60,0,0.5620265286666664
tierspeed_liu_short_baseline_L270_H425x1,liu_short_baseline,L270_H425x1,8,9,9,9,9,9,,True,0.9680412371134021,513.0056296296295,369.6531481481481,4.472018518518519,30,0.4041237113402062,576,150,0,4.05525874308334
tierspeed_liu_short_baseline_L270_H425x2,liu_short_baseline,L270_H425x2,7,7,7,8,7,7,,True,0.9508591065292096,423.2701851851851,350.01500000000004,5.045935185185185,30,0.20103092783505155,448,150,0,2.6290264563888943
tierspeed_liu_short_baseline_L270_H425x3,liu_short_baseline,L270_H425x3,6,6,6,6,6,6,,True,0.9501718213058419,331.74414814814816,322.3501481481482,4.344296296296296,30,0.025085910652920963,384,120,0,1.3387028532777732
tierspeed_liu_short_baseline_L270_H425x4,liu_short_baseline,L270_H425x4,6,5,5,5,5,5,,True,0.9951890034364261,312.9814814814814,312.9814814814814,2.876657407407407,30,0.0,320,60,0,0.553226886222221
tierspeed_liu_short_baseline_MX1,liu_short_baseline,MX1,8,9,9,9,9,9,,True,0.9680412371134021,513.0056296296295,369.6531481481481,4.472018518518519,30,0.4041237113402062,576,150,0,4.057883201444445
