cell,family,cover,K,K_cover,coup_block_share,h_occ,d_work_h,d_empty_h,d_sync_h,d_service_h,coup_excess_h,share_excess,share_sync,rel_work
jiang_short_baseline,200,500,9,5,0.5979381443298969,0.6009855252923479,68.8997,9.2072,1.6534,58.039,58.0391,0.8423708666365747,0.02399720172947052,1.0015553975930587
jiang_short_baseline,250,500,7,5,0.3415807560137457,0.3441700766902998,40.8487,6.8424,1.4506,32.5558,32.5558,0.7969849713699577,0.03551153402678665,0.5937941089679575
jiang_short_baseline,270,500,7,5,0.277319587628866,0.2819942448185311,31.8282,4.7029,0.6011,26.5241,26.5242,0.8333553264086563,0.018885767966771598,0.4626682773026791
jiang_short_baseline,300,500,6,5,0.12508591065292096,0.12889760501782357,14.5307,2.3383,0.2568,11.9355,11.9356,0.8214057134205505,0.017672926975300558,0.21122444677996377
jiang_short_baseline,325,500,6,5,0.09965635738831616,0.10227221205451076,11.3637,1.6928,0.1723,9.4986,9.4987,0.8358809190668526,0.01516231509103548,0.1651875853106508
jiang_short_baseline,380,500,5,5,0.053951890034364264,0.05632389932728189,7.2747,1.8747,0.2174,5.1825,5.1826,0.7124142576326161,0.029884393858165933,0.10574813897404822
jiang_short_baseline,425,500,5,5,0.012714776632302405,0.013011286591541582,1.6178,0.3731,0.0278,1.2169,1.2169,0.7521943379898617,0.017183829892446503,0.023517030150001395
jiang_short_baseline,MX1,500,5,5,0.06254295532646048,0.06790911082756576,10.7548,4.092,0.4213,6.2415,6.2415,0.5803455201398444,0.03917320638226651,0.1563363554563202
jiang_short_tight,200,500,10,5,0.5979381443298969,0.5989774108582775,67.4414,8.0197,1.3827,58.039,58.0391,0.8605856343432965,0.02050224342911031,0.9716912898271337
jiang_short_tight,250,500,8,5,0.3415807560137457,0.3445219315033597,38.0081,4.7696,0.6827,32.5558,32.5558,0.8565489987660525,0.017961960739947536,0.5476182243084913
jiang_short_tight,270,500,7,5,0.277319587628866,0.28060450466964393,32.8672,5.2801,1.063,26.5241,26.5242,0.8070112452536268,0.03234227436471619,0.47354847261483846
jiang_short_tight,300,500,6,5,0.12508591065292096,0.12813874780206594,15.0005,2.6787,0.3863,11.9355,11.9356,0.7956801439952,0.025752474917502745,0.21612622503465118
jiang_short_tight,325,500,6,5,0.09965635738831616,0.10248278712367605,11.6041,1.8741,0.2314,9.4986,9.4987,0.8185641281960684,0.019941227669530593,0.16719111549112342
jiang_short_tight,380,500,6,5,0.053951890034364264,0.05649871631258214,5.7956,0.5091,0.1039,5.1825,5.1826,0.8942301055973485,0.01792739319483744,0.08350262656650287
jiang_short_tight,425,500,5,5,0.012714776632302405,0.013255172854963516,1.8977,0.6263,0.0545,1.2169,1.2169,0.6412499341307898,0.028718975602044575,0.02734193775195881
jiang_short_tight,MX1,500,6,5,0.07663230240549829,0.08007326501809353,10.5292,2.739,0.3378,7.4524,7.4524,0.7077840671655964,0.03208220947460395,0.15170402644144199
jiang_massdep_baseline,200,500,13,7,0.5979381443298969,0.6677820755195203,96.0175,8.374,2.0989,85.5447,85.5446,0.8909271747337726,0.021859556851615593,0.9402556833482669
jiang_massdep_baseline,250,500,11,7,0.3415807560137457,0.4037313012969134,55.9755,5.2834,1.0468,49.6453,49.6453,0.8869112379523184,0.01870103884735286,0.5481425990393514
jiang_massdep_baseline,270,500,10,7,0.277319587628866,0.3317287551382142,46.9205,4.8193,1.2469,40.8543,40.8543,0.8707132276936522,0.026574738120864017,0.4594711046480313
jiang_massdep_baseline,300,500,9,7,0.12508591065292096,0.160063153153141,21.7498,2.0712,0.3808,19.2977,19.2977,0.8872587334136403,0.017508206972018128,0.21298589383902033
jiang_massdep_baseline,325,500,8,7,0.09965635738831616,0.1285445539397252,18.6782,2.731,0.4164,15.5308,15.5308,0.831493398721504,0.022293368740028477,0.18290711281501393
jiang_massdep_baseline,380,500,8,7,0.053951890034364264,0.07326216094742485,9.9075,0.9687,0.1715,8.7674,8.7674,0.8849255614433511,0.017310118597022462,0.09701963894886823
jiang_massdep_baseline,425,500,7,7,0.012714776632302405,0.018181170364593335,3.1321,0.9083,0.0588,2.1651,2.165,0.6912295265157544,0.01877334695571656,0.03067122999260663
jiang_massdep_baseline,MX1,500,9,7,0.14776632302405499,0.17799562934102053,26.5793,3.9558,0.7502,21.8733,21.8733,0.8229449233049778,0.028224972064727058,0.26027898960521356
jiang_massdep_baseline,MX2,500,8,7,0.04054982817869416,0.04869561310630256,9.0633,2.7926,0.2938,5.9769,5.9769,0.6594617854423886,0.03241644875486854,0.08875277251428493
jiang_massdep_tight,200,500,15,7,0.5979381443298969,0.669283382110036,93.8366,6.631,1.661,85.5447,85.5446,0.9116336269643189,0.017700982345907675,0.9006840801392155
jiang_massdep_tight,250,500,12,7,0.3415807560137457,0.4019227141007556,54.998,4.2115,1.1412,49.6453,49.6453,0.9026746427142804,0.020749845448925414,0.5278944786948438
jiang_massdep_tight,270,500,11,7,0.277319587628866,0.33146128514114037,45.465,3.53,1.0808,40.8543,40.8543,0.8985879247773014,0.02377213240954581,0.43639264107533116
jiang_massdep_tight,300,500,9,7,0.12508591065292096,0.15883593168926738,21.2677,1.4488,0.5212,19.2977,19.2977,0.9073712719287932,0.024506646228788252,0.2041365395930459
jiang_massdep_tight,325,500,9,7,0.09965635738831616,0.12850383864202816,16.5542,0.7255,0.2979,15.5308,15.5308,0.9381788307499006,0.017995433183119698,0.15889433759791594
jiang_massdep_tight,380,500,8,7,0.053951890034364264,0.0727903264035109,9.4218,0.3978,0.2566,8.7674,8.7674,0.9305440573987981,0.02723471098940753,0.0904344921518434
jiang_massdep_tight,425,500,7,7,0.012714776632302405,0.018180789727873146,2.3174,0.0636,0.0888,2.1651,2.165,0.9342366445154083,0.03831880555795301,0.022243402758780784
jiang_massdep_tight,MX1,500,10,7,0.15876288659793814,0.19226210922869552,26.7919,2.4897,0.6335,23.6687,23.6687,0.8834274538199984,0.02364520620038147,0.25716018916586747
jiang_massdep_tight,MX2,500,8,7,0.06632302405498282,0.07959083541478158,11.6904,1.5632,0.3,9.8272,9.8272,0.8406213645384248,0.025662081708068163,0.11220949150394932
jiang_long_baseline,200,500,15,8,0.5979381443298969,0.6007141608388156,101.6147,6.73,2.1991,92.6855,92.6856,0.9121278712627208,0.021641553830302113,0.7928013750305256
jiang_long_baseline,250,500,12,8,0.3415807560137457,0.34548923467465265,58.463,4.6716,1.7803,52.0111,52.0111,0.8896413115987887,0.030451738706532325,0.4561303314226153
jiang_long_baseline,270,500,12,8,0.277319587628866,0.2823330836779663,45.7634,2.4623,0.8886,42.4126,42.4126,0.926779915827932,0.019417263577443975,0.3570476165955514
jiang_long_baseline,300,500,10,8,0.12508591065292096,0.12779581592134695,20.8746,1.28,0.466,19.1285,19.1286,0.9163576787100105,0.022323781054487256,0.16286434524938054
jiang_long_baseline,325,500,10,8,0.09965635738831616,0.10181134847365451,15.8485,0.295,0.3695,15.184,15.1841,0.9580780515506199,0.023314509259551374,0.12365054064196701
jiang_long_baseline,380,500,9,8,0.053951890034364264,0.05491575890432658,8.8366,0.2599,0.3444,8.2323,8.2324,0.931625285743385,0.03897426612045355,0.0689434563168001
jiang_long_baseline,425,500,8,8,0.012714776632302405,0.012698862087892346,2.6169,0.5717,0.1488,1.8964,1.8964,0.72467423287095,0.056861171615269636,0.02041714356601343
jiang_long_baseline,MX1,500,10,8,0.15395189003436427,0.15930788167401258,28.1125,3.1373,1.1355,23.8397,23.8397,0.848010671409515,0.04039128501556245,0.21933468932689526
jiang_long_baseline,MX2,500,9,8,0.05257731958762887,0.055323399361263466,10.837,2.0255,0.575,8.2365,8.2365,0.7600350650549033,0.053058964658115625,0.08455064573536908
jiang_long_tight,200,500,18,9,0.5979381443298969,0.59972449106846,99.2594,5.0976,1.4763,92.6855,92.6856,0.9337715118165131,0.014873150552995484,0.7656175036368209
jiang_long_tight,250,500,15,9,0.3415807560137457,0.3441099307787247,55.3121,2.3286,0.9724,52.0111,52.0111,0.9403204723740373,0.017580240128290188,0.42663880622802686
jiang_long_tight,270,500,14,9,0.277319587628866,0.2813813994189859,45.0198,1.8449,0.7624,42.4126,42.4126,0.9420877036326237,0.016934770923016092,0.3472512113737234
jiang_long_tight,300,500,11,9,0.12508591065292096,0.12719428390325838,20.7619,0.9753,0.6581,19.1285,19.1286,0.9213318626907943,0.0316974843342854,0.16014275775148046
jiang_long_tight,325,500,11,9,0.09965635738831616,0.1014107932634151,16.0917,0.5541,0.3536,15.184,15.1841,0.9435982525152717,0.021974061161965482,0.12412010533282114
jiang_long_tight,380,500,10,9,0.053951890034364264,0.054789775526491495,9.0864,0.4735,0.3806,8.2323,8.2324,0.9060133826377886,0.041886775840817056,0.07008612670483205
jiang_long_tight,425,500,10,9,0.012714776632302405,0.012828785394797001,0.864,-1.0691,0.0367,1.8964,1.8964,2.1949074074073964,0.04247685185185164,0.006664290970348485
jiang_long_tight,MX1,500,12,9,0.16735395189003435,0.17331630806117762,28.9441,2.0572,0.7979,26.0889,26.089,0.9013581351639879,0.02756693073890705,0.22325451883664948
jiang_long_tight,MX2,500,11,9,0.0725085910652921,0.07732570749062648,13.0943,1.1925,0.323,11.5788,11.5789,0.8842702549964486,0.024667221615512085,0.10100026070953105
lightskew_short_baseline,200,500,9,5,0.5474226804123712,0.5505421955638281,66.1609,8.8363,1.8411,55.4835,55.4835,0.8386146500425478,0.02782761419509106,0.9617430337812007
lightskew_short_baseline,250,500,7,5,0.31374570446735395,0.3192869487021855,37.0538,5.9705,1.0198,30.0635,30.0635,0.8113472842191622,0.027522143477861912,0.5386298255483506
lightskew_short_baseline,270,500,6,5,0.22577319587628866,0.23026146239986475,27.8262,5.2807,0.9166,21.6289,21.6289,0.7772854360279162,0.03294017868052411,0.40449350003706797
lightskew_short_baseline,300,500,6,5,0.09003436426116838,0.09165769632573323,9.991,1.3347,0.1035,8.5528,8.5529,0.856060454408968,0.010359323391051946,0.14523343319858073
lightskew_short_baseline,325,500,5,5,0.07594501718213058,0.07794734964711754,10.6718,3.0613,0.3687,7.2418,7.2419,0.6786015480050223,0.034548998294570726,0.15512983208974207
lightskew_short_baseline,380,500,5,5,0.052920962199312714,0.05421932419286633,7.0393,1.8221,0.208,5.0092,5.0093,0.7116190530308414,0.029548392595854713,0.10232626426931923
lightskew_short_baseline,425,500,5,5,0.031958762886597936,0.032432514662834866,3.9253,0.8722,0.0475,3.0057,3.0057,0.7657249127455212,0.012100985911904802,0.05705983338348419
lightskew_short_baseline,MX1,500,5,5,0.03264604810996564,0.03601930181008599,6.4073,2.954,0.1548,3.2985,3.2985,0.5148034273406891,0.024159942565511187,0.09313924297200149
lightskew_short_tight,200,500,10,5,0.5474226804123712,0.5487909328287394,64.1793,7.5113,1.1844,55.4835,55.4835,0.8645077151044028,0.018454548429166412,0.9246911659188948
lightskew_short_tight,250,500,8,5,0.31374570446735395,0.3185816749952687,34.7853,4.1848,0.5371,30.0635,30.0635,0.8642587529789881,0.01544043029670579,0.5011843322354488
lightskew_short_tight,270,500,7,5,0.22577319587628866,0.23019208740944339,25.8885,3.6785,0.5811,21.6289,21.6289,0.8354636228441198,0.02244625992235934,0.3729998184600225
lightskew_short_tight,300,500,6,5,0.09003436426116838,0.09217297546830588,10.0281,1.3171,0.1581,8.5528,8.5529,0.8528933696313363,0.015765698387531044,0.14448421034432068
lightskew_short_tight,325,500,6,5,0.07594501718213058,0.07790707581838793,8.4056,1.0102,0.1535,7.2418,7.2419,0.8615565813267339,0.018261635100409235,0.12110733623220993
lightskew_short_tight,380,500,5,5,0.052920962199312714,0.0537511320583618,7.0605,1.8588,0.1925,5.0092,5.0093,0.7094823312796539,0.027264358048296845,0.10172722321636973
lightskew_short_tight,425,500,5,5,0.031958762886597936,0.03258182829917637,4.5416,1.4039,0.132,3.0057,3.0057,0.6618152193059711,0.029064646820503772,0.06543507640527801
lightskew_short_tight,MX1,500,5,5,0.03917525773195876,0.04242068954674476,6.9268,2.8524,0.1682,3.9063,3.9063,0.5639400589016573,0.024282496968297047,0.09980088234192341
lightskew_massdep_baseline,200,500,13,7,0.5474226804123712,0.5990561991860909,93.2439,8.0541,2.2271,82.9627,82.9627,0.8897386316960143,0.02388467234853969,0.8897242294674952
lightskew_massdep_baseline,250,500,11,7,0.31374570446735395,0.36574498589219584,51.2113,4.2771,0.9922,45.942,45.942,0.8971066932493413,0.019374630208567247,0.4886532462984574
lightskew_massdep_baseline,270,500,10,7,0.22577319587628866,0.26996028593289895,37.8691,3.4244,0.7295,33.7151,33.7151,0.8903063447507337,0.019263726890789597,0.36134327090702456
lightskew_massdep_baseline,300,500,9,7,0.09003436426116838,0.11696530475742901,15.5181,0.9513,0.2096,14.3572,14.3573,0.9251970279866734,0.013506808178836323,0.14807220167002377
lightskew_massdep_baseline,325,500,8,7,0.07594501718213058,0.10009465331213137,14.4032,1.8246,0.2667,12.3119,12.3119,0.8548030993112642,0.018516718506998448,0.1374339342505646
lightskew_massdep_baseline,380,500,8,7,0.052920962199312714,0.07162818968654125,10.0305,1.0897,0.187,8.7538,8.7537,0.8727082398684011,0.01864313842779522,0.0957100559250923
lightskew_massdep_baseline,425,500,7,7,0.031958762886597936,0.04407693492727681,7.8336,2.1779,0.246,5.4096,5.4096,0.6905637254901957,0.03140318627450979,0.07474744968793212
lightskew_massdep_baseline,MX1,500,8,7,0.10687285223367697,0.12805863497115205,20.8859,4.0669,0.7377,16.0813,16.0814,0.7699644257609197,0.03532047936646253,0.19929122746083294
lightskew_massdep_baseline,MX2,500,7,7,0.01958762886597938,0.024764225646719165,5.9262,2.7379,0.1525,3.0357,3.0358,0.5122675576254603,0.025733184840201165,0.05654722430818815
lightskew_massdep_tight,200,500,15,7,0.5474226804123712,0.5977226608405014,91.5613,6.5493,2.0493,82.9627,82.9627,0.9060891446495406,0.02238172677757961,0.8579863470035094
lightskew_massdep_tight,250,500,12,7,0.31374570446735395,0.3640093366649862,50.3794,3.5263,0.9111,45.942,45.942,0.9119203483963683,0.018084772744415376,0.4720863221713607
lightskew_massdep_tight,270,500,11,7,0.22577319587628866,0.26820992993976406,36.6353,2.2448,0.6753,33.7151,33.7151,0.9202899935308295,0.018433041356287514,0.34329555410831514
lightskew_massdep_tight,300,500,9,7,0.09003436426116838,0.11633345733035856,15.2058,0.4868,0.3618,14.3572,14.3573,0.9441989240947527,0.023793552460245417,0.14248780647791115
lightskew_massdep_tight,325,500,9,7,0.07594501718213058,0.10002218117570354,12.7383,0.1535,0.273,12.3119,12.3119,0.9665261455610239,0.021431431195685437,0.11936579629204491
lightskew_massdep_tight,380,500,8,7,0.052920962199312714,0.0714019449958612,9.7588,0.6219,0.3831,8.7538,8.7537,0.8970057793991058,0.039256875845390796,0.09144602755899989
lightskew_massdep_tight,425,500,8,7,0.031958762886597936,0.04425334380040151,5.1999,-0.3653,0.1555,5.4096,5.4096,1.0403276986095888,0.02990442123886998,0.048726298182567795
lightskew_massdep_tight,MX1,500,9,7,0.11855670103092783,0.14354904567316434,20.9041,2.278,0.637,17.9891,17.9891,0.8605536712893643,0.030472491042427084,0.19588442274624818
lightskew_massdep_tight,MX2,500,8,7,0.030584192439862542,0.038040925448651924,6.3129,1.3839,0.2039,4.7251,4.7251,0.7484832644268088,0.0322989434332874,0.059155800649384194
lightskew_long_baseline,200,500,15,8,0.5474226804123712,0.5475998541567644,96.7867,6.0893,1.9078,88.7896,88.7897,0.9173750112360477,0.019711385965220422,0.7551331534184227
lightskew_long_baseline,250,500,12,8,0.31374570446735395,0.3161444167955654,52.4606,3.529,1.2433,47.6882,47.6883,0.9090307773834078,0.023699690815583506,0.40929940072574533
lightskew_long_baseline,270,500,11,8,0.22577319587628866,0.22857798254933084,37.9747,2.5285,1.0715,34.3747,34.3747,0.9052000410799819,0.028216154439666397,0.2962799120242614
lightskew_long_baseline,300,500,10,8,0.09003436426116838,0.09126422330167464,13.6831,-0.1495,0.247,13.5857,13.5857,0.9928817300173188,0.01805146494580903,0.10675601556349812
lightskew_long_baseline,325,500,9,8,0.07594501718213058,0.07635781681816023,13.0258,1.1157,0.4175,11.4925,11.4926,0.8822951373428116,0.0320517741712601,0.10162773841651473
lightskew_long_baseline,380,500,9,8,0.052920962199312714,0.0535875071224406,8.5551,0.2656,0.2824,8.0072,8.0072,0.9359563301422531,0.0330095498591483,0.06674718366066767
lightskew_long_baseline,425,500,9,8,0.031958762886597936,0.03242473784837294,4.0951,-0.8199,0.0967,4.8183,4.8183,1.1766013039974597,0.023613586969793154,0.03195011067185649
lightskew_long_baseline,MX1,500,10,8,0.10721649484536082,0.10970981285957437,18.8455,1.7677,0.622,16.4558,16.4559,0.8732004987928146,0.033005226711947125,0.1470332374463319
lightskew_long_baseline,MX2,500,9,8,0.01958762886597938,0.0202125169182087,4.2549,1.0494,0.143,3.0625,3.0625,0.7197583962020224,0.033608310418576065,0.033196875753384036
lightskew_long_tight,200,500,18,9,0.5474226804123712,0.5465514895688363,95.6024,5.0029,1.8099,88.7896,88.7897,0.9287392366718825,0.018931533099587457,0.7374099665088527
lightskew_long_tight,250,500,14,9,0.31374570446735395,0.3147035076221354,51.8338,3.1257,1.0198,47.6882,47.6883,0.9200232280866925,0.01967442093768931,0.39980963576256
lightskew_long_tight,270,500,13,9,0.22577319587628866,0.2276483396496926,36.8142,1.6661,0.7734,34.3747,34.3747,0.9337348088509324,0.021008197923627295,0.2839589590747742
lightskew_long_tight,300,500,11,9,0.09003436426116838,0.09019712984693236,14.026,0.1143,0.3261,13.5857,13.5857,0.9686082988735198,0.023249679167260784,0.10818674207188494
lightskew_long_tight,325,500,11,9,0.07594501718213058,0.076213855259134,11.5139,-0.1979,0.2193,11.4925,11.4926,0.9981500620988538,0.019046543742780454,0.08881016180960177
lightskew_long_tight,380,500,10,9,0.052920962199312714,0.053035264296173834,8.5769,0.3179,0.2519,8.0072,8.0072,0.9335773997598205,0.029369585747764364,0.06615620049025739
lightskew_long_tight,425,500,10,9,0.031958762886597936,0.03202992291426514,4.495,-0.4392,0.1159,4.8183,4.8183,1.0719243604004438,0.025784204671857595,0.03467128230522776
lightskew_long_tight,MX1,500,11,9,0.12130584192439862,0.12544836657979117,21.1256,1.6801,0.6111,18.8344,18.8345,0.8915486424054219,0.02892698905593211,0.16294808486480905
lightskew_long_tight,MX2,500,10,9,0.04673539518900344,0.04779993554070849,8.494,1.0428,0.2056,7.2455,7.2456,0.8530256651754179,0.024205321403343538,0.06551676794229211
uniform_short_baseline,200,500,12,5,0.7563573883161512,0.7622124915542884,108.7728,13.1235,3.0211,92.6283,92.6283,0.8515759454569525,0.02777440683700337,1.5811677692545865
uniform_short_baseline,250,500,9,5,0.6312714776632302,0.632106046586115,71.9378,9.7346,1.9872,60.2159,60.216,0.8370564571059999,0.027623863949133833,1.0457185137376497
uniform_short_baseline,270,500,9,5,0.5810996563573884,0.5848224630809988,64.9954,8.3243,1.3311,55.34,55.3401,0.8514464100536348,0.020479910886001165,0.9448008291577448
uniform_short_baseline,300,500,8,5,0.5061855670103093,0.508827349569653,59.1678,8.8535,2.1127,48.2016,48.2016,0.8146593248354679,0.035706921670232795,0.8600883523978562
uniform_short_baseline,325,500,8,5,0.4457044673539519,0.44941617356009234,50.8513,7.131,1.2429,42.4773,42.4774,0.8353257438846203,0.024441853010640825,0.739196164709337
uniform_short_baseline,380,500,7,5,0.3185567010309278,0.32318243523846063,37.7999,6.068,1.3719,30.3599,30.3599,0.8031740824711174,0.03629374680885398,0.5494754530640606
uniform_short_baseline,425,500,6,5,0.18625429553264605,0.18929923120122766,22.4249,4.113,0.5947,17.7172,17.7173,0.7900726424644032,0.026519627735240726,0.3259779017250377
uniform_short_baseline,MX1,500,7,5,0.3288659793814433,0.34427196870527377,41.6588,7.7935,1.6289,32.2363,32.2364,0.7738196971588237,0.039100982265451716,0.6055700677542821
uniform_short_baseline,MX2,500,6,5,0.10652920962199312,0.11735822444479498,15.4763,4.4065,0.3792,10.6906,10.6906,0.6907723422265007,0.02450198044752297,0.2249700913032926
uniform_short_tight,200,500,12,5,0.7563573883161512,0.7587738643041171,110.2583,13.6577,3.9723,92.6283,92.6283,0.8401027405646558,0.03602721971951318,1.588594390702848
uniform_short_tight,250,500,10,5,0.6312714776632302,0.6341008312637796,69.6686,8.1492,1.3034,60.2159,60.216,0.86432051167958,0.018708571723846892,1.003780642075204
uniform_short_tight,270,500,9,5,0.5810996563573884,0.5812104687490358,66.3889,9.1127,1.9361,55.34,55.3401,0.8335745885230815,0.029163007671463154,0.9565269385155792
uniform_short_tight,300,500,9,5,0.5061855670103093,0.5072312355563299,56.6589,7.2267,1.2305,48.2016,48.2016,0.8507330710620926,0.02171768248236376,0.8163377335166022
uniform_short_tight,325,500,8,5,0.4457044673539519,0.4471234665724243,50.8205,7.0766,1.2666,42.4773,42.4774,0.8358319969303727,0.024923013350911544,0.7322184473433209
uniform_short_tight,380,500,8,5,0.3185567010309278,0.3213911787862418,34.8893,4.0623,0.4671,30.3599,30.3599,0.870177962871138,0.01338805880312875,0.502682757448182
uniform_short_tight,425,500,7,5,0.18625429553264605,0.18834786023170108,20.4859,2.4322,0.3365,17.7172,17.7173,0.8648533869637165,0.016425931982485514,0.2951595102454825
uniform_short_tight,MX1,500,8,5,0.34398625429553265,0.35923485020869655,41.1788,6.3631,1.1229,33.6927,33.6928,0.8182074271226942,0.027268885931595873,0.5933014629816933
uniform_short_tight,MX2,500,6,5,0.13848797250859107,0.15105148720309763,19.5696,4.8872,0.7913,13.8911,13.8911,0.7098305535115687,0.04043516474531925,0.2819575196452191
uniform_massdep_baseline,200,500,19,8,0.7563573883161512,0.8099363711047747,170.6277,12.1257,4.1037,154.3982,154.3983,0.9048841424926902,0.024050608429932535,1.436023181360651
uniform_massdep_baseline,250,500,15,8,0.6312714776632302,0.6973662682824062,108.8835,8.2579,1.9167,98.709,98.709,0.9065560897656669,0.017603218118447696,0.916376591067467
uniform_massdep_baseline,270,500,15,8,0.5810996563573884,0.6497724782791532,100.2458,7.0684,1.5036,91.6737,91.6738,0.9144901831298666,0.014999132133216552,0.8436806722123289
uniform_massdep_baseline,300,500,14,8,0.5061855670103093,0.5767688280096527,89.53,7.0114,1.4627,81.0559,81.056,0.9053501619568858,0.016337540489221487,0.7534952145942253
uniform_massdep_baseline,325,500,13,8,0.4457044673539519,0.5153738627897535,81.5154,7.117,2.1565,72.2419,72.242,0.8862374471572242,0.026455123817094677,0.6860433800484096
uniform_massdep_baseline,380,500,12,8,0.3185567010309278,0.3798388089045636,59.311,5.0784,1.3278,52.9047,52.9047,0.8919879954814454,0.02238707828227479,0.49916848735393815
uniform_massdep_baseline,425,500,11,8,0.18625429553264605,0.23051628441633443,34.8324,2.6535,0.5098,31.6692,31.6692,0.9091879973817483,0.014635798853940589,0.2931536547842275
uniform_massdep_baseline,MX1,500,13,8,0.45326460481099656,0.5115103924580543,82.0549,7.7607,2.0638,72.2303,72.2304,0.880269185630596,0.025151453478098197,0.6905838767341417
uniform_massdep_baseline,MX2,500,12,8,0.3302405498281787,0.3748225156481161,61.2397,7.0924,1.3731,52.7741,52.7741,0.8617628760428282,0.022421729694952777,0.5154006578039314
uniform_massdep_tight,200,500,22,8,0.7563573883161512,0.8089329590452212,165.8988,9.1933,2.3072,154.3982,154.3983,0.930677617921287,0.013907273590887939,1.3677648713557953
uniform_massdep_tight,250,500,17,8,0.6312714776632302,0.6963244905085348,106.5583,5.8629,1.9864,98.709,98.709,0.9263379764879883,0.018641438536463138,0.878527749998145
uniform_massdep_tight,270,500,17,8,0.5810996563573884,0.6492666570239828,98.2171,4.9982,1.5451,91.6737,91.6738,0.9333792180791329,0.015731476494418997,0.8097581124543354
uniform_massdep_tight,300,500,16,8,0.5061855670103093,0.57589754300342,87.1171,4.9582,1.1029,81.0559,81.056,0.9304258291426138,0.012659971463696566,0.718243345186282
uniform_massdep_tight,325,500,15,8,0.4457044673539519,0.5144054922375444,78.4679,4.8461,1.3799,72.2419,72.242,0.92065672714575,0.017585534976722963,0.6469343789651247
uniform_massdep_tight,380,500,13,8,0.3185567010309278,0.3786108555938078,57.9741,3.6819,1.3875,52.9047,52.9047,0.9125575041268429,0.023933101160690723,0.4779717359526894
uniform_massdep_tight,425,500,12,8,0.18625429553264605,0.2284596712364329,33.5116,1.3338,0.5086,31.6692,31.6692,0.9450220222251395,0.01517683429021592,0.2762888535837926
uniform_massdep_tight,MX1,500,15,8,0.4676975945017182,0.5276660618025535,82.9164,6.4099,1.928,74.5786,74.5786,0.8994432946920029,0.023252336087915052,0.6836103647481819
uniform_massdep_tight,MX2,500,14,8,0.35429553264604813,0.40288458218165113,63.1467,5.0265,1.2599,56.8603,56.8603,0.9004476876859756,0.019951953150362564,0.5206176174996022
uniform_long_baseline,200,500,19,8,0.7563573883161512,0.7583870516595215,164.6627,10.671,3.9633,150.0284,150.0284,0.9111255918917883,0.024069203286475924,1.284704033729755
uniform_long_baseline,250,500,15,8,0.6312714776632302,0.6342006920017885,105.0455,7.0281,1.9717,96.0458,96.0458,0.9143256969598887,0.018769961588073737,0.819568594315282
uniform_long_baseline,270,500,15,8,0.5810996563573884,0.5829535872695787,95.6893,5.8092,1.5143,88.3659,88.3659,0.9234668871023196,0.01582517585560768,0.7465712009749423
uniform_long_baseline,300,500,14,8,0.5061855670103093,0.5077015649808695,84.3759,5.7117,1.7853,76.879,76.879,0.9111487995979896,0.021158885416333338,0.6583036660978985
uniform_long_baseline,325,500,13,8,0.4457044673539519,0.44880369241808854,75.7264,5.6884,2.241,67.797,67.7971,0.8952901498024466,0.02959337826702444,0.590819970399082
uniform_long_baseline,380,500,12,8,0.3185567010309278,0.32130148125659086,53.3968,3.7668,1.1949,48.4351,48.4351,0.9070787013453987,0.022377745482875373,0.41660366523967474
uniform_long_baseline,425,500,11,8,0.18625429553264605,0.18797694129031772,30.4767,1.6876,0.5821,28.207,28.207,0.9255267138502522,0.0190998369246014,0.23778025882468623
uniform_long_baseline,MX1,500,14,8,0.44536082474226807,0.4524620578315855,75.3431,5.4938,1.419,68.4302,68.4303,0.908249063285158,0.018833841453298306,0.5878294506509629
uniform_long_baseline,MX2,500,12,8,0.3171821305841924,0.32584469679064565,57.2833,5.9591,2.1032,49.221,49.221,0.859255664390843,0.03671576183634671,0.4469262715560458
uniform_long_tight,200,500,23,9,0.7563573883161512,0.7567552181454834,162.0946,8.9136,3.1526,150.0284,150.0284,0.925560752794973,0.01944913649190041,1.2502842350952053
uniform_long_tight,250,500,18,9,0.6312714776632302,0.6330220512279691,103.5677,6.0567,1.4653,96.0458,96.0458,0.9273721440178743,0.01414823347433611,0.7988487128816735
uniform_long_tight,270,500,18,9,0.5810996563573884,0.5821209815707632,94.4655,4.6164,1.4833,88.3659,88.3659,0.9354303952236528,0.015702028782994846,0.7286407160410411
uniform_long_tight,300,500,17,9,0.5061855670103093,0.5075646970605685,82.182,4.2069,1.0961,76.879,76.879,0.9354724878927257,0.013337470492321918,0.6338943987559993
uniform_long_tight,325,500,16,9,0.4457044673539519,0.44755321354099437,72.5284,3.4501,1.2813,67.797,67.7971,0.9347662432922826,0.017666183177899968,0.5594332884419289
uniform_long_tight,380,500,14,9,0.3185567010309278,0.320351810332576,52.492,2.9742,1.0827,48.4351,48.4351,0.9227139373618833,0.020626000152404168,0.4048865296476103
uniform_long_tight,425,500,12,9,0.18625429553264605,0.186944438175719,31.1774,2.0596,0.9108,28.207,28.207,0.9047258591158979,0.02921346873055482,0.24048063113303741
uniform_long_tight,MX1,500,16,9,0.4563573883161512,0.46590339140417697,77.2361,5.3986,1.2982,70.5393,70.5394,0.9132957257033952,0.01680820238204674,0.5957451896006207
uniform_long_tight,MX2,500,14,9,0.3436426116838488,0.35467066758465066,60.7304,5.3186,1.7441,53.6678,53.6678,0.8837056894076113,0.028718730652193956,0.4684317781778409
rohcha_short_baseline,200,550,15,5,1.0,1.0,156.5901,17.0079,3.4011,136.1812,136.1812,0.8696667286118342,0.02171976389311968,2.2762604171663567
rohcha_short_baseline,250,550,13,5,1.0,1.0,130.1052,14.2783,2.8822,112.9447,112.9448,0.8681036576554972,0.02215284246901738,1.8912646254617131
rohcha_short_baseline,270,550,12,5,0.8972508591065292,0.8990109877907806,108.6391,11.6281,2.0727,94.9383,94.9383,0.8738870259418569,0.01907876630053084,1.579224249084569
rohcha_short_baseline,300,550,9,5,0.6072164948453608,0.6145270420685764,69.0603,9.2051,1.7087,58.1465,58.1465,0.8419670925263862,0.02474214563215045,1.003889947625257
rohcha_short_baseline,325,550,9,5,0.6072164948453608,0.6145270420685764,69.0603,9.2051,1.7087,58.1465,58.1465,0.8419670925263862,0.02474214563215045,1.003889947625257
rohcha_short_baseline,380,550,8,5,0.5096219931271477,0.5172474227513189,60.1237,9.0923,2.1404,48.8911,48.8911,0.8131751705234374,0.03559993812756034,0.8739837221100497
rohcha_short_baseline,425,550,8,5,0.5096219931271477,0.5172474227513189,60.1237,9.0923,2.1404,48.8911,48.8911,0.8131751705234374,0.03559993812756034,0.8739837221100497
rohcha_short_baseline,500,550,6,5,0.22027491408934707,0.2234286828345412,26.6599,4.9159,0.7672,20.9768,20.9769,0.7868334089775278,0.028777302240443503,0.38753966627272973
rohcha_short_baseline,MX1,550,10,5,0.6436426116838488,0.657765416439893,78.6168,11.0685,2.2863,65.262,65.262,0.8301279115914154,0.029081570351375277,1.1428073036819315
rohcha_short_baseline,MX2,550,8,5,0.39347079037800686,0.41735259730447744,49.1111,7.9778,1.3536,39.7797,39.7797,0.8099940746592927,0.027561997185972208,0.7138998760042854
rohcha_short_tight,200,550,16,5,1.0,1.0,155.5069,16.2681,3.0576,136.1812,136.1812,0.8757244855372978,0.019662150039644544,2.240533266480516
rohcha_short_tight,250,550,14,5,1.0,1.0,128.8832,13.4154,2.5231,112.9447,112.9448,0.8763345416625287,0.01957663993445228,1.8569407344012494
rohcha_short_tight,270,550,12,5,0.8972508591065292,0.8976723427390291,111.5742,12.8559,3.78,94.9383,94.9383,0.850898325957076,0.03387879993761998,1.6075537920243437
rohcha_short_tight,300,550,10,5,0.6072164948453608,0.611798921797125,67.2615,7.9488,1.1663,58.1465,58.1465,0.8644841402585433,0.017339785761542634,0.9690993023678001
rohcha_short_tight,325,550,10,5,0.6072164948453608,0.611798921797125,67.2615,7.9488,1.1663,58.1465,58.1465,0.8644841402585433,0.017339785761542634,0.9690993023678001
rohcha_short_tight,380,550,9,5,0.5096219931271477,0.5158925974969515,57.6159,7.364,1.3609,48.8911,48.8911,0.8485695788836068,0.023620215947333986,0.8301261270606948
rohcha_short_tight,425,550,9,5,0.5096219931271477,0.5158925974969515,57.6159,7.364,1.3609,48.8911,48.8911,0.8485695788836068,0.023620215947333986,0.8301261270606948
rohcha_short_tight,500,550,7,5,0.22027491408934707,0.22306787616105453,24.9952,3.5401,0.4782,20.9768,20.9769,0.8392371335296378,0.019131673281270006,0.3601292103587288
rohcha_short_tight,MX1,550,11,5,0.6542955326460481,0.6714462599442446,78.3428,9.6201,1.7798,66.9429,66.9429,0.8544869471093706,0.022718105556605077,1.1287579495779916
rohcha_short_tight,MX2,550,8,5,0.4213058419243986,0.4492483798078644,50.9772,7.6143,1.1057,42.2572,42.2572,0.8289431353624758,0.02169008890248974,0.7344761707167371
rohcha_massdep_baseline,200,550,26,9,1.0,1.0,261.2957,15.1554,4.1136,242.0267,242.0267,0.9262559621149525,0.01574308341086363,1.9345506963534636
rohcha_massdep_baseline,250,550,23,9,1.0,1.0,210.1327,11.5714,2.2614,196.2999,196.2999,0.9341711213913875,0.010761771014221015,1.555756030855592
rohcha_massdep_baseline,270,550,21,9,0.8972508591065292,0.9151992160006142,177.4168,9.8052,2.3056,165.306,165.306,0.9317381443020054,0.012995387133574727,1.3135378576256826
rohcha_massdep_baseline,300,550,17,9,0.6072164948453608,0.6697861643235082,113.9489,7.0627,1.7837,105.1024,105.1025,0.9223652005416465,0.015653507844305654,0.8436416054443725
rohcha_massdep_baseline,325,550,17,9,0.6072164948453608,0.6697861643235082,113.9489,7.0627,1.7837,105.1024,105.1025,0.9223652005416465,0.015653507844305654,0.8436416054443725
rohcha_massdep_baseline,380,550,16,9,0.5096219931271477,0.5786252252377867,97.6882,6.12,1.3731,90.1952,90.1952,0.923296774840769,0.01405594534447354,0.7232525270623145
rohcha_massdep_baseline,425,550,16,9,0.5096219931271477,0.5786252252377867,97.6882,6.12,1.3731,90.1952,90.1952,0.923296774840769,0.01405594534447354,0.7232525270623145
rohcha_massdep_baseline,500,550,12,9,0.22027491408934707,0.2567528493313868,44.2882,3.5835,0.9142,39.7906,39.7906,0.8984469903947329,0.020642067187196595,0.32789582128692296
rohcha_massdep_baseline,MX1,550,19,9,0.7738831615120275,0.7908025782310404,152.1431,10.8062,2.5257,138.8112,138.8113,0.9123732854135349,0.016600818571463314,1.126419378697677
rohcha_massdep_baseline,MX2,550,17,9,0.6518900343642612,0.6692827928106092,127.6776,10.5709,2.5249,114.5819,114.5819,0.8974314993389602,0.01977559101988133,0.9452845568784292
rohcha_massdep_tight,200,550,30,10,1.0,1.0,256.4852,12.4247,2.0338,242.0267,242.0267,0.9436283263127855,0.007929502365048744,1.8759230220121004
rohcha_massdep_tight,250,550,26,10,1.0,1.0,209.0291,10.8691,1.8601,196.2999,196.2999,0.9391032157723495,0.008898760985910574,1.5288309070483193
rohcha_massdep_tight,270,550,24,10,0.8972508591065292,0.9146019337528951,174.9168,8.4592,1.1516,165.306,165.306,0.9450550204440055,0.006583701508374267,1.2793348390343229
rohcha_massdep_tight,300,550,19,10,0.6072164948453608,0.667826717993034,111.6446,5.4825,1.0597,105.1024,105.1025,0.9414024502752483,0.009491726424744232,0.8165643687173068
rohcha_massdep_tight,325,550,19,10,0.6072164948453608,0.667826717993034,111.6446,5.4825,1.0597,105.1024,105.1025,0.9414024502752483,0.009491726424744232,0.8165643687173068
rohcha_massdep_tight,380,550,18,10,0.5096219931271477,0.5765892077897142,95.0002,3.9216,0.8834,90.1952,90.1952,0.9494211591133491,0.009298927791730964,0.694827858588932
rohcha_massdep_tight,425,550,18,10,0.5096219931271477,0.5765892077897142,95.0002,3.9216,0.8834,90.1952,90.1952,0.9494211591133491,0.009298927791730964,0.694827858588932
rohcha_massdep_tight,500,550,14,10,0.22027491408934707,0.25576188107855796,41.7338,1.5405,0.4027,39.7906,39.7906,0.9534382203393891,0.00964925312336763,0.30523942986202957
rohcha_massdep_tight,MX1,550,22,10,0.7852233676975945,0.8033466496018865,152.6651,10.2837,1.896,140.4855,140.4855,0.9202201419970902,0.012419341421189254,1.1165867494412134
rohcha_massdep_tight,MX2,550,20,10,0.6714776632302405,0.6905128627196054,128.6517,9.3344,1.774,117.5434,117.5433,0.9136552412443829,0.013789168740094376,0.940953652885212
rohcha_long_baseline,200,550,24,8,1.0,1.0,239.8056,14.1248,3.8189,221.8619,221.8619,0.9251739742524777,0.015924982569214395,1.8709715171133725
rohcha_long_baseline,250,550,21,8,1.0,1.0,197.3685,11.6561,3.6192,182.0932,182.0933,0.9226056842910594,0.018337272665090932,1.5398758072179746
rohcha_long_baseline,270,550,19,8,0.8972508591065292,0.8994856781001616,165.6486,9.9255,3.2204,152.5026,152.5026,0.9206392326889573,0.019441154347214527,1.2923960593485146
rohcha_long_baseline,300,550,15,8,0.6072164948453608,0.6135521166095328,101.1205,6.3575,1.9806,92.7824,92.7825,0.917543920372229,0.019586532898868178,0.7889456096782677
rohcha_long_baseline,325,550,15,8,0.6072164948453608,0.6135521166095328,101.1205,6.3575,1.9806,92.7824,92.7825,0.917543920372229,0.019586532898868178,0.7889456096782677
rohcha_long_baseline,380,550,14,8,0.5096219931271477,0.5159775247508311,85.4005,5.7054,1.8288,77.8663,77.8663,0.9117780340864512,0.02141439452930603,0.6662976304441623
rohcha_long_baseline,425,550,14,8,0.5096219931271477,0.5159775247508311,85.4005,5.7054,1.8288,77.8663,77.8663,0.9117780340864512,0.02141439452930603,0.6662976304441623
rohcha_long_baseline,500,550,11,8,0.22027491408934707,0.22313338514784697,36.9289,2.7218,0.7872,33.4199,33.4199,0.904979568847163,0.02131663818851902,0.2881205445507862
rohcha_long_baseline,MX1,550,17,8,0.7615120274914089,0.7677274875345033,139.1491,10.2342,3.0505,125.8644,125.8645,0.9045297454313393,0.021922527705892453,1.0856460513514299
rohcha_long_baseline,MX2,550,16,8,0.625085910652921,0.635677960979323,113.6053,9.1261,2.5062,101.973,101.973,0.8976077700600236,0.02206059048301444,0.8863524475371709
rohcha_long_tight,200,550,29,9,1.0,1.0,236.4219,12.2893,2.2707,221.8619,221.8619,0.9384151806579677,0.009604440197798934,1.8235929784289864
rohcha_long_tight,250,550,25,9,1.0,1.0,195.958,10.9394,2.9254,182.0932,182.0933,0.9292465732452873,0.014928709213198745,1.5114827893143032
rohcha_long_tight,270,550,23,9,0.8972508591065292,0.8988752796795318,162.6321,8.0841,2.0455,152.5026,152.5026,0.9377152480967779,0.012577467793873412,1.2544301337023378
rohcha_long_tight,300,550,18,9,0.6072164948453608,0.6119839763478734,99.8252,5.4678,1.5749,92.7824,92.7825,0.9294496780372091,0.015776577457395528,0.769981688626431
rohcha_long_tight,325,550,18,9,0.6072164948453608,0.6119839763478734,99.8252,5.4678,1.5749,92.7824,92.7825,0.9294496780372091,0.015776577457395528,0.769981688626431
rohcha_long_tight,380,550,17,9,0.5096219931271477,0.5148704652846157,82.822,3.8673,1.0884,77.8663,77.8663,0.9401644490594285,0.013141435850377919,0.6388309105858869
rohcha_long_tight,425,550,17,9,0.5096219931271477,0.5148704652846157,82.822,3.8673,1.0884,77.8663,77.8663,0.9401644490594285,0.013141435850377919,0.6388309105858869
rohcha_long_tight,500,550,13,9,0.22027491408934707,0.22174530084279187,35.5772,1.4683,0.689,33.4199,33.4199,0.9393628503648402,0.019366335743116372,0.27441760730356934
rohcha_long_tight,MX1,550,21,9,0.7694158075601375,0.7803360254173912,138.1909,9.6776,1.8198,126.6936,126.6936,0.9168013233867062,0.013168739765064124,1.0659078322388162
rohcha_long_tight,MX2,550,19,9,0.643298969072165,0.66157166384389,114.8924,8.5302,1.7127,104.6495,104.6495,0.9108478889813425,0.014906991237018287,0.8861995183815647
liu_short_baseline,200,425,12,5,1.0,1.0,103.6151,7.8911,0.195,95.529,95.529,0.9219602162233109,0.001881965080379211,1.506193244341333
liu_short_baseline,250,425,9,5,0.6683848797250859,0.6728392324237282,76.802,10.3534,2.4372,64.0115,64.0114,0.8334600661441108,0.03173354860550506,1.11642659758957
liu_short_baseline,270,425,9,5,0.6360824742268041,0.6408757317969869,72.5834,9.938,1.8116,60.8339,60.8339,0.838124144088042,0.024958874894259565,1.0551032304299732
liu_short_baseline,300,425,8,5,0.44329896907216493,0.44989217044056684,50.8383,7.1688,1.2426,42.4269,42.427,0.8345479687558395,0.024442202040587505,0.7390071911699934
liu_short_baseline,325,425,8,5,0.40034364261168387,0.40629698198992703,45.1345,6.0069,0.8391,38.2886,38.2886,0.8483222368698002,0.018591099934639796,0.6560943239616994
liu_short_baseline,380,425,6,5,0.19759450171821305,0.20136202851391483,24.3113,4.7504,0.7196,18.8413,18.8413,0.7750017481582637,0.02959940439219622,0.3533994159263991
liu_short_baseline,MX1,425,8,5,0.3828178694158076,0.39930927990001436,45.7499,7.1857,1.0477,37.5165,37.5166,0.8200367651076833,0.02290059650403608,0.6650400405857018
liu_short_baseline,MX2,425,6,5,0.1549828178694158,0.16747616383690303,21.8224,5.479,0.8711,15.4723,15.4723,0.7090100080651074,0.039917699244812664,0.31721970499776875
liu_short_tight,200,425,12,5,1.0,1.0,104.7971,9.0753,0.1928,95.529,95.529,0.9115614840486996,0.0018397455654784339,1.509909777512672
liu_short_tight,250,425,10,5,0.6683848797250859,0.6733393621782496,74.7557,9.2214,1.5228,64.0115,64.0114,0.856274504820368,0.020370353029936176,1.077075246879962
liu_short_tight,270,425,10,5,0.6360824742268041,0.639000286649187,70.3036,8.1502,1.3196,60.8339,60.8339,0.8653027725464983,0.01877002031190437,1.0129296806337185
liu_short_tight,300,425,8,5,0.44329896907216493,0.4475415396430484,51.7658,7.7908,1.548,42.4269,42.427,0.8195951767383098,0.029903913394557797,0.745838268050981
liu_short_tight,325,425,8,5,0.40034364261168387,0.40402787475703417,45.8464,6.3937,1.1641,38.2886,38.2886,0.8351495428212466,0.025391306623857048,0.6605519391639365
liu_short_tight,380,425,7,5,0.19759450171821305,0.20086581146679,22.3062,3.0504,0.4144,18.8413,18.8413,0.8446665052765597,0.018577794514529587,0.3213862738487341
liu_short_tight,MX1,425,8,5,0.4,0.41685309982949503,48.0277,7.514,1.402,39.1116,39.1117,0.8143571314054182,0.029191487412472385,0.6919799672075404
liu_short_tight,MX2,425,7,5,0.18075601374570446,0.19592666075303203,23.3785,4.6601,0.6233,18.0951,18.0951,0.7740060311824966,0.02666124858309985,0.3368359022680971
liu_massdep_baseline,200,425,18,8,1.0,1.0,153.0937,8.7992,0.2074,144.0871,144.0871,0.9411693622925046,0.0013547258966240937,1.2940823935846035
liu_massdep_baseline,250,425,15,8,0.6683848797250859,0.7092002174641786,111.6037,8.7492,2.0806,100.7738,100.7739,0.9029619985717319,0.018642751091585672,0.9433724786121052
liu_massdep_baseline,270,425,15,8,0.6360824742268041,0.6788502665324889,105.7,7.9257,1.5506,96.2238,96.2238,0.910348155156102,0.014669820245979183,0.8934692218026778
liu_massdep_baseline,300,425,13,8,0.44329896907216493,0.4889302846182752,76.8985,6.4777,1.7042,68.7165,68.7166,0.8936013056171446,0.022161680656969898,0.6500136513982331
liu_massdep_baseline,325,425,12,8,0.40034364261168387,0.44272677443600766,71.0078,6.859,1.7558,62.393,62.393,0.8786781170519294,0.024726860992736008,0.6002202820049214
liu_massdep_baseline,380,425,10,8,0.19759450171821305,0.22425153158380626,37.0793,4.5825,1.2242,31.2727,31.2726,0.8433977987718211,0.033015725755340564,0.3134268052600573
liu_massdep_baseline,MX1,425,14,8,0.5010309278350515,0.5368800675840445,85.4147,7.6809,1.5105,76.2233,76.2233,0.8923908882194749,0.01768430960947003,0.7220000524078447
liu_massdep_baseline,MX2,425,12,8,0.37422680412371134,0.4038324348694241,66.9737,7.9373,1.774,57.2625,57.2625,0.8549997984283382,0.026488009472374976,0.5661205262085716
liu_massdep_tight,200,425,20,8,1.0,1.0,154.589,10.1045,0.3973,144.0871,144.0871,0.9320656709080207,0.002570040559160096,1.2779647005332118
liu_massdep_tight,250,425,18,8,0.6683848797250859,0.7094951550532427,108.2956,5.8521,1.6696,100.7738,100.7739,0.9305447312725539,0.015417062189045537,0.8952639193155045
liu_massdep_tight,270,425,17,8,0.6360824742268041,0.6765382696646954,105.3134,6.9934,2.0962,96.2238,96.2238,0.9136899957650213,0.019904399630056573,0.8706105071714958
liu_massdep_tight,300,425,15,8,0.44329896907216493,0.48659431213867166,74.7809,4.3453,1.719,68.7165,68.7166,0.9189057633700584,0.02298715313669667,0.6182027859298145
liu_massdep_tight,325,425,14,8,0.40034364261168387,0.4425217446150767,69.3455,5.0331,1.9194,62.393,62.393,0.8997411511922189,0.02767879674960885,0.5732691274335551
liu_massdep_tight,380,425,12,8,0.19759450171821305,0.22370967097716576,33.3945,1.5233,0.5986,31.2727,31.2726,0.9364595966401655,0.017925107427869864,0.27606745752903716
liu_massdep_tight,MX1,425,16,8,0.5120274914089347,0.5511530653424114,85.9324,6.0525,1.6086,78.2713,78.2713,0.9108473637417318,0.018719365454706257,0.7103906088538008
liu_massdep_tight,MX2,425,14,8,0.39828178694158073,0.4298397070523189,68.4757,5.9309,1.4572,61.0876,61.0876,0.8921062508305868,0.021280541856454192,0.566078617782003
liu_long_baseline,200,425,18,8,1.0,1.0,162.269,9.779,0.2556,152.2344,152.2345,0.9381613247139009,0.0015751622306170616,1.2660283042200424
liu_long_baseline,250,425,16,8,0.6683848797250859,0.6729011903596398,109.9444,6.3468,1.6467,101.9509,101.951,0.9272959786946856,0.014977570481079528,0.8577899801594269
liu_long_baseline,270,425,15,8,0.6360824742268041,0.6399407135635742,106.4272,7.1063,2.2951,97.0257,97.0258,0.9116635596915075,0.021564975870830016,0.8303486651109411
liu_long_baseline,300,425,13,8,0.44329896907216493,0.44764204935327284,75.4284,5.8905,2.0288,67.5091,67.5091,0.8950090416872158,0.02689703082658521,0.5884949641769597
liu_long_baseline,325,425,13,8,0.40034364261168387,0.40472550811166835,66.8522,4.3996,1.4976,60.955,60.955,0.9117874954003008,0.02240165619082094,0.5215831575925107
liu_long_baseline,380,425,11,8,0.19759450171821305,0.20034095567807234,32.8537,2.0423,0.7051,30.1063,30.1063,0.9163747157854366,0.021461814042253988,0.25632569436154795
liu_long_baseline,MX1,425,14,8,0.5006872852233677,0.5094307820698191,85.7305,6.5899,2.0218,77.1187,77.1188,0.8995491686156034,0.023583205510290965,0.668872301763962
liu_long_baseline,MX2,425,13,8,0.3687285223367698,0.3783305725473958,64.4701,5.8948,1.4585,57.1168,57.1168,0.885942475659259,0.022622890301085306,0.5029979316807065
liu_long_tight,200,425,22,9,1.0,1.0,162.2813,9.2381,0.8087,152.2344,152.2345,0.938090217418766,0.0049833221695907036,1.2517243081555804
liu_long_tight,250,425,19,9,0.6683848797250859,0.6720142507470891,107.9699,4.9201,1.0988,101.9509,101.951,0.9442539078020818,0.01017691041669947,0.8328042009715673
liu_long_tight,270,425,18,9,0.6360824742268041,0.6392533916992363,105.2858,6.1263,2.1338,97.0257,97.0258,0.9215468752671301,0.02026674062409176,0.8121009331550018
liu_long_tight,300,425,16,9,0.44329896907216493,0.4463517838970118,72.4169,3.7215,1.1863,67.5091,67.5091,0.9322285267665421,0.016381535249368587,0.5585732555215657
liu_long_tight,325,425,15,9,0.40034364261168387,0.40300556705675394,66.3728,4.0071,1.4107,60.955,60.955,0.9183731890171876,0.02125418846274377,0.5119533005980894
liu_long_tight,380,425,12,9,0.19759450171821305,0.19960141500387807,33.205,2.1461,0.9526,30.1063,30.1063,0.9066797169101036,0.028688450534558037,0.2561201176741008
liu_long_tight,MX1,425,17,9,0.5120274914089347,0.5221538931231902,85.4882,5.313,1.0876,79.0876,79.0876,0.9251288481919141,0.01272222365191921,0.6593961103372101
liu_long_tight,MX2,425,15,9,0.3945017182130584,0.4066891589197565,68.1286,5.3978,1.2991,61.4317,61.4317,0.9017020751930906,0.019068350149570076,0.5254963122713971
